date,product_id,units_sold,promo_flag,price
2024-10-07,P001,121,0,36.4
2024-10-07,P002,103,0,32.5
2024-10-07,P003,39,0,546.0
2024-10-07,P004,57,0,182.0
2024-10-07,P005,65,0,54.6
2024-10-07,P006,30,0,143.0
2024-10-07,P007,39,0,97.5
2024-10-07,P008,86,0,15.6
2024-10-07,P009,101,0,26.0
2024-10-07,P010,22,0,234.0
2024-10-07,P011,20,0,338.0
2024-10-07,P012,62,0,91.0
2024-10-07,P013,21,0,247.0
2024-10-07,P014,23,0,195.0
2024-10-07,P015,82,0,18.2
2024-10-08,P001,126,0,36.4
2024-10-08,P002,92,0,32.5
2024-10-08,P003,40,0,546.0
2024-10-08,P004,65,0,182.0
2024-10-08,P005,58,0,54.6
2024-10-08,P006,33,0,143.0
2024-10-08,P007,59,0,97.5
2024-10-08,P008,98,0,15.6
2024-10-08,P009,104,0,26.0
2024-10-08,P010,31,0,234.0
2024-10-08,P011,25,0,338.0
2024-10-08,P012,78,0,91.0
2024-10-08,P013,25,0,247.0
2024-10-08,P014,24,0,195.0
2024-10-08,P015,77,0,18.2
2024-10-09,P001,125,0,36.4
2024-10-09,P002,100,0,32.5
2024-10-09,P003,53,0,546.0
2024-10-09,P004,60,0,182.0
2024-10-09,P005,60,0,54.6
2024-10-09,P006,22,0,143.0
2024-10-09,P007,36,0,97.5
2024-10-09,P008,112,0,15.6
2024-10-09,P009,109,0,26.0
2024-10-09,P010,39,0,234.0
2024-10-09,P011,30,0,338.0
2024-10-09,P012,63,0,91.0
2024-10-09,P013,24,0,247.0
2024-10-09,P014,21,0,195.0
2024-10-09,P015,77,0,18.2
2024-10-10,P001,107,0,36.4
2024-10-10,P002,105,0,32.5
2024-10-10,P003,42,0,546.0
2024-10-10,P004,50,0,182.0
2024-10-10,P005,65,0,54.6
2024-10-10,P006,26,0,143.0
2024-10-10,P007,64,0,97.5
2024-10-10,P008,107,0,15.6
2024-10-10,P009,120,0,26.0
2024-10-10,P010,39,0,234.0
2024-10-10,P011,35,0,338.0
2024-10-10,P012,84,0,91.0
2024-10-10,P013,25,0,247.0
2024-10-10,P014,20,0,195.0
2024-10-10,P015,77,0,18.2
2024-10-11,P001,138,0,36.4
2024-10-11,P002,108,0,32.5
2024-10-11,P003,60,0,546.0
2024-10-11,P004,72,0,182.0
2024-10-11,P005,76,0,54.6
2024-10-11,P006,46,0,143.0
2024-10-11,P007,74,0,97.5
2024-10-11,P008,120,0,15.6
2024-10-11,P009,126,0,26.0
2024-10-11,P010,50,0,234.0
2024-10-11,P011,57,0,338.0
2024-10-11,P012,97,0,91.0
2024-10-11,P013,32,0,247.0
2024-10-11,P014,22,0,195.0
2024-10-11,P015,119,0,18.2
2024-10-12,P001,168,0,36.4
2024-10-12,P002,113,0,32.5
2024-10-12,P003,63,0,546.0
2024-10-12,P004,90,0,182.0
2024-10-12,P005,97,0,54.6
2024-10-12,P006,52,0,143.0
2024-10-12,P007,58,0,97.5
2024-10-12,P008,132,0,15.6
2024-10-12,P009,135,0,26.0
2024-10-12,P010,63,0,234.0
2024-10-12,P011,42,0,338.0
2024-10-12,P012,100,0,91.0
2024-10-12,P013,34,0,247.0
2024-10-12,P014,21,0,195.0
2024-10-12,P015,115,0,18.2
2024-10-13,P001,144,0,36.4
2024-10-13,P002,116,0,32.5
2024-10-13,P003,54,0,546.0
2024-10-13,P004,64,0,182.0
2024-10-13,P005,83,0,54.6
2024-10-13,P006,33,0,143.0
2024-10-13,P007,65,0,97.5
2024-10-13,P008,117,0,15.6
2024-10-13,P009,113,0,26.0
2024-10-13,P010,44,0,234.0
2024-10-13,P011,39,0,338.0
2024-10-13,P012,83,0,91.0
2024-10-13,P013,22,0,247.0
2024-10-13,P014,21,0,195.0
2024-10-13,P015,100,0,18.2
2024-10-14,P001,112,0,36.4
2024-10-14,P002,90,0,32.5
2024-10-14,P003,31,0,546.0
2024-10-14,P004,43,0,182.0
2024-10-14,P005,67,0,54.6
2024-10-14,P006,27,0,143.0
2024-10-14,P007,41,0,97.5
2024-10-14,P008,103,0,15.6
2024-10-14,P009,108,0,26.0
2024-10-14,P010,26,0,234.0
2024-10-14,P011,25,0,338.0
2024-10-14,P012,63,0,91.0
2024-10-14,P013,19,0,247.0
2024-10-14,P014,17,0,195.0
2024-10-14,P015,109,1,15.47
2024-10-15,P001,122,0,36.4
2024-10-15,P002,82,0,32.5
2024-10-15,P003,38,0,546.0
2024-10-15,P004,43,0,182.0
2024-10-15,P005,41,0,54.6
2024-10-15,P006,37,0,143.0
2024-10-15,P007,36,0,97.5
2024-10-15,P008,98,0,15.6
2024-10-15,P009,92,0,26.0
2024-10-15,P010,23,0,234.0
2024-10-15,P011,20,0,338.0
2024-10-15,P012,68,0,91.0
2024-10-15,P013,19,0,247.0
2024-10-15,P014,20,0,195.0
2024-10-15,P015,117,1,15.47
2024-10-16,P001,122,0,36.4
2024-10-16,P002,89,0,32.5
2024-10-16,P003,45,0,546.0
2024-10-16,P004,39,0,182.0
2024-10-16,P005,61,0,54.6
2024-10-16,P006,32,0,143.0
2024-10-16,P007,48,0,97.5
2024-10-16,P008,95,0,15.6
2024-10-16,P009,93,0,26.0
2024-10-16,P010,34,0,234.0
2024-10-16,P011,18,0,338.0
2024-10-16,P012,103,1,77.35
2024-10-16,P013,23,0,247.0
2024-10-16,P014,21,0,195.0
2024-10-16,P015,109,1,15.47
2024-10-17,P001,127,0,36.4
2024-10-17,P002,101,0,32.5
2024-10-17,P003,31,0,546.0
2024-10-17,P004,53,0,182.0
2024-10-17,P005,60,0,54.6
2024-10-17,P006,39,0,143.0
2024-10-17,P007,46,0,97.5
2024-10-17,P008,96,0,15.6
2024-10-17,P009,96,0,26.0
2024-10-17,P010,30,0,234.0
2024-10-17,P011,23,0,338.0
2024-10-17,P012,117,1,77.35
2024-10-17,P013,23,0,247.0
2024-10-17,P014,19,0,195.0
2024-10-17,P015,104,1,15.47
2024-10-18,P001,135,0,36.4
2024-10-18,P002,97,0,32.5
2024-10-18,P003,50,0,546.0
2024-10-18,P004,60,0,182.0
2024-10-18,P005,65,0,54.6
2024-10-18,P006,31,0,143.0
2024-10-18,P007,66,0,97.5
2024-10-18,P008,120,0,15.6
2024-10-18,P009,101,0,26.0
2024-10-18,P010,38,0,234.0
2024-10-18,P011,21,0,338.0
2024-10-18,P012,118,1,77.35
2024-10-18,P013,47,1,209.95
2024-10-18,P014,23,0,195.0
2024-10-18,P015,142,1,15.47
2024-10-19,P001,140,0,36.4
2024-10-19,P002,132,0,32.5
2024-10-19,P003,49,0,546.0
2024-10-19,P004,68,0,182.0
2024-10-19,P005,83,0,54.6
2024-10-19,P006,37,0,143.0
2024-10-19,P007,51,0,97.5
2024-10-19,P008,135,0,15.6
2024-10-19,P009,132,0,26.0
2024-10-19,P010,42,0,234.0
2024-10-19,P011,35,0,338.0
2024-10-19,P012,159,1,77.35
2024-10-19,P013,38,1,209.95
2024-10-19,P014,25,0,195.0
2024-10-19,P015,129,0,18.2
2024-10-20,P001,136,0,36.4
2024-10-20,P002,101,0,32.5
2024-10-20,P003,46,0,546.0
2024-10-20,P004,60,0,182.0
2024-10-20,P005,73,0,54.6
2024-10-20,P006,37,0,143.0
2024-10-20,P007,49,0,97.5
2024-10-20,P008,96,0,15.6
2024-10-20,P009,105,0,26.0
2024-10-20,P010,37,0,234.0
2024-10-20,P011,27,0,338.0
2024-10-20,P012,124,1,77.35
2024-10-20,P013,43,1,209.95
2024-10-20,P014,18,0,195.0
2024-10-20,P015,94,0,18.2
2024-10-21,P001,110,0,36.4
2024-10-21,P002,75,0,32.5
2024-10-21,P003,41,0,546.0
2024-10-21,P004,40,0,182.0
2024-10-21,P005,45,0,54.6
2024-10-21,P006,27,0,143.0
2024-10-21,P007,44,0,97.5
2024-10-21,P008,104,0,15.6
2024-10-21,P009,89,0,26.0
2024-10-21,P010,31,0,234.0
2024-10-21,P011,25,0,338.0
2024-10-21,P012,79,0,91.0
2024-10-21,P013,34,1,209.95
2024-10-21,P014,21,0,195.0
2024-10-21,P015,85,0,18.2
2024-10-22,P001,98,0,36.4
2024-10-22,P002,71,0,32.5
2024-10-22,P003,37,0,546.0
2024-10-22,P004,40,0,182.0
2024-10-22,P005,61,0,54.6
2024-10-22,P006,32,0,143.0
2024-10-22,P007,44,0,97.5
2024-10-22,P008,91,0,15.6
2024-10-22,P009,107,0,26.0
2024-10-22,P010,35,0,234.0
2024-10-22,P011,26,0,338.0
2024-10-22,P012,79,0,91.0
2024-10-22,P013,31,1,209.95
2024-10-22,P014,20,0,195.0
2024-10-22,P015,88,0,18.2
2024-10-23,P001,105,0,36.4
2024-10-23,P002,73,0,32.5
2024-10-23,P003,41,0,546.0
2024-10-23,P004,52,0,182.0
2024-10-23,P005,52,0,54.6
2024-10-23,P006,26,0,143.0
2024-10-23,P007,55,0,97.5
2024-10-23,P008,82,0,15.6
2024-10-23,P009,96,0,26.0
2024-10-23,P010,30,0,234.0
2024-10-23,P011,14,0,338.0
2024-10-23,P012,72,0,91.0
2024-10-23,P013,23,0,247.0
2024-10-23,P014,22,0,195.0
2024-10-23,P015,91,0,18.2
2024-10-24,P001,116,0,36.4
2024-10-24,P002,91,0,32.5
2024-10-24,P003,50,0,546.0
2024-10-24,P004,45,0,182.0
2024-10-24,P005,56,0,54.6
2024-10-24,P006,39,0,143.0
2024-10-24,P007,57,0,97.5
2024-10-24,P008,112,0,15.6
2024-10-24,P009,87,0,26.0
2024-10-24,P010,30,0,234.0
2024-10-24,P011,23,0,338.0
2024-10-24,P012,75,0,91.0
2024-10-24,P013,24,0,247.0
2024-10-24,P014,19,0,195.0
2024-10-24,P015,88,0,18.2
2024-10-25,P001,144,0,36.4
2024-10-25,P002,106,0,32.5
2024-10-25,P003,48,0,546.0
2024-10-25,P004,55,0,182.0
2024-10-25,P005,65,0,54.6
2024-10-25,P006,46,0,143.0
2024-10-25,P007,49,0,97.5
2024-10-25,P008,116,0,15.6
2024-10-25,P009,123,0,26.0
2024-10-25,P010,38,0,234.0
2024-10-25,P011,23,0,338.0
2024-10-25,P012,79,0,91.0
2024-10-25,P013,30,0,247.0
2024-10-25,P014,19,0,195.0
2024-10-25,P015,96,0,18.2
2024-10-26,P001,169,0,36.4
2024-10-26,P002,121,0,32.5
2024-10-26,P003,53,0,546.0
2024-10-26,P004,69,0,182.0
2024-10-26,P005,80,0,54.6
2024-10-26,P006,39,0,143.0
2024-10-26,P007,55,0,97.5
2024-10-26,P008,131,0,15.6
2024-10-26,P009,136,0,26.0
2024-10-26,P010,36,0,234.0
2024-10-26,P011,27,0,338.0
2024-10-26,P012,109,0,91.0
2024-10-26,P013,38,0,247.0
2024-10-26,P014,20,0,195.0
2024-10-26,P015,93,0,18.2
2024-10-27,P001,143,0,36.4
2024-10-27,P002,117,0,32.5
2024-10-27,P003,52,0,546.0
2024-10-27,P004,77,0,182.0
2024-10-27,P005,66,0,54.6
2024-10-27,P006,44,0,143.0
2024-10-27,P007,65,0,97.5
2024-10-27,P008,117,0,15.6
2024-10-27,P009,126,0,26.0
2024-10-27,P010,40,0,234.0
2024-10-27,P011,36,0,338.0
2024-10-27,P012,83,0,91.0
2024-10-27,P013,38,0,247.0
2024-10-27,P014,24,0,195.0
2024-10-27,P015,103,0,18.2
2024-10-28,P001,122,0,36.4
2024-10-28,P002,83,0,32.5
2024-10-28,P003,32,0,546.0
2024-10-28,P004,50,0,182.0
2024-10-28,P005,66,0,54.6
2024-10-28,P006,40,0,143.0
2024-10-28,P007,49,0,97.5
2024-10-28,P008,103,0,15.6
2024-10-28,P009,101,0,26.0
2024-10-28,P010,37,0,234.0
2024-10-28,P011,35,0,338.0
2024-10-28,P012,77,0,91.0
2024-10-28,P013,24,0,247.0
2024-10-28,P014,11,0,195.0
2024-10-28,P015,82,0,18.2
2024-10-29,P001,108,0,36.4
2024-10-29,P002,79,0,32.5
2024-10-29,P003,43,0,546.0
2024-10-29,P004,59,0,182.0
2024-10-29,P005,72,0,54.6
2024-10-29,P006,40,0,143.0
2024-10-29,P007,44,0,97.5
2024-10-29,P008,93,0,15.6
2024-10-29,P009,111,0,26.0
2024-10-29,P010,43,0,234.0
2024-10-29,P011,42,0,338.0
2024-10-29,P012,71,0,91.0
2024-10-29,P013,17,0,247.0
2024-10-29,P014,11,0,195.0
2024-10-29,P015,88,0,18.2
2024-10-30,P001,134,0,36.4
2024-10-30,P002,86,0,32.5
2024-10-30,P003,36,0,546.0
2024-10-30,P004,55,0,182.0
2024-10-30,P005,83,0,54.6
2024-10-30,P006,37,0,143.0
2024-10-30,P007,53,0,97.5
2024-10-30,P008,96,0,15.6
2024-10-30,P009,129,0,26.0
2024-10-30,P010,35,0,234.0
2024-10-30,P011,42,0,338.0
2024-10-30,P012,85,0,91.0
2024-10-30,P013,38,0,247.0
2024-10-30,P014,22,0,195.0
2024-10-30,P015,89,0,18.2
2024-10-31,P001,137,0,36.4
2024-10-31,P002,90,0,32.5
2024-10-31,P003,57,0,546.0
2024-10-31,P004,66,0,182.0
2024-10-31,P005,84,0,54.6
2024-10-31,P006,31,0,143.0
2024-10-31,P007,53,0,97.5
2024-10-31,P008,82,0,15.6
2024-10-31,P009,134,0,26.0
2024-10-31,P010,58,0,234.0
2024-10-31,P011,45,0,338.0
2024-10-31,P012,93,0,91.0
2024-10-31,P013,19,0,247.0
2024-10-31,P014,23,0,195.0
2024-10-31,P015,102,0,18.2
2024-11-01,P001,149,0,36.4
2024-11-01,P002,108,0,32.5
2024-11-01,P003,40,0,546.0
2024-11-01,P004,81,0,182.0
2024-11-01,P005,106,0,54.6
2024-11-01,P006,40,0,143.0
2024-11-01,P007,72,0,97.5
2024-11-01,P008,123,0,15.6
2024-11-01,P009,124,0,26.0
2024-11-01,P010,69,0,234.0
2024-11-01,P011,51,0,338.0
2024-11-01,P012,108,0,91.0
2024-11-01,P013,29,0,247.0
2024-11-01,P014,20,0,195.0
2024-11-01,P015,125,0,18.2
2024-11-02,P001,148,0,36.4
2024-11-02,P002,136,0,32.5
2024-11-02,P003,58,0,546.0
2024-11-02,P004,82,0,182.0
2024-11-02,P005,102,0,54.6
2024-11-02,P006,47,0,143.0
2024-11-02,P007,72,0,97.5
2024-11-02,P008,133,0,15.6
2024-11-02,P009,139,0,26.0
2024-11-02,P010,43,0,234.0
2024-11-02,P011,58,0,338.0
2024-11-02,P012,116,0,91.0
2024-11-02,P013,34,0,247.0
2024-11-02,P014,24,0,195.0
2024-11-02,P015,109,0,18.2
2024-11-03,P001,150,0,36.4
2024-11-03,P002,116,0,32.5
2024-11-03,P003,52,0,546.0
2024-11-03,P004,54,0,182.0
2024-11-03,P005,66,0,54.6
2024-11-03,P006,49,0,143.0
2024-11-03,P007,47,0,97.5
2024-11-03,P008,107,0,15.6
2024-11-03,P009,116,0,26.0
2024-11-03,P010,28,0,234.0
2024-11-03,P011,26,0,338.0
2024-11-03,P012,89,0,91.0
2024-11-03,P013,30,0,247.0
2024-11-03,P014,17,0,195.0
2024-11-03,P015,98,0,18.2
2024-11-04,P001,114,0,36.4
2024-11-04,P002,76,0,32.5
2024-11-04,P003,32,0,546.0
2024-11-04,P004,51,0,182.0
2024-11-04,P005,52,0,54.6
2024-11-04,P006,35,0,143.0
2024-11-04,P007,47,0,97.5
2024-11-04,P008,86,0,15.6
2024-11-04,P009,89,0,26.0
2024-11-04,P010,29,0,234.0
2024-11-04,P011,19,0,338.0
2024-11-04,P012,88,0,91.0
2024-11-04,P013,37,1,209.95
2024-11-04,P014,28,0,195.0
2024-11-04,P015,90,0,18.2
2024-11-05,P001,117,0,36.4
2024-11-05,P002,99,0,32.5
2024-11-05,P003,30,0,546.0
2024-11-05,P004,46,0,182.0
2024-11-05,P005,58,0,54.6
2024-11-05,P006,40,0,143.0
2024-11-05,P007,41,0,97.5
2024-11-05,P008,87,0,15.6
2024-11-05,P009,98,0,26.0
2024-11-05,P010,29,0,234.0
2024-11-05,P011,16,0,338.0
2024-11-05,P012,80,0,91.0
2024-11-05,P013,34,1,209.95
2024-11-05,P014,14,0,195.0
2024-11-05,P015,106,0,18.2
2024-11-06,P001,117,0,36.4
2024-11-06,P002,88,0,32.5
2024-11-06,P003,47,0,546.0
2024-11-06,P004,58,0,182.0
2024-11-06,P005,47,0,54.6
2024-11-06,P006,29,0,143.0
2024-11-06,P007,41,0,97.5
2024-11-06,P008,97,0,15.6
2024-11-06,P009,93,0,26.0
2024-11-06,P010,31,0,234.0
2024-11-06,P011,19,0,338.0
2024-11-06,P012,84,0,91.0
2024-11-06,P013,30,1,209.95
2024-11-06,P014,12,0,195.0
2024-11-06,P015,85,0,18.2
2024-11-07,P001,109,0,36.4
2024-11-07,P002,91,0,32.5
2024-11-07,P003,49,0,546.0
2024-11-07,P004,57,0,182.0
2024-11-07,P005,72,0,54.6
2024-11-07,P006,38,0,143.0
2024-11-07,P007,35,0,97.5
2024-11-07,P008,93,0,15.6
2024-11-07,P009,98,0,26.0
2024-11-07,P010,33,0,234.0
2024-11-07,P011,21,0,338.0
2024-11-07,P012,82,0,91.0
2024-11-07,P013,47,1,209.95
2024-11-07,P014,14,0,195.0
2024-11-07,P015,83,0,18.2
2024-11-08,P001,210,1,30.94
2024-11-08,P002,107,0,32.5
2024-11-08,P003,42,0,546.0
2024-11-08,P004,61,0,182.0
2024-11-08,P005,75,0,54.6
2024-11-08,P006,46,0,143.0
2024-11-08,P007,53,0,97.5
2024-11-08,P008,83,0,15.6
2024-11-08,P009,120,0,26.0
2024-11-08,P010,30,0,234.0
2024-11-08,P011,18,0,338.0
2024-11-08,P012,118,1,77.35
2024-11-08,P013,40,1,209.95
2024-11-08,P014,34,0,195.0
2024-11-08,P015,103,0,18.2
2024-11-09,P001,189,1,30.94
2024-11-09,P002,104,0,32.5
2024-11-09,P003,42,0,546.0
2024-11-09,P004,76,0,182.0
2024-11-09,P005,90,0,54.6
2024-11-09,P006,55,0,143.0
2024-11-09,P007,65,0,97.5
2024-11-09,P008,189,1,13.26
2024-11-09,P009,146,0,26.0
2024-11-09,P010,43,0,234.0
2024-11-09,P011,21,0,338.0
2024-11-09,P012,163,1,77.35
2024-11-09,P013,24,0,247.0
2024-11-09,P014,21,0,195.0
2024-11-09,P015,102,0,18.2
2024-11-10,P001,193,1,30.94
2024-11-10,P002,114,0,32.5
2024-11-10,P003,57,0,546.0
2024-11-10,P004,57,0,182.0
2024-11-10,P005,75,0,54.6
2024-11-10,P006,49,0,143.0
2024-11-10,P007,46,0,97.5
2024-11-10,P008,149,1,13.26
2024-11-10,P009,99,0,26.0
2024-11-10,P010,37,0,234.0
2024-11-10,P011,21,0,338.0
2024-11-10,P012,140,1,77.35
2024-11-10,P013,30,0,247.0
2024-11-10,P014,23,0,195.0
2024-11-10,P015,100,0,18.2
2024-11-11,P001,160,1,30.94
2024-11-11,P002,68,0,32.5
2024-11-11,P003,35,0,546.0
2024-11-11,P004,49,0,182.0
2024-11-11,P005,67,0,54.6
2024-11-11,P006,28,0,143.0
2024-11-11,P007,46,0,97.5
2024-11-11,P008,131,1,13.26
2024-11-11,P009,89,0,26.0
2024-11-11,P010,24,0,234.0
2024-11-11,P011,19,0,338.0
2024-11-11,P012,126,1,77.35
2024-11-11,P013,30,0,247.0
2024-11-11,P014,25,0,195.0
2024-11-11,P015,85,0,18.2
2024-11-12,P001,164,1,30.94
2024-11-12,P002,82,0,32.5
2024-11-12,P003,34,0,546.0
2024-11-12,P004,48,0,182.0
2024-11-12,P005,64,0,54.6
2024-11-12,P006,31,0,143.0
2024-11-12,P007,40,0,97.5
2024-11-12,P008,147,1,13.26
2024-11-12,P009,102,0,26.0
2024-11-12,P010,23,0,234.0
2024-11-12,P011,10,0,338.0
2024-11-12,P012,103,1,77.35
2024-11-12,P013,22,0,247.0
2024-11-12,P014,25,0,195.0
2024-11-12,P015,77,0,18.2
2024-11-13,P001,127,0,36.4
2024-11-13,P002,79,0,32.5
2024-11-13,P003,38,0,546.0
2024-11-13,P004,65,0,182.0
2024-11-13,P005,55,0,54.6
2024-11-13,P006,34,0,143.0
2024-11-13,P007,40,0,97.5
2024-11-13,P008,127,1,13.26
2024-11-13,P009,101,0,26.0
2024-11-13,P010,22,0,234.0
2024-11-13,P011,21,0,338.0
2024-11-13,P012,95,0,91.0
2024-11-13,P013,28,0,247.0
2024-11-13,P014,17,0,195.0
2024-11-13,P015,90,0,18.2
2024-11-14,P001,127,0,36.4
2024-11-14,P002,97,0,32.5
2024-11-14,P003,42,0,546.0
2024-11-14,P004,52,0,182.0
2024-11-14,P005,56,0,54.6
2024-11-14,P006,39,0,143.0
2024-11-14,P007,58,0,97.5
2024-11-14,P008,117,0,15.6
2024-11-14,P009,97,0,26.0
2024-11-14,P010,30,0,234.0
2024-11-14,P011,24,0,338.0
2024-11-14,P012,68,0,91.0
2024-11-14,P013,25,0,247.0
2024-11-14,P014,17,0,195.0
2024-11-14,P015,95,0,18.2
2024-11-15,P001,125,0,36.4
2024-11-15,P002,158,1,27.62
2024-11-15,P003,50,0,546.0
2024-11-15,P004,65,0,182.0
2024-11-15,P005,57,0,54.6
2024-11-15,P006,39,0,143.0
2024-11-15,P007,44,0,97.5
2024-11-15,P008,112,0,15.6
2024-11-15,P009,122,0,26.0
2024-11-15,P010,36,0,234.0
2024-11-15,P011,21,0,338.0
2024-11-15,P012,99,0,91.0
2024-11-15,P013,24,0,247.0
2024-11-15,P014,27,0,195.0
2024-11-15,P015,145,1,15.47
2024-11-16,P001,143,0,36.4
2024-11-16,P002,176,1,27.62
2024-11-16,P003,64,0,546.0
2024-11-16,P004,63,0,182.0
2024-11-16,P005,81,0,54.6
2024-11-16,P006,48,0,143.0
2024-11-16,P007,68,0,97.5
2024-11-16,P008,124,0,15.6
2024-11-16,P009,145,0,26.0
2024-11-16,P010,54,0,234.0
2024-11-16,P011,27,0,338.0
2024-11-16,P012,113,0,91.0
2024-11-16,P013,26,0,247.0
2024-11-16,P014,22,0,195.0
2024-11-16,P015,174,1,15.47
2024-11-17,P001,143,0,36.4
2024-11-17,P002,152,1,27.62
2024-11-17,P003,57,0,546.0
2024-11-17,P004,86,0,182.0
2024-11-17,P005,75,0,54.6
2024-11-17,P006,47,0,143.0
2024-11-17,P007,54,0,97.5
2024-11-17,P008,134,0,15.6
2024-11-17,P009,123,0,26.0
2024-11-17,P010,30,0,234.0
2024-11-17,P011,22,0,338.0
2024-11-17,P012,91,0,91.0
2024-11-17,P013,28,0,247.0
2024-11-17,P014,18,0,195.0
2024-11-17,P015,156,1,15.47
2024-11-18,P001,107,0,36.4
2024-11-18,P002,139,1,27.62
2024-11-18,P003,45,0,546.0
2024-11-18,P004,45,0,182.0
2024-11-18,P005,50,0,54.6
2024-11-18,P006,39,0,143.0
2024-11-18,P007,37,0,97.5
2024-11-18,P008,94,0,15.6
2024-11-18,P009,102,0,26.0
2024-11-18,P010,36,0,234.0
2024-11-18,P011,28,0,338.0
2024-11-18,P012,73,0,91.0
2024-11-18,P013,31,0,247.0
2024-11-18,P014,16,0,195.0
2024-11-18,P015,98,1,15.47
2024-11-19,P001,109,0,36.4
2024-11-19,P002,120,1,27.62
2024-11-19,P003,43,0,546.0
2024-11-19,P004,59,0,182.0
2024-11-19,P005,48,0,54.6
2024-11-19,P006,39,0,143.0
2024-11-19,P007,41,0,97.5
2024-11-19,P008,80,0,15.6
2024-11-19,P009,106,0,26.0
2024-11-19,P010,25,0,234.0
2024-11-19,P011,16,0,338.0
2024-11-19,P012,71,0,91.0
2024-11-19,P013,29,0,247.0
2024-11-19,P014,18,0,195.0
2024-11-19,P015,121,1,15.47
2024-11-20,P001,133,0,36.4
2024-11-20,P002,94,0,32.5
2024-11-20,P003,35,0,546.0
2024-11-20,P004,49,0,182.0
2024-11-20,P005,47,0,54.6
2024-11-20,P006,36,0,143.0
2024-11-20,P007,53,0,97.5
2024-11-20,P008,95,0,15.6
2024-11-20,P009,102,0,26.0
2024-11-20,P010,28,0,234.0
2024-11-20,P011,23,0,338.0
2024-11-20,P012,84,0,91.0
2024-11-20,P013,22,0,247.0
2024-11-20,P014,23,0,195.0
2024-11-20,P015,75,0,18.2
2024-11-21,P001,130,0,36.4
2024-11-21,P002,90,0,32.5
2024-11-21,P003,37,0,546.0
2024-11-21,P004,51,0,182.0
2024-11-21,P005,64,0,54.6
2024-11-21,P006,46,0,143.0
2024-11-21,P007,70,1,82.88
2024-11-21,P008,84,0,15.6
2024-11-21,P009,108,0,26.0
2024-11-21,P010,34,0,234.0
2024-11-21,P011,22,0,338.0
2024-11-21,P012,80,0,91.0
2024-11-21,P013,29,0,247.0
2024-11-21,P014,24,1,165.75
2024-11-21,P015,82,0,18.2
2024-11-22,P001,137,0,36.4
2024-11-22,P002,122,0,32.5
2024-11-22,P003,53,0,546.0
2024-11-22,P004,74,0,182.0
2024-11-22,P005,56,0,54.6
2024-11-22,P006,46,0,143.0
2024-11-22,P007,74,1,82.88
2024-11-22,P008,96,0,15.6
2024-11-22,P009,182,1,22.1
2024-11-22,P010,37,0,234.0
2024-11-22,P011,28,0,338.0
2024-11-22,P012,109,0,91.0
2024-11-22,P013,33,0,247.0
2024-11-22,P014,30,1,165.75
2024-11-22,P015,140,1,15.47
2024-11-23,P001,156,0,36.4
2024-11-23,P002,117,0,32.5
2024-11-23,P003,58,0,546.0
2024-11-23,P004,79,0,182.0
2024-11-23,P005,76,0,54.6
2024-11-23,P006,69,0,143.0
2024-11-23,P007,104,1,82.88
2024-11-23,P008,139,0,15.6
2024-11-23,P009,211,1,22.1
2024-11-23,P010,44,0,234.0
2024-11-23,P011,39,0,338.0
2024-11-23,P012,97,0,91.0
2024-11-23,P013,34,0,247.0
2024-11-23,P014,31,1,165.75
2024-11-23,P015,157,1,15.47
2024-11-24,P001,138,0,36.4
2024-11-24,P002,107,0,32.5
2024-11-24,P003,54,0,546.0
2024-11-24,P004,61,0,182.0
2024-11-24,P005,73,0,54.6
2024-11-24,P006,52,0,143.0
2024-11-24,P007,75,1,82.88
2024-11-24,P008,119,0,15.6
2024-11-24,P009,211,1,22.1
2024-11-24,P010,35,0,234.0
2024-11-24,P011,26,0,338.0
2024-11-24,P012,92,0,91.0
2024-11-24,P013,37,0,247.0
2024-11-24,P014,27,1,165.75
2024-11-24,P015,148,1,15.47
2024-11-25,P001,102,0,36.4
2024-11-25,P002,77,0,32.5
2024-11-25,P003,36,0,546.0
2024-11-25,P004,53,0,182.0
2024-11-25,P005,54,0,54.6
2024-11-25,P006,39,0,143.0
2024-11-25,P007,70,1,82.88
2024-11-25,P008,84,0,15.6
2024-11-25,P009,161,1,22.1
2024-11-25,P010,26,0,234.0
2024-11-25,P011,13,0,338.0
2024-11-25,P012,71,0,91.0
2024-11-25,P013,31,0,247.0
2024-11-25,P014,25,1,165.75
2024-11-25,P015,113,1,15.47
2024-11-26,P001,122,0,36.4
2024-11-26,P002,93,0,32.5
2024-11-26,P003,48,0,546.0
2024-11-26,P004,57,0,182.0
2024-11-26,P005,47,0,54.6
2024-11-26,P006,34,0,143.0
2024-11-26,P007,43,0,97.5
2024-11-26,P008,94,0,15.6
2024-11-26,P009,161,1,22.1
2024-11-26,P010,35,0,234.0
2024-11-26,P011,23,0,338.0
2024-11-26,P012,56,0,91.0
2024-11-26,P013,23,0,247.0
2024-11-26,P014,20,0,195.0
2024-11-26,P015,107,1,15.47
2024-11-27,P001,114,0,36.4
2024-11-27,P002,77,0,32.5
2024-11-27,P003,37,0,546.0
2024-11-27,P004,46,0,182.0
2024-11-27,P005,68,0,54.6
2024-11-27,P006,35,0,143.0
2024-11-27,P007,47,0,97.5
2024-11-27,P008,108,0,15.6
2024-11-27,P009,89,0,26.0
2024-11-27,P010,29,0,234.0
2024-11-27,P011,31,0,338.0
2024-11-27,P012,84,0,91.0
2024-11-27,P013,22,0,247.0
2024-11-27,P014,13,0,195.0
2024-11-27,P015,76,0,18.2
2024-11-28,P001,123,0,36.4
2024-11-28,P002,85,0,32.5
2024-11-28,P003,46,0,546.0
2024-11-28,P004,53,0,182.0
2024-11-28,P005,62,0,54.6
2024-11-28,P006,40,0,143.0
2024-11-28,P007,47,0,97.5
2024-11-28,P008,85,0,15.6
2024-11-28,P009,108,0,26.0
2024-11-28,P010,32,0,234.0
2024-11-28,P011,22,0,338.0
2024-11-28,P012,86,0,91.0
2024-11-28,P013,18,0,247.0
2024-11-28,P014,14,0,195.0
2024-11-28,P015,84,0,18.2
2024-11-29,P001,120,0,36.4
2024-11-29,P002,102,0,32.5
2024-11-29,P003,53,0,546.0
2024-11-29,P004,85,1,154.7
2024-11-29,P005,60,0,54.6
2024-11-29,P006,45,0,143.0
2024-11-29,P007,51,0,97.5
2024-11-29,P008,116,0,15.6
2024-11-29,P009,136,0,26.0
2024-11-29,P010,37,0,234.0
2024-11-29,P011,23,0,338.0
2024-11-29,P012,95,0,91.0
2024-11-29,P013,29,0,247.0
2024-11-29,P014,36,0,195.0
2024-11-29,P015,101,0,18.2
2024-11-30,P001,127,0,36.4
2024-11-30,P002,110,0,32.5
2024-11-30,P003,60,0,546.0
2024-11-30,P004,97,1,154.7
2024-11-30,P005,73,0,54.6
2024-11-30,P006,43,0,143.0
2024-11-30,P007,53,0,97.5
2024-11-30,P008,139,0,15.6
2024-11-30,P009,147,0,26.0
2024-11-30,P010,47,0,234.0
2024-11-30,P011,30,0,338.0
2024-11-30,P012,130,0,91.0
2024-11-30,P013,37,0,247.0
2024-11-30,P014,23,0,195.0
2024-11-30,P015,99,0,18.2
2024-12-01,P001,140,0,36.4
2024-12-01,P002,109,0,32.5
2024-12-01,P003,64,0,546.0
2024-12-01,P004,91,1,154.7
2024-12-01,P005,70,0,54.6
2024-12-01,P006,40,0,143.0
2024-12-01,P007,59,0,97.5
2024-12-01,P008,115,0,15.6
2024-12-01,P009,119,0,26.0
2024-12-01,P010,31,0,234.0
2024-12-01,P011,25,0,338.0
2024-12-01,P012,102,0,91.0
2024-12-01,P013,36,0,247.0
2024-12-01,P014,21,0,195.0
2024-12-01,P015,79,0,18.2
2024-12-02,P001,98,0,36.4
2024-12-02,P002,77,0,32.5
2024-12-02,P003,34,0,546.0
2024-12-02,P004,59,1,154.7
2024-12-02,P005,55,0,54.6
2024-12-02,P006,29,0,143.0
2024-12-02,P007,49,0,97.5
2024-12-02,P008,90,0,15.6
2024-12-02,P009,87,0,26.0
2024-12-02,P010,31,0,234.0
2024-12-02,P011,18,0,338.0
2024-12-02,P012,74,0,91.0
2024-12-02,P013,26,0,247.0
2024-12-02,P014,21,0,195.0
2024-12-02,P015,98,0,18.2
2024-12-03,P001,117,0,36.4
2024-12-03,P002,78,0,32.5
2024-12-03,P003,38,0,546.0
2024-12-03,P004,84,1,154.7
2024-12-03,P005,61,0,54.6
2024-12-03,P006,43,0,143.0
2024-12-03,P007,39,0,97.5
2024-12-03,P008,77,0,15.6
2024-12-03,P009,105,0,26.0
2024-12-03,P010,37,0,234.0
2024-12-03,P011,14,0,338.0
2024-12-03,P012,82,0,91.0
2024-12-03,P013,25,0,247.0
2024-12-03,P014,18,0,195.0
2024-12-03,P015,68,0,18.2
2024-12-04,P001,120,0,36.4
2024-12-04,P002,91,0,32.5
2024-12-04,P003,51,0,546.0
2024-12-04,P004,44,0,182.0
2024-12-04,P005,54,0,54.6
2024-12-04,P006,52,0,143.0
2024-12-04,P007,48,0,97.5
2024-12-04,P008,91,0,15.6
2024-12-04,P009,86,0,26.0
2024-12-04,P010,25,0,234.0
2024-12-04,P011,27,0,338.0
2024-12-04,P012,83,0,91.0
2024-12-04,P013,19,0,247.0
2024-12-04,P014,12,0,195.0
2024-12-04,P015,84,0,18.2
2024-12-05,P001,148,0,36.4
2024-12-05,P002,108,0,32.5
2024-12-05,P003,32,0,546.0
2024-12-05,P004,57,0,182.0
2024-12-05,P005,68,0,54.6
2024-12-05,P006,48,0,143.0
2024-12-05,P007,44,0,97.5
2024-12-05,P008,100,0,15.6
2024-12-05,P009,103,0,26.0
2024-12-05,P010,36,0,234.0
2024-12-05,P011,21,0,338.0
2024-12-05,P012,83,0,91.0
2024-12-05,P013,26,0,247.0
2024-12-05,P014,16,0,195.0
2024-12-05,P015,88,0,18.2
2024-12-06,P001,150,0,36.4
2024-12-06,P002,106,0,32.5
2024-12-06,P003,40,0,546.0
2024-12-06,P004,62,0,182.0
2024-12-06,P005,78,0,54.6
2024-12-06,P006,44,0,143.0
2024-12-06,P007,43,0,97.5
2024-12-06,P008,103,0,15.6
2024-12-06,P009,127,0,26.0
2024-12-06,P010,37,0,234.0
2024-12-06,P011,24,0,338.0
2024-12-06,P012,99,0,91.0
2024-12-06,P013,36,0,247.0
2024-12-06,P014,18,0,195.0
2024-12-06,P015,103,0,18.2
2024-12-07,P001,158,0,36.4
2024-12-07,P002,113,0,32.5
2024-12-07,P003,56,0,546.0
2024-12-07,P004,80,0,182.0
2024-12-07,P005,88,0,54.6
2024-12-07,P006,56,0,143.0
2024-12-07,P007,53,0,97.5
2024-12-07,P008,121,0,15.6
2024-12-07,P009,145,0,26.0
2024-12-07,P010,33,0,234.0
2024-12-07,P011,30,0,338.0
2024-12-07,P012,104,0,91.0
2024-12-07,P013,38,0,247.0
2024-12-07,P014,21,0,195.0
2024-12-07,P015,115,0,18.2
2024-12-08,P001,170,0,36.4
2024-12-08,P002,126,0,32.5
2024-12-08,P003,51,0,546.0
2024-12-08,P004,60,0,182.0
2024-12-08,P005,76,0,54.6
2024-12-08,P006,58,0,143.0
2024-12-08,P007,51,0,97.5
2024-12-08,P008,125,0,15.6
2024-12-08,P009,129,0,26.0
2024-12-08,P010,43,0,234.0
2024-12-08,P011,29,0,338.0
2024-12-08,P012,99,0,91.0
2024-12-08,P013,30,0,247.0
2024-12-08,P014,19,0,195.0
2024-12-08,P015,94,0,18.2
2024-12-09,P001,113,0,36.4
2024-12-09,P002,79,0,32.5
2024-12-09,P003,40,0,546.0
2024-12-09,P004,49,0,182.0
2024-12-09,P005,63,0,54.6
2024-12-09,P006,26,0,143.0
2024-12-09,P007,36,0,97.5
2024-12-09,P008,77,0,15.6
2024-12-09,P009,97,0,26.0
2024-12-09,P010,33,0,234.0
2024-12-09,P011,19,0,338.0
2024-12-09,P012,68,0,91.0
2024-12-09,P013,18,0,247.0
2024-12-09,P014,16,0,195.0
2024-12-09,P015,84,0,18.2
2024-12-10,P001,109,0,36.4
2024-12-10,P002,87,0,32.5
2024-12-10,P003,36,0,546.0
2024-12-10,P004,57,0,182.0
2024-12-10,P005,71,1,46.41
2024-12-10,P006,28,0,143.0
2024-12-10,P007,37,0,97.5
2024-12-10,P008,78,0,15.6
2024-12-10,P009,92,0,26.0
2024-12-10,P010,31,0,234.0
2024-12-10,P011,13,0,338.0
2024-12-10,P012,72,0,91.0
2024-12-10,P013,24,0,247.0
2024-12-10,P014,25,0,195.0
2024-12-10,P015,101,0,18.2
2024-12-11,P001,115,0,36.4
2024-12-11,P002,88,0,32.5
2024-12-11,P003,36,0,546.0
2024-12-11,P004,62,0,182.0
2024-12-11,P005,81,1,46.41
2024-12-11,P006,37,0,143.0
2024-12-11,P007,41,0,97.5
2024-12-11,P008,103,0,15.6
2024-12-11,P009,91,0,26.0
2024-12-11,P010,22,0,234.0
2024-12-11,P011,13,0,338.0
2024-12-11,P012,94,0,91.0
2024-12-11,P013,29,0,247.0
2024-12-11,P014,21,0,195.0
2024-12-11,P015,75,0,18.2
2024-12-12,P001,107,0,36.4
2024-12-12,P002,88,0,32.5
2024-12-12,P003,42,0,546.0
2024-12-12,P004,52,0,182.0
2024-12-12,P005,95,1,46.41
2024-12-12,P006,43,0,143.0
2024-12-12,P007,62,0,97.5
2024-12-12,P008,98,0,15.6
2024-12-12,P009,93,0,26.0
2024-12-12,P010,42,0,234.0
2024-12-12,P011,18,0,338.0
2024-12-12,P012,81,0,91.0
2024-12-12,P013,15,0,247.0
2024-12-12,P014,28,0,195.0
2024-12-12,P015,82,0,18.2
2024-12-13,P001,123,0,36.4
2024-12-13,P002,100,0,32.5
2024-12-13,P003,46,0,546.0
2024-12-13,P004,74,0,182.0
2024-12-13,P005,103,1,46.41
2024-12-13,P006,40,0,143.0
2024-12-13,P007,54,0,97.5
2024-12-13,P008,100,0,15.6
2024-12-13,P009,119,0,26.0
2024-12-13,P010,25,0,234.0
2024-12-13,P011,25,0,338.0
2024-12-13,P012,97,0,91.0
2024-12-13,P013,36,0,247.0
2024-12-13,P014,18,0,195.0
2024-12-13,P015,93,0,18.2
2024-12-14,P001,151,0,36.4
2024-12-14,P002,105,0,32.5
2024-12-14,P003,57,0,546.0
2024-12-14,P004,68,0,182.0
2024-12-14,P005,111,1,46.41
2024-12-14,P006,46,0,143.0
2024-12-14,P007,50,0,97.5
2024-12-14,P008,143,0,15.6
2024-12-14,P009,138,0,26.0
2024-12-14,P010,39,0,234.0
2024-12-14,P011,31,0,338.0
2024-12-14,P012,130,0,91.0
2024-12-14,P013,37,0,247.0
2024-12-14,P014,30,0,195.0
2024-12-14,P015,117,0,18.2
2024-12-15,P001,155,0,36.4
2024-12-15,P002,122,0,32.5
2024-12-15,P003,59,0,546.0
2024-12-15,P004,73,0,182.0
2024-12-15,P005,66,0,54.6
2024-12-15,P006,41,0,143.0
2024-12-15,P007,57,0,97.5
2024-12-15,P008,109,0,15.6
2024-12-15,P009,138,0,26.0
2024-12-15,P010,45,0,234.0
2024-12-15,P011,30,0,338.0
2024-12-15,P012,100,0,91.0
2024-12-15,P013,41,0,247.0
2024-12-15,P014,22,0,195.0
2024-12-15,P015,110,0,18.2
2024-12-16,P001,99,0,36.4
2024-12-16,P002,78,0,32.5
2024-12-16,P003,41,0,546.0
2024-12-16,P004,56,0,182.0
2024-12-16,P005,54,0,54.6
2024-12-16,P006,44,0,143.0
2024-12-16,P007,49,0,97.5
2024-12-16,P008,113,0,15.6
2024-12-16,P009,105,0,26.0
2024-12-16,P010,47,0,234.0
2024-12-16,P011,20,0,338.0
2024-12-16,P012,56,0,91.0
2024-12-16,P013,24,0,247.0
2024-12-16,P014,17,0,195.0
2024-12-16,P015,75,0,18.2
2024-12-17,P001,105,0,36.4
2024-12-17,P002,87,0,32.5
2024-12-17,P003,40,0,546.0
2024-12-17,P004,64,0,182.0
2024-12-17,P005,59,0,54.6
2024-12-17,P006,45,0,143.0
2024-12-17,P007,54,0,97.5
2024-12-17,P008,110,0,15.6
2024-12-17,P009,92,0,26.0
2024-12-17,P010,30,0,234.0
2024-12-17,P011,20,0,338.0
2024-12-17,P012,83,0,91.0
2024-12-17,P013,22,0,247.0
2024-12-17,P014,20,0,195.0
2024-12-17,P015,81,0,18.2
2024-12-18,P001,119,0,36.4
2024-12-18,P002,83,0,32.5
2024-12-18,P003,41,0,546.0
2024-12-18,P004,57,0,182.0
2024-12-18,P005,53,0,54.6
2024-12-18,P006,38,0,143.0
2024-12-18,P007,34,0,97.5
2024-12-18,P008,98,0,15.6
2024-12-18,P009,142,1,22.1
2024-12-18,P010,26,0,234.0
2024-12-18,P011,20,0,338.0
2024-12-18,P012,69,0,91.0
2024-12-18,P013,19,0,247.0
2024-12-18,P014,19,0,195.0
2024-12-18,P015,85,0,18.2
2024-12-19,P001,133,0,36.4
2024-12-19,P002,95,0,32.5
2024-12-19,P003,47,0,546.0
2024-12-19,P004,57,0,182.0
2024-12-19,P005,64,0,54.6
2024-12-19,P006,33,0,143.0
2024-12-19,P007,54,0,97.5
2024-12-19,P008,94,0,15.6
2024-12-19,P009,158,1,22.1
2024-12-19,P010,32,0,234.0
2024-12-19,P011,18,0,338.0
2024-12-19,P012,82,0,91.0
2024-12-19,P013,32,0,247.0
2024-12-19,P014,25,0,195.0
2024-12-19,P015,94,0,18.2
2024-12-20,P001,137,0,36.4
2024-12-20,P002,87,0,32.5
2024-12-20,P003,56,0,546.0
2024-12-20,P004,65,0,182.0
2024-12-20,P005,72,0,54.6
2024-12-20,P006,50,0,143.0
2024-12-20,P007,59,0,97.5
2024-12-20,P008,143,0,15.6
2024-12-20,P009,192,1,22.1
2024-12-20,P010,38,0,234.0
2024-12-20,P011,31,0,338.0
2024-12-20,P012,93,0,91.0
2024-12-20,P013,36,0,247.0
2024-12-20,P014,14,0,195.0
2024-12-20,P015,106,0,18.2
2024-12-21,P001,156,0,36.4
2024-12-21,P002,126,0,32.5
2024-12-21,P003,52,0,546.0
2024-12-21,P004,84,0,182.0
2024-12-21,P005,113,0,54.6
2024-12-21,P006,50,0,143.0
2024-12-21,P007,80,0,97.5
2024-12-21,P008,113,0,15.6
2024-12-21,P009,214,1,22.1
2024-12-21,P010,48,0,234.0
2024-12-21,P011,41,0,338.0
2024-12-21,P012,116,0,91.0
2024-12-21,P013,24,0,247.0
2024-12-21,P014,42,0,195.0
2024-12-21,P015,116,0,18.2
2024-12-22,P001,139,0,36.4
2024-12-22,P002,128,0,32.5
2024-12-22,P003,62,0,546.0
2024-12-22,P004,66,0,182.0
2024-12-22,P005,92,0,54.6
2024-12-22,P006,46,0,143.0
2024-12-22,P007,73,0,97.5
2024-12-22,P008,117,0,15.6
2024-12-22,P009,201,1,22.1
2024-12-22,P010,53,0,234.0
2024-12-22,P011,50,0,338.0
2024-12-22,P012,92,0,91.0
2024-12-22,P013,29,0,247.0
2024-12-22,P014,35,0,195.0
2024-12-22,P015,103,0,18.2
2024-12-23,P001,120,0,36.4
2024-12-23,P002,94,0,32.5
2024-12-23,P003,41,0,546.0
2024-12-23,P004,61,0,182.0
2024-12-23,P005,69,0,54.6
2024-12-23,P006,50,0,143.0
2024-12-23,P007,45,0,97.5
2024-12-23,P008,121,0,15.6
2024-12-23,P009,115,0,26.0
2024-12-23,P010,33,0,234.0
2024-12-23,P011,36,0,338.0
2024-12-23,P012,84,0,91.0
2024-12-23,P013,29,0,247.0
2024-12-23,P014,24,0,195.0
2024-12-23,P015,88,0,18.2
2024-12-24,P001,140,0,36.4
2024-12-24,P002,91,0,32.5
2024-12-24,P003,40,0,546.0
2024-12-24,P004,74,0,182.0
2024-12-24,P005,68,0,54.6
2024-12-24,P006,30,0,143.0
2024-12-24,P007,48,0,97.5
2024-12-24,P008,105,0,15.6
2024-12-24,P009,107,0,26.0
2024-12-24,P010,47,0,234.0
2024-12-24,P011,45,0,338.0
2024-12-24,P012,73,0,91.0
2024-12-24,P013,24,0,247.0
2024-12-24,P014,24,0,195.0
2024-12-24,P015,75,0,18.2
2024-12-25,P001,127,0,36.4
2024-12-25,P002,110,0,32.5
2024-12-25,P003,43,0,546.0
2024-12-25,P004,70,0,182.0
2024-12-25,P005,75,0,54.6
2024-12-25,P006,33,0,143.0
2024-12-25,P007,61,0,97.5
2024-12-25,P008,123,0,15.6
2024-12-25,P009,104,0,26.0
2024-12-25,P010,57,0,234.0
2024-12-25,P011,36,0,338.0
2024-12-25,P012,84,0,91.0
2024-12-25,P013,23,0,247.0
2024-12-25,P014,26,0,195.0
2024-12-25,P015,98,0,18.2
2024-12-26,P001,135,0,36.4
2024-12-26,P002,83,0,32.5
2024-12-26,P003,40,0,546.0
2024-12-26,P004,56,0,182.0
2024-12-26,P005,65,0,54.6
2024-12-26,P006,41,0,143.0
2024-12-26,P007,98,1,82.88
2024-12-26,P008,97,0,15.6
2024-12-26,P009,111,0,26.0
2024-12-26,P010,48,0,234.0
2024-12-26,P011,25,0,338.0
2024-12-26,P012,72,0,91.0
2024-12-26,P013,29,0,247.0
2024-12-26,P014,28,0,195.0
2024-12-26,P015,87,0,18.2
2024-12-27,P001,138,0,36.4
2024-12-27,P002,112,0,32.5
2024-12-27,P003,45,0,546.0
2024-12-27,P004,60,0,182.0
2024-12-27,P005,85,0,54.6
2024-12-27,P006,50,0,143.0
2024-12-27,P007,97,1,82.88
2024-12-27,P008,114,0,15.6
2024-12-27,P009,139,0,26.0
2024-12-27,P010,54,0,234.0
2024-12-27,P011,33,0,338.0
2024-12-27,P012,87,0,91.0
2024-12-27,P013,30,0,247.0
2024-12-27,P014,23,0,195.0
2024-12-27,P015,90,0,18.2
2024-12-28,P001,173,0,36.4
2024-12-28,P002,125,0,32.5
2024-12-28,P003,47,0,546.0
2024-12-28,P004,70,0,182.0
2024-12-28,P005,86,0,54.6
2024-12-28,P006,66,0,143.0
2024-12-28,P007,116,1,82.88
2024-12-28,P008,123,0,15.6
2024-12-28,P009,153,0,26.0
2024-12-28,P010,44,0,234.0
2024-12-28,P011,37,0,338.0
2024-12-28,P012,104,0,91.0
2024-12-28,P013,34,0,247.0
2024-12-28,P014,28,0,195.0
2024-12-28,P015,95,0,18.2
2024-12-29,P001,176,0,36.4
2024-12-29,P002,113,0,32.5
2024-12-29,P003,63,0,546.0
2024-12-29,P004,82,0,182.0
2024-12-29,P005,72,0,54.6
2024-12-29,P006,44,0,143.0
2024-12-29,P007,107,1,82.88
2024-12-29,P008,144,0,15.6
2024-12-29,P009,132,0,26.0
2024-12-29,P010,45,0,234.0
2024-12-29,P011,51,0,338.0
2024-12-29,P012,90,0,91.0
2024-12-29,P013,33,0,247.0
2024-12-29,P014,26,0,195.0
2024-12-29,P015,111,0,18.2
2024-12-30,P001,105,0,36.4
2024-12-30,P002,89,0,32.5
2024-12-30,P003,37,0,546.0
2024-12-30,P004,54,0,182.0
2024-12-30,P005,63,0,54.6
2024-12-30,P006,44,0,143.0
2024-12-30,P007,77,1,82.88
2024-12-30,P008,115,0,15.6
2024-12-30,P009,111,0,26.0
2024-12-30,P010,33,0,234.0
2024-12-30,P011,29,0,338.0
2024-12-30,P012,81,0,91.0
2024-12-30,P013,36,0,247.0
2024-12-30,P014,15,0,195.0
2024-12-30,P015,76,0,18.2
2024-12-31,P001,108,0,36.4
2024-12-31,P002,83,0,32.5
2024-12-31,P003,53,0,546.0
2024-12-31,P004,49,0,182.0
2024-12-31,P005,60,0,54.6
2024-12-31,P006,42,0,143.0
2024-12-31,P007,35,0,97.5
2024-12-31,P008,116,0,15.6
2024-12-31,P009,117,0,26.0
2024-12-31,P010,33,0,234.0
2024-12-31,P011,38,0,338.0
2024-12-31,P012,64,0,91.0
2024-12-31,P013,33,0,247.0
2024-12-31,P014,26,0,195.0
2024-12-31,P015,83,0,18.2
2025-01-01,P001,127,0,36.4
2025-01-01,P002,89,0,32.5
2025-01-01,P003,39,0,546.0
2025-01-01,P004,62,0,182.0
2025-01-01,P005,78,0,54.6
2025-01-01,P006,49,0,143.0
2025-01-01,P007,62,0,97.5
2025-01-01,P008,112,0,15.6
2025-01-01,P009,161,1,22.1
2025-01-01,P010,44,0,234.0
2025-01-01,P011,31,0,338.0
2025-01-01,P012,88,0,91.0
2025-01-01,P013,18,0,247.0
2025-01-01,P014,29,0,195.0
2025-01-01,P015,80,0,18.2
2025-01-02,P001,114,0,36.4
2025-01-02,P002,97,0,32.5
2025-01-02,P003,37,0,546.0
2025-01-02,P004,62,0,182.0
2025-01-02,P005,66,0,54.6
2025-01-02,P006,49,0,143.0
2025-01-02,P007,56,0,97.5
2025-01-02,P008,102,0,15.6
2025-01-02,P009,153,1,22.1
2025-01-02,P010,42,0,234.0
2025-01-02,P011,30,0,338.0
2025-01-02,P012,80,0,91.0
2025-01-02,P013,30,1,209.95
2025-01-02,P014,21,0,195.0
2025-01-02,P015,74,0,18.2
2025-01-03,P001,140,0,36.4
2025-01-03,P002,114,0,32.5
2025-01-03,P003,44,0,546.0
2025-01-03,P004,63,0,182.0
2025-01-03,P005,77,0,54.6
2025-01-03,P006,54,0,143.0
2025-01-03,P007,54,0,97.5
2025-01-03,P008,138,0,15.6
2025-01-03,P009,171,1,22.1
2025-01-03,P010,25,0,234.0
2025-01-03,P011,22,0,338.0
2025-01-03,P012,93,0,91.0
2025-01-03,P013,45,1,209.95
2025-01-03,P014,29,0,195.0
2025-01-03,P015,101,0,18.2
2025-01-04,P001,143,0,36.4
2025-01-04,P002,126,0,32.5
2025-01-04,P003,50,0,546.0
2025-01-04,P004,68,0,182.0
2025-01-04,P005,90,0,54.6
2025-01-04,P006,53,0,143.0
2025-01-04,P007,66,0,97.5
2025-01-04,P008,143,0,15.6
2025-01-04,P009,199,1,22.1
2025-01-04,P010,40,0,234.0
2025-01-04,P011,24,0,338.0
2025-01-04,P012,109,0,91.0
2025-01-04,P013,46,1,209.95
2025-01-04,P014,32,0,195.0
2025-01-04,P015,116,0,18.2
2025-01-05,P001,130,0,36.4
2025-01-05,P002,109,0,32.5
2025-01-05,P003,44,0,546.0
2025-01-05,P004,72,0,182.0
2025-01-05,P005,69,0,54.6
2025-01-05,P006,45,0,143.0
2025-01-05,P007,69,0,97.5
2025-01-05,P008,146,0,15.6
2025-01-05,P009,165,1,22.1
2025-01-05,P010,37,0,234.0
2025-01-05,P011,17,0,338.0
2025-01-05,P012,90,0,91.0
2025-01-05,P013,32,1,209.95
2025-01-05,P014,39,0,195.0
2025-01-05,P015,110,0,18.2
2025-01-06,P001,121,0,36.4
2025-01-06,P002,78,0,32.5
2025-01-06,P003,35,0,546.0
2025-01-06,P004,56,0,182.0
2025-01-06,P005,62,0,54.6
2025-01-06,P006,36,0,143.0
2025-01-06,P007,65,0,97.5
2025-01-06,P008,89,0,15.6
2025-01-06,P009,84,0,26.0
2025-01-06,P010,28,0,234.0
2025-01-06,P011,25,0,338.0
2025-01-06,P012,78,0,91.0
2025-01-06,P013,31,1,209.95
2025-01-06,P014,19,0,195.0
2025-01-06,P015,82,0,18.2
2025-01-07,P001,104,0,36.4
2025-01-07,P002,78,0,32.5
2025-01-07,P003,34,0,546.0
2025-01-07,P004,50,0,182.0
2025-01-07,P005,58,0,54.6
2025-01-07,P006,45,0,143.0
2025-01-07,P007,57,0,97.5
2025-01-07,P008,99,0,15.6
2025-01-07,P009,103,0,26.0
2025-01-07,P010,28,0,234.0
2025-01-07,P011,20,0,338.0
2025-01-07,P012,100,0,91.0
2025-01-07,P013,25,0,247.0
2025-01-07,P014,15,0,195.0
2025-01-07,P015,78,0,18.2
2025-01-08,P001,124,0,36.4
2025-01-08,P002,85,0,32.5
2025-01-08,P003,44,0,546.0
2025-01-08,P004,55,0,182.0
2025-01-08,P005,66,0,54.6
2025-01-08,P006,55,0,143.0
2025-01-08,P007,52,0,97.5
2025-01-08,P008,95,0,15.6
2025-01-08,P009,96,0,26.0
2025-01-08,P010,25,0,234.0
2025-01-08,P011,16,0,338.0
2025-01-08,P012,92,0,91.0
2025-01-08,P013,24,0,247.0
2025-01-08,P014,22,0,195.0
2025-01-08,P015,79,0,18.2
2025-01-09,P001,106,0,36.4
2025-01-09,P002,112,0,32.5
2025-01-09,P003,39,0,546.0
2025-01-09,P004,74,1,154.7
2025-01-09,P005,53,0,54.6
2025-01-09,P006,40,0,143.0
2025-01-09,P007,52,0,97.5
2025-01-09,P008,121,0,15.6
2025-01-09,P009,105,0,26.0
2025-01-09,P010,46,1,198.9
2025-01-09,P011,14,0,338.0
2025-01-09,P012,87,0,91.0
2025-01-09,P013,21,0,247.0
2025-01-09,P014,21,0,195.0
2025-01-09,P015,97,0,18.2
2025-01-10,P001,161,0,36.4
2025-01-10,P002,106,0,32.5
2025-01-10,P003,39,0,546.0
2025-01-10,P004,81,1,154.7
2025-01-10,P005,72,0,54.6
2025-01-10,P006,47,0,143.0
2025-01-10,P007,58,0,97.5
2025-01-10,P008,140,0,15.6
2025-01-10,P009,124,0,26.0
2025-01-10,P010,46,1,198.9
2025-01-10,P011,23,0,338.0
2025-01-10,P012,100,0,91.0
2025-01-10,P013,30,0,247.0
2025-01-10,P014,18,0,195.0
2025-01-10,P015,93,0,18.2
2025-01-11,P001,151,0,36.4
2025-01-11,P002,132,0,32.5
2025-01-11,P003,50,0,546.0
2025-01-11,P004,95,1,154.7
2025-01-11,P005,81,0,54.6
2025-01-11,P006,52,0,143.0
2025-01-11,P007,77,0,97.5
2025-01-11,P008,178,0,15.6
2025-01-11,P009,132,0,26.0
2025-01-11,P010,53,1,198.9
2025-01-11,P011,28,0,338.0
2025-01-11,P012,115,0,91.0
2025-01-11,P013,38,0,247.0
2025-01-11,P014,25,0,195.0
2025-01-11,P015,104,0,18.2
2025-01-12,P001,138,0,36.4
2025-01-12,P002,113,0,32.5
2025-01-12,P003,51,0,546.0
2025-01-12,P004,89,1,154.7
2025-01-12,P005,89,0,54.6
2025-01-12,P006,53,0,143.0
2025-01-12,P007,70,0,97.5
2025-01-12,P008,144,0,15.6
2025-01-12,P009,120,0,26.0
2025-01-12,P010,50,1,198.9
2025-01-12,P011,26,0,338.0
2025-01-12,P012,110,0,91.0
2025-01-12,P013,29,0,247.0
2025-01-12,P014,34,0,195.0
2025-01-12,P015,98,0,18.2
2025-01-13,P001,118,0,36.4
2025-01-13,P002,88,0,32.5
2025-01-13,P003,28,0,546.0
2025-01-13,P004,79,1,154.7
2025-01-13,P005,62,0,54.6
2025-01-13,P006,39,0,143.0
2025-01-13,P007,61,0,97.5
2025-01-13,P008,117,0,15.6
2025-01-13,P009,88,0,26.0
2025-01-13,P010,56,1,198.9
2025-01-13,P011,24,0,338.0
2025-01-13,P012,80,0,91.0
2025-01-13,P013,29,0,247.0
2025-01-13,P014,24,0,195.0
2025-01-13,P015,72,0,18.2
2025-01-14,P001,101,0,36.4
2025-01-14,P002,92,0,32.5
2025-01-14,P003,43,0,546.0
2025-01-14,P004,44,0,182.0
2025-01-14,P005,58,0,54.6
2025-01-14,P006,40,0,143.0
2025-01-14,P007,66,0,97.5
2025-01-14,P008,119,0,15.6
2025-01-14,P009,93,0,26.0
2025-01-14,P010,31,0,234.0
2025-01-14,P011,21,0,338.0
2025-01-14,P012,73,0,91.0
2025-01-14,P013,21,0,247.0
2025-01-14,P014,23,0,195.0
2025-01-14,P015,67,0,18.2
2025-01-15,P001,137,0,36.4
2025-01-15,P002,94,0,32.5
2025-01-15,P003,35,0,546.0
2025-01-15,P004,51,0,182.0
2025-01-15,P005,58,0,54.6
2025-01-15,P006,49,0,143.0
2025-01-15,P007,47,0,97.5
2025-01-15,P008,134,0,15.6
2025-01-15,P009,97,0,26.0
2025-01-15,P010,28,0,234.0
2025-01-15,P011,18,0,338.0
2025-01-15,P012,82,0,91.0
2025-01-15,P013,28,0,247.0
2025-01-15,P014,23,0,195.0
2025-01-15,P015,94,0,18.2
2025-01-16,P001,119,0,36.4
2025-01-16,P002,90,0,32.5
2025-01-16,P003,49,0,546.0
2025-01-16,P004,62,0,182.0
2025-01-16,P005,66,0,54.6
2025-01-16,P006,57,1,121.55
2025-01-16,P007,50,0,97.5
2025-01-16,P008,126,0,15.6
2025-01-16,P009,96,0,26.0
2025-01-16,P010,31,0,234.0
2025-01-16,P011,26,0,338.0
2025-01-16,P012,88,0,91.0
2025-01-16,P013,24,0,247.0
2025-01-16,P014,21,0,195.0
2025-01-16,P015,98,0,18.2
2025-01-17,P001,152,0,36.4
2025-01-17,P002,112,0,32.5
2025-01-17,P003,48,0,546.0
2025-01-17,P004,79,0,182.0
2025-01-17,P005,66,0,54.6
2025-01-17,P006,67,1,121.55
2025-01-17,P007,69,0,97.5
2025-01-17,P008,134,0,15.6
2025-01-17,P009,123,0,26.0
2025-01-17,P010,35,0,234.0
2025-01-17,P011,24,0,338.0
2025-01-17,P012,103,0,91.0
2025-01-17,P013,38,0,247.0
2025-01-17,P014,21,0,195.0
2025-01-17,P015,93,0,18.2
2025-01-18,P001,148,0,36.4
2025-01-18,P002,107,0,32.5
2025-01-18,P003,38,0,546.0
2025-01-18,P004,88,0,182.0
2025-01-18,P005,95,0,54.6
2025-01-18,P006,74,1,121.55
2025-01-18,P007,69,0,97.5
2025-01-18,P008,161,0,15.6
2025-01-18,P009,132,0,26.0
2025-01-18,P010,39,0,234.0
2025-01-18,P011,30,0,338.0
2025-01-18,P012,97,0,91.0
2025-01-18,P013,39,0,247.0
2025-01-18,P014,25,0,195.0
2025-01-18,P015,107,0,18.2
2025-01-19,P001,149,0,36.4
2025-01-19,P002,108,0,32.5
2025-01-19,P003,45,0,546.0
2025-01-19,P004,63,0,182.0
2025-01-19,P005,66,0,54.6
2025-01-19,P006,74,1,121.55
2025-01-19,P007,78,0,97.5
2025-01-19,P008,140,0,15.6
2025-01-19,P009,121,0,26.0
2025-01-19,P010,36,0,234.0
2025-01-19,P011,17,0,338.0
2025-01-19,P012,104,0,91.0
2025-01-19,P013,21,0,247.0
2025-01-19,P014,24,0,195.0
2025-01-19,P015,103,0,18.2
2025-01-20,P001,117,0,36.4
2025-01-20,P002,92,0,32.5
2025-01-20,P003,37,0,546.0
2025-01-20,P004,56,0,182.0
2025-01-20,P005,61,0,54.6
2025-01-20,P006,49,1,121.55
2025-01-20,P007,53,0,97.5
2025-01-20,P008,123,0,15.6
2025-01-20,P009,114,0,26.0
2025-01-20,P010,39,0,234.0
2025-01-20,P011,26,0,338.0
2025-01-20,P012,69,0,91.0
2025-01-20,P013,25,0,247.0
2025-01-20,P014,23,0,195.0
2025-01-20,P015,87,0,18.2
2025-01-21,P001,110,0,36.4
2025-01-21,P002,97,0,32.5
2025-01-21,P003,46,0,546.0
2025-01-21,P004,57,0,182.0
2025-01-21,P005,43,0,54.6
2025-01-21,P006,39,0,143.0
2025-01-21,P007,46,0,97.5
2025-01-21,P008,111,0,15.6
2025-01-21,P009,104,0,26.0
2025-01-21,P010,27,0,234.0
2025-01-21,P011,13,0,338.0
2025-01-21,P012,84,0,91.0
2025-01-21,P013,30,0,247.0
2025-01-21,P014,25,0,195.0
2025-01-21,P015,78,0,18.2
2025-01-22,P001,121,0,36.4
2025-01-22,P002,99,0,32.5
2025-01-22,P003,46,0,546.0
2025-01-22,P004,61,0,182.0
2025-01-22,P005,53,0,54.6
2025-01-22,P006,33,0,143.0
2025-01-22,P007,68,0,97.5
2025-01-22,P008,129,0,15.6
2025-01-22,P009,115,0,26.0
2025-01-22,P010,33,0,234.0
2025-01-22,P011,20,0,338.0
2025-01-22,P012,80,0,91.0
2025-01-22,P013,25,0,247.0
2025-01-22,P014,21,0,195.0
2025-01-22,P015,83,0,18.2
2025-01-23,P001,119,0,36.4
2025-01-23,P002,93,0,32.5
2025-01-23,P003,45,0,546.0
2025-01-23,P004,71,0,182.0
2025-01-23,P005,51,0,54.6
2025-01-23,P006,30,0,143.0
2025-01-23,P007,65,0,97.5
2025-01-23,P008,109,0,15.6
2025-01-23,P009,84,0,26.0
2025-01-23,P010,34,0,234.0
2025-01-23,P011,15,0,338.0
2025-01-23,P012,66,0,91.0
2025-01-23,P013,20,0,247.0
2025-01-23,P014,26,0,195.0
2025-01-23,P015,92,0,18.2
2025-01-24,P001,129,0,36.4
2025-01-24,P002,97,0,32.5
2025-01-24,P003,59,0,546.0
2025-01-24,P004,53,0,182.0
2025-01-24,P005,70,0,54.6
2025-01-24,P006,55,0,143.0
2025-01-24,P007,68,0,97.5
2025-01-24,P008,149,0,15.6
2025-01-24,P009,130,0,26.0
2025-01-24,P010,41,0,234.0
2025-01-24,P011,14,0,338.0
2025-01-24,P012,85,0,91.0
2025-01-24,P013,28,0,247.0
2025-01-24,P014,23,0,195.0
2025-01-24,P015,91,0,18.2
2025-01-25,P001,171,0,36.4
2025-01-25,P002,101,0,32.5
2025-01-25,P003,56,0,546.0
2025-01-25,P004,81,0,182.0
2025-01-25,P005,80,0,54.6
2025-01-25,P006,54,0,143.0
2025-01-25,P007,72,0,97.5
2025-01-25,P008,184,0,15.6
2025-01-25,P009,141,0,26.0
2025-01-25,P010,26,0,234.0
2025-01-25,P011,32,0,338.0
2025-01-25,P012,164,1,77.35
2025-01-25,P013,26,0,247.0
2025-01-25,P014,38,0,195.0
2025-01-25,P015,92,0,18.2
2025-01-26,P001,122,0,36.4
2025-01-26,P002,104,0,32.5
2025-01-26,P003,57,0,546.0
2025-01-26,P004,88,0,182.0
2025-01-26,P005,78,0,54.6
2025-01-26,P006,46,0,143.0
2025-01-26,P007,79,0,97.5
2025-01-26,P008,154,0,15.6
2025-01-26,P009,117,0,26.0
2025-01-26,P010,39,0,234.0
2025-01-26,P011,27,0,338.0
2025-01-26,P012,139,1,77.35
2025-01-26,P013,26,0,247.0
2025-01-26,P014,40,0,195.0
2025-01-26,P015,106,0,18.2
2025-01-27,P001,101,0,36.4
2025-01-27,P002,85,0,32.5
2025-01-27,P003,44,0,546.0
2025-01-27,P004,60,0,182.0
2025-01-27,P005,54,0,54.6
2025-01-27,P006,39,0,143.0
2025-01-27,P007,48,0,97.5
2025-01-27,P008,123,0,15.6
2025-01-27,P009,95,0,26.0
2025-01-27,P010,26,0,234.0
2025-01-27,P011,15,0,338.0
2025-01-27,P012,114,1,77.35
2025-01-27,P013,28,0,247.0
2025-01-27,P014,17,0,195.0
2025-01-27,P015,79,0,18.2
2025-01-28,P001,108,0,36.4
2025-01-28,P002,79,0,32.5
2025-01-28,P003,54,0,546.0
2025-01-28,P004,53,0,182.0
2025-01-28,P005,59,0,54.6
2025-01-28,P006,43,0,143.0
2025-01-28,P007,50,0,97.5
2025-01-28,P008,180,1,13.26
2025-01-28,P009,92,0,26.0
2025-01-28,P010,20,0,234.0
2025-01-28,P011,17,0,338.0
2025-01-28,P012,104,1,77.35
2025-01-28,P013,23,0,247.0
2025-01-28,P014,34,0,195.0
2025-01-28,P015,79,0,18.2
2025-01-29,P001,135,0,36.4
2025-01-29,P002,98,0,32.5
2025-01-29,P003,43,0,546.0
2025-01-29,P004,59,0,182.0
2025-01-29,P005,59,0,54.6
2025-01-29,P006,35,0,143.0
2025-01-29,P007,75,0,97.5
2025-01-29,P008,192,1,13.26
2025-01-29,P009,109,0,26.0
2025-01-29,P010,29,0,234.0
2025-01-29,P011,27,0,338.0
2025-01-29,P012,105,1,77.35
2025-01-29,P013,19,0,247.0
2025-01-29,P014,30,0,195.0
2025-01-29,P015,90,0,18.2
2025-01-30,P001,113,0,36.4
2025-01-30,P002,101,0,32.5
2025-01-30,P003,52,0,546.0
2025-01-30,P004,69,0,182.0
2025-01-30,P005,51,0,54.6
2025-01-30,P006,46,0,143.0
2025-01-30,P007,84,1,82.88
2025-01-30,P008,177,1,13.26
2025-01-30,P009,105,0,26.0
2025-01-30,P010,35,0,234.0
2025-01-30,P011,29,0,338.0
2025-01-30,P012,84,0,91.0
2025-01-30,P013,19,0,247.0
2025-01-30,P014,27,0,195.0
2025-01-30,P015,98,0,18.2
2025-01-31,P001,122,0,36.4
2025-01-31,P002,128,0,32.5
2025-01-31,P003,48,0,546.0
2025-01-31,P004,55,0,182.0
2025-01-31,P005,70,0,54.6
2025-01-31,P006,46,0,143.0
2025-01-31,P007,119,1,82.88
2025-01-31,P008,225,1,13.26
2025-01-31,P009,115,0,26.0
2025-01-31,P010,35,0,234.0
2025-01-31,P011,14,0,338.0
2025-01-31,P012,90,0,91.0
2025-01-31,P013,30,0,247.0
2025-01-31,P014,22,0,195.0
2025-01-31,P015,106,0,18.2
2025-02-01,P001,131,0,36.4
2025-02-01,P002,103,0,32.5
2025-02-01,P003,47,0,546.0
2025-02-01,P004,64,0,182.0
2025-02-01,P005,83,0,54.6
2025-02-01,P006,55,0,143.0
2025-02-01,P007,134,1,82.88
2025-02-01,P008,249,1,13.26
2025-02-01,P009,128,0,26.0
2025-02-01,P010,37,0,234.0
2025-02-01,P011,32,0,338.0
2025-02-01,P012,110,0,91.0
2025-02-01,P013,38,0,247.0
2025-02-01,P014,34,0,195.0
2025-02-01,P015,95,0,18.2
2025-02-02,P001,119,0,36.4
2025-02-02,P002,108,0,32.5
2025-02-02,P003,55,0,546.0
2025-02-02,P004,71,0,182.0
2025-02-02,P005,81,0,54.6
2025-02-02,P006,62,0,143.0
2025-02-02,P007,115,1,82.88
2025-02-02,P008,153,0,15.6
2025-02-02,P009,125,0,26.0
2025-02-02,P010,35,0,234.0
2025-02-02,P011,23,0,338.0
2025-02-02,P012,91,0,91.0
2025-02-02,P013,31,0,247.0
2025-02-02,P014,36,0,195.0
2025-02-02,P015,107,0,18.2
2025-02-03,P001,119,0,36.4
2025-02-03,P002,74,0,32.5
2025-02-03,P003,32,0,546.0
2025-02-03,P004,41,0,182.0
2025-02-03,P005,61,0,54.6
2025-02-03,P006,48,0,143.0
2025-02-03,P007,93,1,82.88
2025-02-03,P008,140,0,15.6
2025-02-03,P009,90,0,26.0
2025-02-03,P010,32,0,234.0
2025-02-03,P011,29,0,338.0
2025-02-03,P012,70,0,91.0
2025-02-03,P013,23,0,247.0
2025-02-03,P014,26,0,195.0
2025-02-03,P015,74,0,18.2
2025-02-04,P001,107,0,36.4
2025-02-04,P002,64,0,32.5
2025-02-04,P003,45,0,546.0
2025-02-04,P004,59,0,182.0
2025-02-04,P005,51,0,54.6
2025-02-04,P006,46,0,143.0
2025-02-04,P007,56,0,97.5
2025-02-04,P008,141,0,15.6
2025-02-04,P009,109,0,26.0
2025-02-04,P010,33,0,234.0
2025-02-04,P011,20,0,338.0
2025-02-04,P012,75,0,91.0
2025-02-04,P013,32,0,247.0
2025-02-04,P014,24,0,195.0
2025-02-04,P015,104,1,15.47
2025-02-05,P001,130,0,36.4
2025-02-05,P002,75,0,32.5
2025-02-05,P003,28,0,546.0
2025-02-05,P004,53,0,182.0
2025-02-05,P005,51,0,54.6
2025-02-05,P006,36,0,143.0
2025-02-05,P007,50,0,97.5
2025-02-05,P008,118,0,15.6
2025-02-05,P009,108,0,26.0
2025-02-05,P010,39,0,234.0
2025-02-05,P011,15,0,338.0
2025-02-05,P012,75,0,91.0
2025-02-05,P013,21,0,247.0
2025-02-05,P014,30,0,195.0
2025-02-05,P015,131,1,15.47
2025-02-06,P001,93,0,36.4
2025-02-06,P002,87,0,32.5
2025-02-06,P003,35,0,546.0
2025-02-06,P004,58,0,182.0
2025-02-06,P005,60,0,54.6
2025-02-06,P006,46,0,143.0
2025-02-06,P007,71,0,97.5
2025-02-06,P008,153,0,15.6
2025-02-06,P009,106,0,26.0
2025-02-06,P010,23,0,234.0
2025-02-06,P011,15,0,338.0
2025-02-06,P012,78,0,91.0
2025-02-06,P013,21,0,247.0
2025-02-06,P014,23,0,195.0
2025-02-06,P015,111,1,15.47
2025-02-07,P001,129,0,36.4
2025-02-07,P002,97,0,32.5
2025-02-07,P003,42,0,546.0
2025-02-07,P004,80,0,182.0
2025-02-07,P005,73,0,54.6
2025-02-07,P006,49,0,143.0
2025-02-07,P007,69,0,97.5
2025-02-07,P008,154,0,15.6
2025-02-07,P009,107,0,26.0
2025-02-07,P010,47,0,234.0
2025-02-07,P011,23,0,338.0
2025-02-07,P012,104,0,91.0
2025-02-07,P013,24,0,247.0
2025-02-07,P014,35,0,195.0
2025-02-07,P015,138,1,15.47
2025-02-08,P001,160,0,36.4
2025-02-08,P002,121,0,32.5
2025-02-08,P003,40,0,546.0
2025-02-08,P004,77,0,182.0
2025-02-08,P005,73,0,54.6
2025-02-08,P006,58,0,143.0
2025-02-08,P007,109,0,97.5
2025-02-08,P008,175,0,15.6
2025-02-08,P009,131,0,26.0
2025-02-08,P010,40,0,234.0
2025-02-08,P011,20,0,338.0
2025-02-08,P012,109,0,91.0
2025-02-08,P013,35,0,247.0
2025-02-08,P014,35,0,195.0
2025-02-08,P015,152,1,15.47
2025-02-09,P001,118,0,36.4
2025-02-09,P002,114,0,32.5
2025-02-09,P003,48,0,546.0
2025-02-09,P004,60,0,182.0
2025-02-09,P005,66,0,54.6
2025-02-09,P006,73,1,121.55
2025-02-09,P007,72,0,97.5
2025-02-09,P008,182,0,15.6
2025-02-09,P009,127,0,26.0
2025-02-09,P010,37,0,234.0
2025-02-09,P011,27,0,338.0
2025-02-09,P012,105,0,91.0
2025-02-09,P013,22,0,247.0
2025-02-09,P014,36,0,195.0
2025-02-09,P015,109,0,18.2
2025-02-10,P001,115,0,36.4
2025-02-10,P002,85,0,32.5
2025-02-10,P003,38,0,546.0
2025-02-10,P004,29,0,182.0
2025-02-10,P005,86,1,46.41
2025-02-10,P006,66,1,121.55
2025-02-10,P007,60,0,97.5
2025-02-10,P008,125,0,15.6
2025-02-10,P009,98,0,26.0
2025-02-10,P010,41,0,234.0
2025-02-10,P011,21,0,338.0
2025-02-10,P012,77,0,91.0
2025-02-10,P013,28,0,247.0
2025-02-10,P014,28,0,195.0
2025-02-10,P015,90,0,18.2
2025-02-11,P001,127,0,36.4
2025-02-11,P002,96,0,32.5
2025-02-11,P003,35,0,546.0
2025-02-11,P004,51,0,182.0
2025-02-11,P005,81,1,46.41
2025-02-11,P006,46,1,121.55
2025-02-11,P007,71,0,97.5
2025-02-11,P008,140,0,15.6
2025-02-11,P009,94,0,26.0
2025-02-11,P010,29,0,234.0
2025-02-11,P011,16,0,338.0
2025-02-11,P012,85,0,91.0
2025-02-11,P013,33,0,247.0
2025-02-11,P014,31,0,195.0
2025-02-11,P015,83,0,18.2
2025-02-12,P001,137,0,36.4
2025-02-12,P002,89,0,32.5
2025-02-12,P003,52,0,546.0
2025-02-12,P004,67,0,182.0
2025-02-12,P005,88,1,46.41
2025-02-12,P006,56,1,121.55
2025-02-12,P007,72,0,97.5
2025-02-12,P008,147,0,15.6
2025-02-12,P009,105,0,26.0
2025-02-12,P010,32,0,234.0
2025-02-12,P011,21,0,338.0
2025-02-12,P012,81,0,91.0
2025-02-12,P013,20,0,247.0
2025-02-12,P014,26,0,195.0
2025-02-12,P015,90,0,18.2
2025-02-13,P001,132,0,36.4
2025-02-13,P002,87,0,32.5
2025-02-13,P003,32,0,546.0
2025-02-13,P004,57,0,182.0
2025-02-13,P005,95,1,46.41
2025-02-13,P006,68,1,121.55
2025-02-13,P007,80,0,97.5
2025-02-13,P008,163,0,15.6
2025-02-13,P009,98,0,26.0
2025-02-13,P010,43,0,234.0
2025-02-13,P011,30,0,338.0
2025-02-13,P012,89,0,91.0
2025-02-13,P013,29,0,247.0
2025-02-13,P014,30,0,195.0
2025-02-13,P015,79,0,18.2
2025-02-14,P001,152,0,36.4
2025-02-14,P002,91,0,32.5
2025-02-14,P003,50,0,546.0
2025-02-14,P004,64,0,182.0
2025-02-14,P005,114,1,46.41
2025-02-14,P006,58,0,143.0
2025-02-14,P007,80,0,97.5
2025-02-14,P008,150,0,15.6
2025-02-14,P009,139,0,26.0
2025-02-14,P010,48,0,234.0
2025-02-14,P011,29,0,338.0
2025-02-14,P012,91,0,91.0
2025-02-14,P013,33,0,247.0
2025-02-14,P014,33,0,195.0
2025-02-14,P015,97,0,18.2
2025-02-15,P001,160,0,36.4
2025-02-15,P002,142,0,32.5
2025-02-15,P003,58,0,546.0
2025-02-15,P004,68,0,182.0
2025-02-15,P005,95,0,54.6
2025-02-15,P006,55,0,143.0
2025-02-15,P007,89,0,97.5
2025-02-15,P008,198,0,15.6
2025-02-15,P009,131,0,26.0
2025-02-15,P010,41,0,234.0
2025-02-15,P011,29,0,338.0
2025-02-15,P012,97,0,91.0
2025-02-15,P013,29,0,247.0
2025-02-15,P014,37,0,195.0
2025-02-15,P015,102,0,18.2
2025-02-16,P001,159,0,36.4
2025-02-16,P002,111,0,32.5
2025-02-16,P003,52,0,546.0
2025-02-16,P004,76,0,182.0
2025-02-16,P005,80,0,54.6
2025-02-16,P006,40,0,143.0
2025-02-16,P007,79,0,97.5
2025-02-16,P008,165,0,15.6
2025-02-16,P009,128,0,26.0
2025-02-16,P010,39,0,234.0
2025-02-16,P011,18,0,338.0
2025-02-16,P012,95,0,91.0
2025-02-16,P013,32,0,247.0
2025-02-16,P014,36,0,195.0
2025-02-16,P015,105,0,18.2
2025-02-17,P001,109,0,36.4
2025-02-17,P002,78,0,32.5
2025-02-17,P003,43,0,546.0
2025-02-17,P004,71,0,182.0
2025-02-17,P005,57,0,54.6
2025-02-17,P006,42,0,143.0
2025-02-17,P007,55,0,97.5
2025-02-17,P008,157,0,15.6
2025-02-17,P009,94,0,26.0
2025-02-17,P010,28,0,234.0
2025-02-17,P011,15,0,338.0
2025-02-17,P012,71,0,91.0
2025-02-17,P013,19,0,247.0
2025-02-17,P014,30,0,195.0
2025-02-17,P015,90,0,18.2
2025-02-18,P001,105,0,36.4
2025-02-18,P002,88,0,32.5
2025-02-18,P003,41,0,546.0
2025-02-18,P004,44,0,182.0
2025-02-18,P005,65,0,54.6
2025-02-18,P006,38,0,143.0
2025-02-18,P007,73,0,97.5
2025-02-18,P008,141,0,15.6
2025-02-18,P009,105,0,26.0
2025-02-18,P010,26,0,234.0
2025-02-18,P011,17,0,338.0
2025-02-18,P012,86,0,91.0
2025-02-18,P013,27,0,247.0
2025-02-18,P014,37,0,195.0
2025-02-18,P015,67,0,18.2
2025-02-19,P001,114,0,36.4
2025-02-19,P002,85,0,32.5
2025-02-19,P003,28,0,546.0
2025-02-19,P004,42,0,182.0
2025-02-19,P005,58,0,54.6
2025-02-19,P006,49,0,143.0
2025-02-19,P007,61,0,97.5
2025-02-19,P008,151,0,15.6
2025-02-19,P009,81,0,26.0
2025-02-19,P010,20,0,234.0
2025-02-19,P011,19,0,338.0
2025-02-19,P012,76,0,91.0
2025-02-19,P013,15,0,247.0
2025-02-19,P014,24,0,195.0
2025-02-19,P015,76,0,18.2
2025-02-20,P001,109,0,36.4
2025-02-20,P002,77,0,32.5
2025-02-20,P003,51,0,546.0
2025-02-20,P004,64,0,182.0
2025-02-20,P005,58,0,54.6
2025-02-20,P006,44,0,143.0
2025-02-20,P007,76,0,97.5
2025-02-20,P008,150,0,15.6
2025-02-20,P009,100,0,26.0
2025-02-20,P010,32,0,234.0
2025-02-20,P011,21,0,338.0
2025-02-20,P012,88,0,91.0
2025-02-20,P013,30,0,247.0
2025-02-20,P014,22,0,195.0
2025-02-20,P015,90,0,18.2
2025-02-21,P001,133,0,36.4
2025-02-21,P002,101,0,32.5
2025-02-21,P003,65,1,464.1
2025-02-21,P004,54,0,182.0
2025-02-21,P005,74,0,54.6
2025-02-21,P006,51,0,143.0
2025-02-21,P007,91,0,97.5
2025-02-21,P008,165,0,15.6
2025-02-21,P009,116,0,26.0
2025-02-21,P010,30,0,234.0
2025-02-21,P011,21,0,338.0
2025-02-21,P012,88,0,91.0
2025-02-21,P013,29,0,247.0
2025-02-21,P014,45,0,195.0
2025-02-21,P015,97,0,18.2
2025-02-22,P001,151,0,36.4
2025-02-22,P002,111,0,32.5
2025-02-22,P003,95,1,464.1
2025-02-22,P004,79,0,182.0
2025-02-22,P005,90,0,54.6
2025-02-22,P006,65,0,143.0
2025-02-22,P007,93,0,97.5
2025-02-22,P008,212,0,15.6
2025-02-22,P009,143,0,26.0
2025-02-22,P010,42,0,234.0
2025-02-22,P011,29,0,338.0
2025-02-22,P012,99,0,91.0
2025-02-22,P013,25,0,247.0
2025-02-22,P014,46,0,195.0
2025-02-22,P015,111,0,18.2
2025-02-23,P001,136,0,36.4
2025-02-23,P002,94,0,32.5
2025-02-23,P003,63,1,464.1
2025-02-23,P004,53,0,182.0
2025-02-23,P005,73,0,54.6
2025-02-23,P006,54,0,143.0
2025-02-23,P007,90,0,97.5
2025-02-23,P008,176,0,15.6
2025-02-23,P009,123,0,26.0
2025-02-23,P010,47,0,234.0
2025-02-23,P011,30,0,338.0
2025-02-23,P012,98,0,91.0
2025-02-23,P013,27,0,247.0
2025-02-23,P014,25,0,195.0
2025-02-23,P015,112,0,18.2
2025-02-24,P001,130,0,36.4
2025-02-24,P002,104,0,32.5
2025-02-24,P003,46,1,464.1
2025-02-24,P004,51,0,182.0
2025-02-24,P005,57,0,54.6
2025-02-24,P006,43,0,143.0
2025-02-24,P007,81,0,97.5
2025-02-24,P008,150,0,15.6
2025-02-24,P009,85,0,26.0
2025-02-24,P010,40,0,234.0
2025-02-24,P011,20,0,338.0
2025-02-24,P012,85,0,91.0
2025-02-24,P013,23,0,247.0
2025-02-24,P014,28,0,195.0
2025-02-24,P015,71,0,18.2
2025-02-25,P001,106,0,36.4
2025-02-25,P002,84,0,32.5
2025-02-25,P003,53,1,464.1
2025-02-25,P004,44,0,182.0
2025-02-25,P005,52,0,54.6
2025-02-25,P006,50,1,121.55
2025-02-25,P007,72,0,97.5
2025-02-25,P008,155,0,15.6
2025-02-25,P009,95,0,26.0
2025-02-25,P010,25,0,234.0
2025-02-25,P011,26,0,338.0
2025-02-25,P012,78,0,91.0
2025-02-25,P013,21,0,247.0
2025-02-25,P014,30,0,195.0
2025-02-25,P015,79,0,18.2
2025-02-26,P001,127,0,36.4
2025-02-26,P002,84,0,32.5
2025-02-26,P003,41,0,546.0
2025-02-26,P004,43,0,182.0
2025-02-26,P005,70,0,54.6
2025-02-26,P006,52,1,121.55
2025-02-26,P007,75,0,97.5
2025-02-26,P008,167,0,15.6
2025-02-26,P009,94,0,26.0
2025-02-26,P010,26,0,234.0
2025-02-26,P011,18,0,338.0
2025-02-26,P012,68,0,91.0
2025-02-26,P013,23,0,247.0
2025-02-26,P014,36,0,195.0
2025-02-26,P015,74,0,18.2
2025-02-27,P001,129,0,36.4
2025-02-27,P002,81,0,32.5
2025-02-27,P003,38,0,546.0
2025-02-27,P004,53,0,182.0
2025-02-27,P005,64,0,54.6
2025-02-27,P006,55,1,121.55
2025-02-27,P007,71,0,97.5
2025-02-27,P008,148,0,15.6
2025-02-27,P009,98,0,26.0
2025-02-27,P010,34,0,234.0
2025-02-27,P011,21,0,338.0
2025-02-27,P012,74,0,91.0
2025-02-27,P013,15,0,247.0
2025-02-27,P014,37,0,195.0
2025-02-27,P015,90,0,18.2
2025-02-28,P001,141,0,36.4
2025-02-28,P002,115,0,32.5
2025-02-28,P003,42,0,546.0
2025-02-28,P004,61,0,182.0
2025-02-28,P005,66,0,54.6
2025-02-28,P006,77,1,121.55
2025-02-28,P007,80,0,97.5
2025-02-28,P008,184,0,15.6
2025-02-28,P009,116,0,26.0
2025-02-28,P010,28,0,234.0
2025-02-28,P011,19,0,338.0
2025-02-28,P012,79,0,91.0
2025-02-28,P013,23,0,247.0
2025-02-28,P014,36,0,195.0
2025-02-28,P015,81,0,18.2
2025-03-01,P001,164,0,36.4
2025-03-01,P002,109,0,32.5
2025-03-01,P003,55,0,546.0
2025-03-01,P004,66,0,182.0
2025-03-01,P005,80,0,54.6
2025-03-01,P006,70,1,121.55
2025-03-01,P007,99,0,97.5
2025-03-01,P008,210,0,15.6
2025-03-01,P009,149,0,26.0
2025-03-01,P010,25,0,234.0
2025-03-01,P011,31,0,338.0
2025-03-01,P012,96,0,91.0
2025-03-01,P013,33,0,247.0
2025-03-01,P014,51,0,195.0
2025-03-01,P015,124,0,18.2
2025-03-02,P001,149,0,36.4
2025-03-02,P002,104,0,32.5
2025-03-02,P003,61,0,546.0
2025-03-02,P004,61,0,182.0
2025-03-02,P005,77,0,54.6
2025-03-02,P006,38,0,143.0
2025-03-02,P007,63,0,97.5
2025-03-02,P008,173,0,15.6
2025-03-02,P009,113,0,26.0
2025-03-02,P010,28,0,234.0
2025-03-02,P011,24,0,338.0
2025-03-02,P012,105,0,91.0
2025-03-02,P013,25,0,247.0
2025-03-02,P014,34,0,195.0
2025-03-02,P015,95,0,18.2
2025-03-03,P001,98,0,36.4
2025-03-03,P002,78,0,32.5
2025-03-03,P003,53,1,464.1
2025-03-03,P004,51,0,182.0
2025-03-03,P005,47,0,54.6
2025-03-03,P006,35,0,143.0
2025-03-03,P007,70,0,97.5
2025-03-03,P008,149,0,15.6
2025-03-03,P009,100,0,26.0
2025-03-03,P010,33,0,234.0
2025-03-03,P011,17,0,338.0
2025-03-03,P012,80,0,91.0
2025-03-03,P013,19,0,247.0
2025-03-03,P014,36,0,195.0
2025-03-03,P015,75,0,18.2
2025-03-04,P001,136,1,30.94
2025-03-04,P002,81,0,32.5
2025-03-04,P003,53,1,464.1
2025-03-04,P004,59,0,182.0
2025-03-04,P005,63,0,54.6
2025-03-04,P006,34,0,143.0
2025-03-04,P007,80,0,97.5
2025-03-04,P008,178,0,15.6
2025-03-04,P009,99,0,26.0
2025-03-04,P010,29,0,234.0
2025-03-04,P011,21,0,338.0
2025-03-04,P012,76,0,91.0
2025-03-04,P013,29,0,247.0
2025-03-04,P014,26,0,195.0
2025-03-04,P015,76,0,18.2
2025-03-05,P001,171,1,30.94
2025-03-05,P002,90,0,32.5
2025-03-05,P003,52,1,464.1
2025-03-05,P004,48,0,182.0
2025-03-05,P005,58,0,54.6
2025-03-05,P006,34,0,143.0
2025-03-05,P007,66,0,97.5
2025-03-05,P008,164,0,15.6
2025-03-05,P009,110,0,26.0
2025-03-05,P010,26,0,234.0
2025-03-05,P011,15,0,338.0
2025-03-05,P012,73,0,91.0
2025-03-05,P013,24,0,247.0
2025-03-05,P014,25,0,195.0
2025-03-05,P015,81,0,18.2
2025-03-06,P001,176,1,30.94
2025-03-06,P002,93,0,32.5
2025-03-06,P003,53,1,464.1
2025-03-06,P004,51,0,182.0
2025-03-06,P005,56,0,54.6
2025-03-06,P006,29,0,143.0
2025-03-06,P007,72,0,97.5
2025-03-06,P008,172,0,15.6
2025-03-06,P009,88,0,26.0
2025-03-06,P010,41,0,234.0
2025-03-06,P011,24,0,338.0
2025-03-06,P012,84,0,91.0
2025-03-06,P013,19,0,247.0
2025-03-06,P014,26,0,195.0
2025-03-06,P015,102,0,18.2
2025-03-07,P001,220,1,30.94
2025-03-07,P002,98,0,32.5
2025-03-07,P003,68,1,464.1
2025-03-07,P004,64,0,182.0
2025-03-07,P005,77,0,54.6
2025-03-07,P006,57,0,143.0
2025-03-07,P007,75,0,97.5
2025-03-07,P008,197,0,15.6
2025-03-07,P009,134,0,26.0
2025-03-07,P010,30,0,234.0
2025-03-07,P011,23,0,338.0
2025-03-07,P012,76,0,91.0
2025-03-07,P013,28,0,247.0
2025-03-07,P014,41,0,195.0
2025-03-07,P015,75,0,18.2
2025-03-08,P001,220,1,30.94
2025-03-08,P002,123,0,32.5
2025-03-08,P003,57,0,546.0
2025-03-08,P004,72,0,182.0
2025-03-08,P005,82,0,54.6
2025-03-08,P006,51,0,143.0
2025-03-08,P007,116,0,97.5
2025-03-08,P008,202,0,15.6
2025-03-08,P009,130,0,26.0
2025-03-08,P010,71,1,198.9
2025-03-08,P011,37,0,338.0
2025-03-08,P012,102,0,91.0
2025-03-08,P013,23,0,247.0
2025-03-08,P014,49,0,195.0
2025-03-08,P015,121,0,18.2
2025-03-09,P001,148,0,36.4
2025-03-09,P002,104,0,32.5
2025-03-09,P003,50,0,546.0
2025-03-09,P004,73,0,182.0
2025-03-09,P005,90,0,54.6
2025-03-09,P006,41,0,143.0
2025-03-09,P007,99,0,97.5
2025-03-09,P008,198,0,15.6
2025-03-09,P009,137,0,26.0
2025-03-09,P010,65,1,198.9
2025-03-09,P011,32,0,338.0
2025-03-09,P012,101,0,91.0
2025-03-09,P013,30,0,247.0
2025-03-09,P014,45,0,195.0
2025-03-09,P015,106,0,18.2
2025-03-10,P001,116,0,36.4
2025-03-10,P002,87,0,32.5
2025-03-10,P003,43,0,546.0
2025-03-10,P004,50,0,182.0
2025-03-10,P005,60,0,54.6
2025-03-10,P006,35,0,143.0
2025-03-10,P007,75,0,97.5
2025-03-10,P008,153,0,15.6
2025-03-10,P009,110,0,26.0
2025-03-10,P010,35,1,198.9
2025-03-10,P011,25,0,338.0
2025-03-10,P012,72,0,91.0
2025-03-10,P013,28,0,247.0
2025-03-10,P014,32,0,195.0
2025-03-10,P015,83,0,18.2
2025-03-11,P001,159,1,30.94
2025-03-11,P002,100,0,32.5
2025-03-11,P003,36,0,546.0
2025-03-11,P004,53,0,182.0
2025-03-11,P005,74,0,54.6
2025-03-11,P006,41,0,143.0
2025-03-11,P007,75,0,97.5
2025-03-11,P008,154,0,15.6
2025-03-11,P009,76,0,26.0
2025-03-11,P010,52,1,198.9
2025-03-11,P011,24,0,338.0
2025-03-11,P012,74,0,91.0
2025-03-11,P013,34,0,247.0
2025-03-11,P014,27,0,195.0
2025-03-11,P015,81,0,18.2
2025-03-12,P001,177,1,30.94
2025-03-12,P002,76,0,32.5
2025-03-12,P003,55,0,546.0
2025-03-12,P004,63,0,182.0
2025-03-12,P005,68,0,54.6
2025-03-12,P006,34,0,143.0
2025-03-12,P007,97,0,97.5
2025-03-12,P008,183,0,15.6
2025-03-12,P009,113,0,26.0
2025-03-12,P010,63,1,198.9
2025-03-12,P011,36,0,338.0
2025-03-12,P012,70,0,91.0
2025-03-12,P013,30,0,247.0
2025-03-12,P014,37,0,195.0
2025-03-12,P015,87,0,18.2
2025-03-13,P001,173,1,30.94
2025-03-13,P002,100,0,32.5
2025-03-13,P003,44,0,546.0
2025-03-13,P004,58,0,182.0
2025-03-13,P005,57,0,54.6
2025-03-13,P006,44,0,143.0
2025-03-13,P007,85,0,97.5
2025-03-13,P008,167,0,15.6
2025-03-13,P009,92,0,26.0
2025-03-13,P010,41,0,234.0
2025-03-13,P011,41,0,338.0
2025-03-13,P012,85,0,91.0
2025-03-13,P013,24,0,247.0
2025-03-13,P014,28,0,195.0
2025-03-13,P015,83,0,18.2
2025-03-14,P001,227,1,30.94
2025-03-14,P002,111,0,32.5
2025-03-14,P003,50,0,546.0
2025-03-14,P004,77,0,182.0
2025-03-14,P005,72,0,54.6
2025-03-14,P006,52,0,143.0
2025-03-14,P007,94,0,97.5
2025-03-14,P008,179,0,15.6
2025-03-14,P009,120,0,26.0
2025-03-14,P010,53,0,234.0
2025-03-14,P011,54,1,287.3
2025-03-14,P012,85,0,91.0
2025-03-14,P013,21,0,247.0
2025-03-14,P014,43,0,195.0
2025-03-14,P015,97,0,18.2
2025-03-15,P001,201,1,30.94
2025-03-15,P002,113,0,32.5
2025-03-15,P003,50,0,546.0
2025-03-15,P004,93,0,182.0
2025-03-15,P005,83,0,54.6
2025-03-15,P006,60,0,143.0
2025-03-15,P007,110,0,97.5
2025-03-15,P008,225,0,15.6
2025-03-15,P009,151,0,26.0
2025-03-15,P010,44,0,234.0
2025-03-15,P011,50,1,287.3
2025-03-15,P012,113,0,91.0
2025-03-15,P013,33,0,247.0
2025-03-15,P014,33,0,195.0
2025-03-15,P015,122,0,18.2
2025-03-16,P001,147,0,36.4
2025-03-16,P002,106,0,32.5
2025-03-16,P003,51,0,546.0
2025-03-16,P004,52,0,182.0
2025-03-16,P005,68,0,54.6
2025-03-16,P006,46,0,143.0
2025-03-16,P007,89,0,97.5
2025-03-16,P008,225,0,15.6
2025-03-16,P009,125,0,26.0
2025-03-16,P010,44,0,234.0
2025-03-16,P011,38,1,287.3
2025-03-16,P012,89,0,91.0
2025-03-16,P013,30,0,247.0
2025-03-16,P014,36,0,195.0
2025-03-16,P015,91,0,18.2
2025-03-17,P001,119,0,36.4
2025-03-17,P002,73,0,32.5
2025-03-17,P003,43,0,546.0
2025-03-17,P004,64,0,182.0
2025-03-17,P005,51,0,54.6
2025-03-17,P006,28,0,143.0
2025-03-17,P007,81,0,97.5
2025-03-17,P008,142,0,15.6
2025-03-17,P009,90,0,26.0
2025-03-17,P010,31,0,234.0
2025-03-17,P011,19,1,287.3
2025-03-17,P012,78,0,91.0
2025-03-17,P013,35,0,247.0
2025-03-17,P014,28,0,195.0
2025-03-17,P015,69,0,18.2
2025-03-18,P001,105,0,36.4
2025-03-18,P002,76,0,32.5
2025-03-18,P003,40,0,546.0
2025-03-18,P004,54,0,182.0
2025-03-18,P005,54,0,54.6
2025-03-18,P006,32,0,143.0
2025-03-18,P007,82,0,97.5
2025-03-18,P008,165,0,15.6
2025-03-18,P009,90,0,26.0
2025-03-18,P010,26,0,234.0
2025-03-18,P011,25,1,287.3
2025-03-18,P012,63,0,91.0
2025-03-18,P013,27,0,247.0
2025-03-18,P014,27,0,195.0
2025-03-18,P015,73,0,18.2
2025-03-19,P001,121,0,36.4
2025-03-19,P002,71,0,32.5
2025-03-19,P003,40,0,546.0
2025-03-19,P004,43,0,182.0
2025-03-19,P005,39,0,54.6
2025-03-19,P006,37,0,143.0
2025-03-19,P007,83,0,97.5
2025-03-19,P008,173,0,15.6
2025-03-19,P009,102,0,26.0
2025-03-19,P010,24,0,234.0
2025-03-19,P011,14,0,338.0
2025-03-19,P012,74,0,91.0
2025-03-19,P013,27,0,247.0
2025-03-19,P014,39,0,195.0
2025-03-19,P015,85,0,18.2
2025-03-20,P001,112,0,36.4
2025-03-20,P002,114,1,27.62
2025-03-20,P003,54,0,546.0
2025-03-20,P004,53,0,182.0
2025-03-20,P005,56,0,54.6
2025-03-20,P006,41,0,143.0
2025-03-20,P007,98,0,97.5
2025-03-20,P008,201,0,15.6
2025-03-20,P009,114,0,26.0
2025-03-20,P010,24,0,234.0
2025-03-20,P011,19,0,338.0
2025-03-20,P012,72,0,91.0
2025-03-20,P013,21,0,247.0
2025-03-20,P014,33,0,195.0
2025-03-20,P015,85,0,18.2
2025-03-21,P001,121,0,36.4
2025-03-21,P002,133,1,27.62
2025-03-21,P003,50,0,546.0
2025-03-21,P004,57,0,182.0
2025-03-21,P005,101,1,46.41
2025-03-21,P006,35,0,143.0
2025-03-21,P007,93,0,97.5
2025-03-21,P008,179,0,15.6
2025-03-21,P009,122,0,26.0
2025-03-21,P010,29,0,234.0
2025-03-21,P011,41,1,287.3
2025-03-21,P012,106,0,91.0
2025-03-21,P013,35,0,247.0
2025-03-21,P014,40,0,195.0
2025-03-21,P015,88,0,18.2
2025-03-22,P001,177,0,36.4
2025-03-22,P002,156,1,27.62
2025-03-22,P003,45,0,546.0
2025-03-22,P004,80,0,182.0
2025-03-22,P005,100,1,46.41
2025-03-22,P006,43,0,143.0
2025-03-22,P007,118,0,97.5
2025-03-22,P008,237,0,15.6
2025-03-22,P009,116,0,26.0
2025-03-22,P010,39,0,234.0
2025-03-22,P011,36,1,287.3
2025-03-22,P012,121,0,91.0
2025-03-22,P013,34,0,247.0
2025-03-22,P014,44,0,195.0
2025-03-22,P015,125,0,18.2
2025-03-23,P001,136,0,36.4
2025-03-23,P002,142,1,27.62
2025-03-23,P003,45,0,546.0
2025-03-23,P004,69,0,182.0
2025-03-23,P005,89,1,46.41
2025-03-23,P006,45,0,143.0
2025-03-23,P007,161,1,82.88
2025-03-23,P008,204,0,15.6
2025-03-23,P009,140,0,26.0
2025-03-23,P010,36,0,234.0
2025-03-23,P011,32,1,287.3
2025-03-23,P012,99,0,91.0
2025-03-23,P013,28,0,247.0
2025-03-23,P014,51,0,195.0
2025-03-23,P015,120,0,18.2
2025-03-24,P001,111,0,36.4
2025-03-24,P002,98,1,27.62
2025-03-24,P003,34,0,546.0
2025-03-24,P004,47,0,182.0
2025-03-24,P005,73,1,46.41
2025-03-24,P006,32,0,143.0
2025-03-24,P007,133,1,82.88
2025-03-24,P008,163,0,15.6
2025-03-24,P009,95,0,26.0
2025-03-24,P010,26,0,234.0
2025-03-24,P011,36,1,287.3
2025-03-24,P012,65,0,91.0
2025-03-24,P013,26,0,247.0
2025-03-24,P014,28,0,195.0
2025-03-24,P015,86,0,18.2
2025-03-25,P001,119,0,36.4
2025-03-25,P002,74,0,32.5
2025-03-25,P003,38,0,546.0
2025-03-25,P004,52,0,182.0
2025-03-25,P005,74,1,46.41
2025-03-25,P006,35,0,143.0
2025-03-25,P007,119,1,82.88
2025-03-25,P008,166,0,15.6
2025-03-25,P009,71,0,26.0
2025-03-25,P010,31,0,234.0
2025-03-25,P011,24,1,287.3
2025-03-25,P012,69,0,91.0
2025-03-25,P013,14,0,247.0
2025-03-25,P014,34,0,195.0
2025-03-25,P015,77,0,18.2
2025-03-26,P001,111,0,36.4
2025-03-26,P002,86,0,32.5
2025-03-26,P003,46,0,546.0
2025-03-26,P004,55,0,182.0
2025-03-26,P005,65,0,54.6
2025-03-26,P006,41,0,143.0
2025-03-26,P007,139,1,82.88
2025-03-26,P008,183,0,15.6
2025-03-26,P009,108,0,26.0
2025-03-26,P010,42,1,198.9
2025-03-26,P011,23,0,338.0
2025-03-26,P012,74,0,91.0
2025-03-26,P013,25,0,247.0
2025-03-26,P014,33,0,195.0
2025-03-26,P015,87,0,18.2
2025-03-27,P001,104,0,36.4
2025-03-27,P002,84,0,32.5
2025-03-27,P003,46,0,546.0
2025-03-27,P004,56,0,182.0
2025-03-27,P005,55,0,54.6
2025-03-27,P006,32,0,143.0
2025-03-27,P007,163,1,82.88
2025-03-27,P008,188,0,15.6
2025-03-27,P009,97,0,26.0
2025-03-27,P010,56,1,198.9
2025-03-27,P011,24,0,338.0
2025-03-27,P012,71,0,91.0
2025-03-27,P013,30,0,247.0
2025-03-27,P014,37,0,195.0
2025-03-27,P015,92,0,18.2
2025-03-28,P001,145,0,36.4
2025-03-28,P002,120,0,32.5
2025-03-28,P003,49,0,546.0
2025-03-28,P004,72,0,182.0
2025-03-28,P005,81,0,54.6
2025-03-28,P006,51,0,143.0
2025-03-28,P007,101,0,97.5
2025-03-28,P008,218,0,15.6
2025-03-28,P009,125,0,26.0
2025-03-28,P010,61,1,198.9
2025-03-28,P011,41,0,338.0
2025-03-28,P012,101,0,91.0
2025-03-28,P013,43,0,247.0
2025-03-28,P014,45,0,195.0
2025-03-28,P015,117,0,18.2
2025-03-29,P001,165,0,36.4
2025-03-29,P002,130,0,32.5
2025-03-29,P003,63,0,546.0
2025-03-29,P004,85,0,182.0
2025-03-29,P005,109,0,54.6
2025-03-29,P006,51,0,143.0
2025-03-29,P007,137,0,97.5
2025-03-29,P008,242,0,15.6
2025-03-29,P009,152,0,26.0
2025-03-29,P010,82,1,198.9
2025-03-29,P011,63,0,338.0
2025-03-29,P012,94,0,91.0
2025-03-29,P013,41,0,247.0
2025-03-29,P014,47,0,195.0
2025-03-29,P015,104,0,18.2
2025-03-30,P001,164,0,36.4
2025-03-30,P002,107,0,32.5
2025-03-30,P003,72,0,546.0
2025-03-30,P004,94,0,182.0
2025-03-30,P005,87,0,54.6
2025-03-30,P006,46,0,143.0
2025-03-30,P007,120,0,97.5
2025-03-30,P008,219,0,15.6
2025-03-30,P009,142,0,26.0
2025-03-30,P010,61,1,198.9
2025-03-30,P011,42,0,338.0
2025-03-30,P012,100,0,91.0
2025-03-30,P013,38,0,247.0
2025-03-30,P014,35,0,195.0
2025-03-30,P015,101,0,18.2
2025-03-31,P001,117,0,36.4
2025-03-31,P002,96,0,32.5
2025-03-31,P003,45,0,546.0
2025-03-31,P004,64,0,182.0
2025-03-31,P005,68,0,54.6
2025-03-31,P006,30,0,143.0
2025-03-31,P007,106,0,97.5
2025-03-31,P008,164,0,15.6
2025-03-31,P009,103,0,26.0
2025-03-31,P010,41,0,234.0
2025-03-31,P011,38,0,338.0
2025-03-31,P012,69,0,91.0
2025-03-31,P013,22,0,247.0
2025-03-31,P014,48,0,195.0
2025-03-31,P015,93,0,18.2
2025-04-01,P001,107,0,36.4
2025-04-01,P002,89,0,32.5
2025-04-01,P003,42,0,546.0
2025-04-01,P004,57,0,182.0
2025-04-01,P005,57,0,54.6
2025-04-01,P006,38,0,143.0
2025-04-01,P007,86,0,97.5
2025-04-01,P008,181,0,15.6
2025-04-01,P009,99,0,26.0
2025-04-01,P010,40,0,234.0
2025-04-01,P011,25,0,338.0
2025-04-01,P012,76,0,91.0
2025-04-01,P013,28,0,247.0
2025-04-01,P014,41,0,195.0
2025-04-01,P015,66,0,18.2
2025-04-02,P001,121,0,36.4
2025-04-02,P002,91,0,32.5
2025-04-02,P003,35,0,546.0
2025-04-02,P004,52,0,182.0
2025-04-02,P005,36,0,54.6
2025-04-02,P006,43,0,143.0
2025-04-02,P007,138,1,82.88
2025-04-02,P008,183,0,15.6
2025-04-02,P009,84,0,26.0
2025-04-02,P010,28,0,234.0
2025-04-02,P011,25,0,338.0
2025-04-02,P012,82,0,91.0
2025-04-02,P013,25,0,247.0
2025-04-02,P014,40,0,195.0
2025-04-02,P015,81,0,18.2
2025-04-03,P001,108,0,36.4
2025-04-03,P002,89,0,32.5
2025-04-03,P003,29,0,546.0
2025-04-03,P004,38,0,182.0
2025-04-03,P005,75,0,54.6
2025-04-03,P006,31,0,143.0
2025-04-03,P007,137,1,82.88
2025-04-03,P008,157,0,15.6
2025-04-03,P009,102,0,26.0
2025-04-03,P010,28,0,234.0
2025-04-03,P011,21,0,338.0
2025-04-03,P012,58,0,91.0
2025-04-03,P013,23,0,247.0
2025-04-03,P014,24,0,195.0
2025-04-03,P015,81,0,18.2
2025-04-04,P001,139,0,36.4
2025-04-04,P002,84,0,32.5
2025-04-04,P003,49,0,546.0
2025-04-04,P004,59,0,182.0
2025-04-04,P005,66,0,54.6
2025-04-04,P006,37,0,143.0
2025-04-04,P007,158,1,82.88
2025-04-04,P008,214,0,15.6
2025-04-04,P009,115,0,26.0
2025-04-04,P010,37,0,234.0
2025-04-04,P011,27,0,338.0
2025-04-04,P012,96,0,91.0
2025-04-04,P013,29,0,247.0
2025-04-04,P014,50,0,195.0
2025-04-04,P015,95,0,18.2
2025-04-05,P001,136,0,36.4
2025-04-05,P002,111,0,32.5
2025-04-05,P003,75,0,546.0
2025-04-05,P004,64,0,182.0
2025-04-05,P005,81,0,54.6
2025-04-05,P006,36,0,143.0
2025-04-05,P007,178,1,82.88
2025-04-05,P008,250,0,15.6
2025-04-05,P009,145,0,26.0
2025-04-05,P010,33,0,234.0
2025-04-05,P011,26,0,338.0
2025-04-05,P012,90,0,91.0
2025-04-05,P013,32,0,247.0
2025-04-05,P014,51,0,195.0
2025-04-05,P015,116,0,18.2
2025-04-06,P001,128,0,36.4
2025-04-06,P002,103,0,32.5
2025-04-06,P003,59,0,546.0
2025-04-06,P004,67,0,182.0
2025-04-06,P005,64,0,54.6
2025-04-06,P006,41,0,143.0
2025-04-06,P007,163,1,82.88
2025-04-06,P008,239,0,15.6
2025-04-06,P009,113,0,26.0
2025-04-06,P010,39,0,234.0
2025-04-06,P011,14,0,338.0
2025-04-06,P012,95,0,91.0
2025-04-06,P013,33,0,247.0
2025-04-06,P014,37,0,195.0
2025-04-06,P015,107,0,18.2
2025-04-07,P001,114,0,36.4
2025-04-07,P002,79,0,32.5
2025-04-07,P003,29,0,546.0
2025-04-07,P004,49,0,182.0
2025-04-07,P005,54,0,54.6
2025-04-07,P006,33,0,143.0
2025-04-07,P007,98,0,97.5
2025-04-07,P008,182,0,15.6
2025-04-07,P009,96,0,26.0
2025-04-07,P010,17,0,234.0
2025-04-07,P011,18,0,338.0
2025-04-07,P012,74,0,91.0
2025-04-07,P013,23,0,247.0
2025-04-07,P014,55,1,165.75
2025-04-07,P015,92,0,18.2
2025-04-08,P001,112,0,36.4
2025-04-08,P002,94,0,32.5
2025-04-08,P003,36,0,546.0
2025-04-08,P004,52,0,182.0
2025-04-08,P005,65,0,54.6
2025-04-08,P006,30,0,143.0
2025-04-08,P007,103,0,97.5
2025-04-08,P008,210,0,15.6
2025-04-08,P009,94,0,26.0
2025-04-08,P010,19,0,234.0
2025-04-08,P011,17,0,338.0
2025-04-08,P012,79,0,91.0
2025-04-08,P013,28,0,247.0
2025-04-08,P014,41,1,165.75
2025-04-08,P015,87,0,18.2
2025-04-09,P001,102,0,36.4
2025-04-09,P002,97,0,32.5
2025-04-09,P003,48,0,546.0
2025-04-09,P004,50,0,182.0
2025-04-09,P005,48,0,54.6
2025-04-09,P006,33,0,143.0
2025-04-09,P007,77,0,97.5
2025-04-09,P008,188,0,15.6
2025-04-09,P009,91,0,26.0
2025-04-09,P010,27,0,234.0
2025-04-09,P011,23,0,338.0
2025-04-09,P012,76,0,91.0
2025-04-09,P013,29,0,247.0
2025-04-09,P014,39,1,165.75
2025-04-09,P015,65,0,18.2
2025-04-10,P001,134,0,36.4
2025-04-10,P002,81,0,32.5
2025-04-10,P003,49,1,464.1
2025-04-10,P004,55,0,182.0
2025-04-10,P005,49,0,54.6
2025-04-10,P006,30,0,143.0
2025-04-10,P007,89,0,97.5
2025-04-10,P008,212,0,15.6
2025-04-10,P009,103,0,26.0
2025-04-10,P010,41,0,234.0
2025-04-10,P011,25,0,338.0
2025-04-10,P012,68,0,91.0
2025-04-10,P013,31,0,247.0
2025-04-10,P014,49,1,165.75
2025-04-10,P015,96,0,18.2
2025-04-11,P001,139,0,36.4
2025-04-11,P002,97,0,32.5
2025-04-11,P003,52,1,464.1
2025-04-11,P004,66,0,182.0
2025-04-11,P005,61,0,54.6
2025-04-11,P006,35,0,143.0
2025-04-11,P007,102,0,97.5
2025-04-11,P008,205,0,15.6
2025-04-11,P009,111,0,26.0
2025-04-11,P010,38,0,234.0
2025-04-11,P011,19,0,338.0
2025-04-11,P012,98,0,91.0
2025-04-11,P013,34,0,247.0
2025-04-11,P014,66,1,165.75
2025-04-11,P015,100,0,18.2
2025-04-12,P001,119,0,36.4
2025-04-12,P002,113,0,32.5
2025-04-12,P003,60,1,464.1
2025-04-12,P004,52,0,182.0
2025-04-12,P005,76,0,54.6
2025-04-12,P006,43,0,143.0
2025-04-12,P007,119,0,97.5
2025-04-12,P008,255,0,15.6
2025-04-12,P009,127,0,26.0
2025-04-12,P010,41,0,234.0
2025-04-12,P011,28,0,338.0
2025-04-12,P012,86,0,91.0
2025-04-12,P013,33,0,247.0
2025-04-12,P014,59,0,195.0
2025-04-12,P015,109,0,18.2
2025-04-13,P001,123,0,36.4
2025-04-13,P002,99,0,32.5
2025-04-13,P003,70,1,464.1
2025-04-13,P004,62,0,182.0
2025-04-13,P005,70,0,54.6
2025-04-13,P006,39,0,143.0
2025-04-13,P007,109,0,97.5
2025-04-13,P008,221,0,15.6
2025-04-13,P009,110,0,26.0
2025-04-13,P010,29,0,234.0
2025-04-13,P011,33,0,338.0
2025-04-13,P012,104,0,91.0
2025-04-13,P013,27,0,247.0
2025-04-13,P014,43,0,195.0
2025-04-13,P015,102,0,18.2
2025-04-14,P001,116,0,36.4
2025-04-14,P002,79,0,32.5
2025-04-14,P003,48,1,464.1
2025-04-14,P004,48,0,182.0
2025-04-14,P005,52,0,54.6
2025-04-14,P006,32,0,143.0
2025-04-14,P007,99,0,97.5
2025-04-14,P008,188,0,15.6
2025-04-14,P009,103,0,26.0
2025-04-14,P010,32,0,234.0
2025-04-14,P011,19,0,338.0
2025-04-14,P012,83,0,91.0
2025-04-14,P013,15,0,247.0
2025-04-14,P014,51,0,195.0
2025-04-14,P015,86,0,18.2
2025-04-15,P001,121,0,36.4
2025-04-15,P002,91,0,32.5
2025-04-15,P003,37,0,546.0
2025-04-15,P004,39,0,182.0
2025-04-15,P005,51,0,54.6
2025-04-15,P006,32,0,143.0
2025-04-15,P007,87,0,97.5
2025-04-15,P008,163,0,15.6
2025-04-15,P009,93,0,26.0
2025-04-15,P010,27,0,234.0
2025-04-15,P011,17,0,338.0
2025-04-15,P012,78,0,91.0
2025-04-15,P013,24,0,247.0
2025-04-15,P014,27,0,195.0
2025-04-15,P015,74,0,18.2
2025-04-16,P001,118,0,36.4
2025-04-16,P002,83,0,32.5
2025-04-16,P003,37,0,546.0
2025-04-16,P004,45,0,182.0
2025-04-16,P005,71,0,54.6
2025-04-16,P006,28,0,143.0
2025-04-16,P007,85,0,97.5
2025-04-16,P008,169,0,15.6
2025-04-16,P009,90,0,26.0
2025-04-16,P010,25,0,234.0
2025-04-16,P011,14,0,338.0
2025-04-16,P012,56,0,91.0
2025-04-16,P013,10,0,247.0
2025-04-16,P014,41,0,195.0
2025-04-16,P015,74,0,18.2
2025-04-17,P001,106,0,36.4
2025-04-17,P002,95,0,32.5
2025-04-17,P003,46,0,546.0
2025-04-17,P004,36,0,182.0
2025-04-17,P005,47,0,54.6
2025-04-17,P006,31,0,143.0
2025-04-17,P007,90,0,97.5
2025-04-17,P008,194,0,15.6
2025-04-17,P009,83,0,26.0
2025-04-17,P010,32,0,234.0
2025-04-17,P011,15,0,338.0
2025-04-17,P012,68,0,91.0
2025-04-17,P013,31,0,247.0
2025-04-17,P014,35,0,195.0
2025-04-17,P015,73,0,18.2
2025-04-18,P001,107,0,36.4
2025-04-18,P002,92,0,32.5
2025-04-18,P003,42,0,546.0
2025-04-18,P004,58,0,182.0
2025-04-18,P005,67,0,54.6
2025-04-18,P006,43,0,143.0
2025-04-18,P007,99,0,97.5
2025-04-18,P008,232,0,15.6
2025-04-18,P009,93,0,26.0
2025-04-18,P010,33,0,234.0
2025-04-18,P011,22,0,338.0
2025-04-18,P012,79,0,91.0
2025-04-18,P013,20,0,247.0
2025-04-18,P014,40,0,195.0
2025-04-18,P015,85,0,18.2
2025-04-19,P001,158,0,36.4
2025-04-19,P002,97,0,32.5
2025-04-19,P003,50,0,546.0
2025-04-19,P004,76,0,182.0
2025-04-19,P005,51,0,54.6
2025-04-19,P006,44,0,143.0
2025-04-19,P007,105,0,97.5
2025-04-19,P008,266,0,15.6
2025-04-19,P009,152,0,26.0
2025-04-19,P010,31,0,234.0
2025-04-19,P011,42,1,287.3
2025-04-19,P012,94,0,91.0
2025-04-19,P013,25,0,247.0
2025-04-19,P014,58,0,195.0
2025-04-19,P015,114,0,18.2
2025-04-20,P001,119,0,36.4
2025-04-20,P002,110,0,32.5
2025-04-20,P003,49,0,546.0
2025-04-20,P004,66,0,182.0
2025-04-20,P005,63,0,54.6
2025-04-20,P006,43,0,143.0
2025-04-20,P007,116,0,97.5
2025-04-20,P008,264,0,15.6
2025-04-20,P009,119,0,26.0
2025-04-20,P010,47,0,234.0
2025-04-20,P011,34,1,287.3
2025-04-20,P012,80,0,91.0
2025-04-20,P013,32,0,247.0
2025-04-20,P014,51,0,195.0
2025-04-20,P015,81,0,18.2
2025-04-21,P001,117,0,36.4
2025-04-21,P002,83,0,32.5
2025-04-21,P003,33,0,546.0
2025-04-21,P004,51,0,182.0
2025-04-21,P005,47,0,54.6
2025-04-21,P006,25,0,143.0
2025-04-21,P007,79,0,97.5
2025-04-21,P008,184,0,15.6
2025-04-21,P009,107,0,26.0
2025-04-21,P010,29,0,234.0
2025-04-21,P011,24,1,287.3
2025-04-21,P012,67,0,91.0
2025-04-21,P013,24,0,247.0
2025-04-21,P014,37,0,195.0
2025-04-21,P015,90,0,18.2
2025-04-22,P001,110,0,36.4
2025-04-22,P002,64,0,32.5
2025-04-22,P003,30,0,546.0
2025-04-22,P004,48,0,182.0
2025-04-22,P005,51,0,54.6
2025-04-22,P006,25,0,143.0
2025-04-22,P007,88,0,97.5
2025-04-22,P008,174,0,15.6
2025-04-22,P009,88,0,26.0
2025-04-22,P010,19,0,234.0
2025-04-22,P011,28,1,287.3
2025-04-22,P012,67,0,91.0
2025-04-22,P013,20,0,247.0
2025-04-22,P014,41,0,195.0
2025-04-22,P015,73,0,18.2
2025-04-23,P001,133,0,36.4
2025-04-23,P002,76,0,32.5
2025-04-23,P003,37,0,546.0
2025-04-23,P004,60,0,182.0
2025-04-23,P005,56,0,54.6
2025-04-23,P006,32,0,143.0
2025-04-23,P007,89,0,97.5
2025-04-23,P008,181,0,15.6
2025-04-23,P009,65,0,26.0
2025-04-23,P010,34,1,198.9
2025-04-23,P011,24,1,287.3
2025-04-23,P012,75,0,91.0
2025-04-23,P013,24,0,247.0
2025-04-23,P014,30,0,195.0
2025-04-23,P015,90,0,18.2
2025-04-24,P001,116,0,36.4
2025-04-24,P002,99,0,32.5
2025-04-24,P003,38,0,546.0
2025-04-24,P004,54,0,182.0
2025-04-24,P005,53,0,54.6
2025-04-24,P006,38,0,143.0
2025-04-24,P007,102,0,97.5
2025-04-24,P008,227,0,15.6
2025-04-24,P009,104,0,26.0
2025-04-24,P010,34,1,198.9
2025-04-24,P011,19,0,338.0
2025-04-24,P012,75,0,91.0
2025-04-24,P013,29,0,247.0
2025-04-24,P014,43,0,195.0
2025-04-24,P015,86,0,18.2
2025-04-25,P001,136,0,36.4
2025-04-25,P002,93,0,32.5
2025-04-25,P003,44,0,546.0
2025-04-25,P004,55,0,182.0
2025-04-25,P005,67,0,54.6
2025-04-25,P006,37,0,143.0
2025-04-25,P007,101,0,97.5
2025-04-25,P008,202,0,15.6
2025-04-25,P009,134,0,26.0
2025-04-25,P010,46,1,198.9
2025-04-25,P011,18,0,338.0
2025-04-25,P012,89,0,91.0
2025-04-25,P013,26,0,247.0
2025-04-25,P014,44,0,195.0
2025-04-25,P015,85,0,18.2
2025-04-26,P001,135,0,36.4
2025-04-26,P002,119,0,32.5
2025-04-26,P003,50,0,546.0
2025-04-26,P004,82,0,182.0
2025-04-26,P005,96,0,54.6
2025-04-26,P006,48,0,143.0
2025-04-26,P007,121,0,97.5
2025-04-26,P008,258,0,15.6
2025-04-26,P009,128,0,26.0
2025-04-26,P010,71,1,198.9
2025-04-26,P011,25,0,338.0
2025-04-26,P012,97,0,91.0
2025-04-26,P013,30,0,247.0
2025-04-26,P014,59,0,195.0
2025-04-26,P015,95,0,18.2
2025-04-27,P001,134,0,36.4
2025-04-27,P002,91,0,32.5
2025-04-27,P003,42,0,546.0
2025-04-27,P004,53,0,182.0
2025-04-27,P005,71,0,54.6
2025-04-27,P006,44,0,143.0
2025-04-27,P007,120,0,97.5
2025-04-27,P008,239,0,15.6
2025-04-27,P009,118,0,26.0
2025-04-27,P010,41,1,198.9
2025-04-27,P011,26,0,338.0
2025-04-27,P012,73,0,91.0
2025-04-27,P013,32,0,247.0
2025-04-27,P014,45,0,195.0
2025-04-27,P015,103,0,18.2
2025-04-28,P001,93,0,36.4
2025-04-28,P002,92,0,32.5
2025-04-28,P003,36,0,546.0
2025-04-28,P004,47,0,182.0
2025-04-28,P005,60,0,54.6
2025-04-28,P006,30,0,143.0
2025-04-28,P007,93,0,97.5
2025-04-28,P008,178,0,15.6
2025-04-28,P009,92,0,26.0
2025-04-28,P010,32,0,234.0
2025-04-28,P011,18,0,338.0
2025-04-28,P012,64,0,91.0
2025-04-28,P013,19,0,247.0
2025-04-28,P014,40,0,195.0
2025-04-28,P015,71,0,18.2
2025-04-29,P001,100,0,36.4
2025-04-29,P002,96,0,32.5
2025-04-29,P003,25,0,546.0
2025-04-29,P004,50,0,182.0
2025-04-29,P005,42,0,54.6
2025-04-29,P006,31,0,143.0
2025-04-29,P007,96,0,97.5
2025-04-29,P008,182,0,15.6
2025-04-29,P009,101,0,26.0
2025-04-29,P010,26,0,234.0
2025-04-29,P011,19,0,338.0
2025-04-29,P012,61,0,91.0
2025-04-29,P013,20,0,247.0
2025-04-29,P014,35,0,195.0
2025-04-29,P015,77,0,18.2
2025-04-30,P001,107,0,36.4
2025-04-30,P002,102,0,32.5
2025-04-30,P003,30,0,546.0
2025-04-30,P004,44,0,182.0
2025-04-30,P005,58,0,54.6
2025-04-30,P006,31,0,143.0
2025-04-30,P007,84,0,97.5
2025-04-30,P008,172,0,15.6
2025-04-30,P009,90,0,26.0
2025-04-30,P010,35,0,234.0
2025-04-30,P011,18,0,338.0
2025-04-30,P012,73,0,91.0
2025-04-30,P013,28,0,247.0
2025-04-30,P014,48,1,165.75
2025-04-30,P015,72,0,18.2
2025-05-01,P001,117,0,36.4
2025-05-01,P002,81,0,32.5
2025-05-01,P003,32,0,546.0
2025-05-01,P004,55,0,182.0
2025-05-01,P005,56,0,54.6
2025-05-01,P006,33,0,143.0
2025-05-01,P007,93,0,97.5
2025-05-01,P008,182,0,15.6
2025-05-01,P009,89,0,26.0
2025-05-01,P010,32,0,234.0
2025-05-01,P011,11,0,338.0
2025-05-01,P012,100,1,77.35
2025-05-01,P013,21,0,247.0
2025-05-01,P014,50,1,165.75
2025-05-01,P015,69,0,18.2
2025-05-02,P001,128,0,36.4
2025-05-02,P002,96,0,32.5
2025-05-02,P003,52,0,546.0
2025-05-02,P004,63,0,182.0
2025-05-02,P005,53,0,54.6
2025-05-02,P006,33,0,143.0
2025-05-02,P007,111,0,97.5
2025-05-02,P008,208,0,15.6
2025-05-02,P009,139,0,26.0
2025-05-02,P010,31,0,234.0
2025-05-02,P011,26,0,338.0
2025-05-02,P012,137,1,77.35
2025-05-02,P013,21,0,247.0
2025-05-02,P014,62,1,165.75
2025-05-02,P015,86,0,18.2
2025-05-03,P001,152,0,36.4
2025-05-03,P002,127,0,32.5
2025-05-03,P003,48,0,546.0
2025-05-03,P004,65,0,182.0
2025-05-03,P005,69,0,54.6
2025-05-03,P006,41,0,143.0
2025-05-03,P007,121,0,97.5
2025-05-03,P008,235,0,15.6
2025-05-03,P009,115,0,26.0
2025-05-03,P010,46,0,234.0
2025-05-03,P011,29,0,338.0
2025-05-03,P012,129,1,77.35
2025-05-03,P013,29,0,247.0
2025-05-03,P014,67,1,165.75
2025-05-03,P015,98,0,18.2
2025-05-04,P001,136,0,36.4
2025-05-04,P002,109,0,32.5
2025-05-04,P003,60,0,546.0
2025-05-04,P004,63,0,182.0
2025-05-04,P005,75,0,54.6
2025-05-04,P006,41,0,143.0
2025-05-04,P007,98,0,97.5
2025-05-04,P008,227,0,15.6
2025-05-04,P009,95,0,26.0
2025-05-04,P010,39,0,234.0
2025-05-04,P011,31,0,338.0
2025-05-04,P012,132,1,77.35
2025-05-04,P013,19,0,247.0
2025-05-04,P014,63,1,165.75
2025-05-04,P015,98,0,18.2
2025-05-05,P001,109,0,36.4
2025-05-05,P002,76,0,32.5
2025-05-05,P003,24,0,546.0
2025-05-05,P004,41,0,182.0
2025-05-05,P005,62,0,54.6
2025-05-05,P006,25,0,143.0
2025-05-05,P007,85,0,97.5
2025-05-05,P008,174,0,15.6
2025-05-05,P009,71,0,26.0
2025-05-05,P010,27,0,234.0
2025-05-05,P011,11,0,338.0
2025-05-05,P012,110,1,77.35
2025-05-05,P013,29,0,247.0
2025-05-05,P014,34,0,195.0
2025-05-05,P015,74,0,18.2
2025-05-06,P001,113,0,36.4
2025-05-06,P002,69,0,32.5
2025-05-06,P003,27,0,546.0
2025-05-06,P004,55,0,182.0
2025-05-06,P005,58,0,54.6
2025-05-06,P006,41,0,143.0
2025-05-06,P007,80,0,97.5
2025-05-06,P008,217,0,15.6
2025-05-06,P009,87,0,26.0
2025-05-06,P010,28,0,234.0
2025-05-06,P011,17,0,338.0
2025-05-06,P012,67,0,91.0
2025-05-06,P013,23,0,247.0
2025-05-06,P014,42,0,195.0
2025-05-06,P015,71,0,18.2
2025-05-07,P001,114,0,36.4
2025-05-07,P002,78,0,32.5
2025-05-07,P003,33,0,546.0
2025-05-07,P004,59,0,182.0
2025-05-07,P005,43,0,54.6
2025-05-07,P006,23,0,143.0
2025-05-07,P007,89,0,97.5
2025-05-07,P008,224,0,15.6
2025-05-07,P009,86,0,26.0
2025-05-07,P010,25,0,234.0
2025-05-07,P011,14,0,338.0
2025-05-07,P012,72,0,91.0
2025-05-07,P013,23,0,247.0
2025-05-07,P014,49,0,195.0
2025-05-07,P015,81,0,18.2
2025-05-08,P001,122,0,36.4
2025-05-08,P002,79,0,32.5
2025-05-08,P003,41,0,546.0
2025-05-08,P004,44,0,182.0
2025-05-08,P005,50,0,54.6
2025-05-08,P006,36,0,143.0
2025-05-08,P007,89,0,97.5
2025-05-08,P008,200,0,15.6
2025-05-08,P009,97,0,26.0
2025-05-08,P010,22,0,234.0
2025-05-08,P011,22,0,338.0
2025-05-08,P012,82,0,91.0
2025-05-08,P013,22,0,247.0
2025-05-08,P014,42,0,195.0
2025-05-08,P015,76,0,18.2
2025-05-09,P001,128,0,36.4
2025-05-09,P002,94,0,32.5
2025-05-09,P003,40,0,546.0
2025-05-09,P004,58,0,182.0
2025-05-09,P005,76,0,54.6
2025-05-09,P006,33,0,143.0
2025-05-09,P007,107,0,97.5
2025-05-09,P008,214,0,15.6
2025-05-09,P009,107,0,26.0
2025-05-09,P010,29,0,234.0
2025-05-09,P011,25,0,338.0
2025-05-09,P012,93,0,91.0
2025-05-09,P013,32,0,247.0
2025-05-09,P014,42,0,195.0
2025-05-09,P015,95,0,18.2
2025-05-10,P001,143,0,36.4
2025-05-10,P002,108,0,32.5
2025-05-10,P003,49,0,546.0
2025-05-10,P004,53,0,182.0
2025-05-10,P005,80,0,54.6
2025-05-10,P006,46,0,143.0
2025-05-10,P007,123,0,97.5
2025-05-10,P008,230,0,15.6
2025-05-10,P009,118,0,26.0
2025-05-10,P010,22,0,234.0
2025-05-10,P011,16,0,338.0
2025-05-10,P012,95,0,91.0
2025-05-10,P013,39,0,247.0
2025-05-10,P014,56,0,195.0
2025-05-10,P015,118,0,18.2
2025-05-11,P001,157,0,36.4
2025-05-11,P002,95,0,32.5
2025-05-11,P003,44,0,546.0
2025-05-11,P004,63,0,182.0
2025-05-11,P005,72,0,54.6
2025-05-11,P006,39,0,143.0
2025-05-11,P007,141,0,97.5
2025-05-11,P008,236,0,15.6
2025-05-11,P009,116,0,26.0
2025-05-11,P010,33,0,234.0
2025-05-11,P011,29,0,338.0
2025-05-11,P012,84,0,91.0
2025-05-11,P013,31,0,247.0
2025-05-11,P014,39,0,195.0
2025-05-11,P015,113,0,18.2
2025-05-12,P001,107,0,36.4
2025-05-12,P002,77,0,32.5
2025-05-12,P003,49,0,546.0
2025-05-12,P004,50,0,182.0
2025-05-12,P005,53,0,54.6
2025-05-12,P006,21,0,143.0
2025-05-12,P007,94,0,97.5
2025-05-12,P008,178,0,15.6
2025-05-12,P009,107,0,26.0
2025-05-12,P010,29,0,234.0
2025-05-12,P011,25,0,338.0
2025-05-12,P012,64,0,91.0
2025-05-12,P013,21,0,247.0
2025-05-12,P014,36,0,195.0
2025-05-12,P015,81,0,18.2
2025-05-13,P001,101,0,36.4
2025-05-13,P002,81,0,32.5
2025-05-13,P003,36,0,546.0
2025-05-13,P004,54,0,182.0
2025-05-13,P005,47,0,54.6
2025-05-13,P006,27,0,143.0
2025-05-13,P007,91,0,97.5
2025-05-13,P008,171,0,15.6
2025-05-13,P009,76,0,26.0
2025-05-13,P010,17,0,234.0
2025-05-13,P011,15,0,338.0
2025-05-13,P012,82,0,91.0
2025-05-13,P013,18,0,247.0
2025-05-13,P014,34,0,195.0
2025-05-13,P015,82,0,18.2
2025-05-14,P001,109,0,36.4
2025-05-14,P002,78,0,32.5
2025-05-14,P003,26,0,546.0
2025-05-14,P004,59,1,154.7
2025-05-14,P005,53,0,54.6
2025-05-14,P006,26,0,143.0
2025-05-14,P007,103,0,97.5
2025-05-14,P008,184,0,15.6
2025-05-14,P009,80,0,26.0
2025-05-14,P010,19,0,234.0
2025-05-14,P011,21,0,338.0
2025-05-14,P012,71,0,91.0
2025-05-14,P013,20,0,247.0
2025-05-14,P014,35,0,195.0
2025-05-14,P015,87,0,18.2
2025-05-15,P001,93,0,36.4
2025-05-15,P002,99,0,32.5
2025-05-15,P003,24,0,546.0
2025-05-15,P004,82,1,154.7
2025-05-15,P005,74,0,54.6
2025-05-15,P006,28,0,143.0
2025-05-15,P007,89,0,97.5
2025-05-15,P008,176,0,15.6
2025-05-15,P009,86,0,26.0
2025-05-15,P010,23,0,234.0
2025-05-15,P011,17,0,338.0
2025-05-15,P012,73,0,91.0
2025-05-15,P013,35,0,247.0
2025-05-15,P014,36,0,195.0
2025-05-15,P015,73,0,18.2
2025-05-16,P001,106,0,36.4
2025-05-16,P002,77,0,32.5
2025-05-16,P003,43,0,546.0
2025-05-16,P004,93,1,154.7
2025-05-16,P005,71,0,54.6
2025-05-16,P006,34,0,143.0
2025-05-16,P007,94,0,97.5
2025-05-16,P008,217,0,15.6
2025-05-16,P009,122,0,26.0
2025-05-16,P010,37,0,234.0
2025-05-16,P011,15,0,338.0
2025-05-16,P012,89,0,91.0
2025-05-16,P013,19,0,247.0
2025-05-16,P014,53,0,195.0
2025-05-16,P015,88,0,18.2
2025-05-17,P001,142,0,36.4
2025-05-17,P002,110,0,32.5
2025-05-17,P003,38,0,546.0
2025-05-17,P004,76,1,154.7
2025-05-17,P005,62,0,54.6
2025-05-17,P006,42,0,143.0
2025-05-17,P007,136,0,97.5
2025-05-17,P008,215,0,15.6
2025-05-17,P009,144,0,26.0
2025-05-17,P010,33,0,234.0
2025-05-17,P011,19,0,338.0
2025-05-17,P012,99,0,91.0
2025-05-17,P013,29,0,247.0
2025-05-17,P014,51,0,195.0
2025-05-17,P015,85,0,18.2
2025-05-18,P001,129,0,36.4
2025-05-18,P002,104,0,32.5
2025-05-18,P003,47,0,546.0
2025-05-18,P004,88,1,154.7
2025-05-18,P005,68,0,54.6
2025-05-18,P006,31,0,143.0
2025-05-18,P007,106,0,97.5
2025-05-18,P008,219,0,15.6
2025-05-18,P009,118,0,26.0
2025-05-18,P010,37,0,234.0
2025-05-18,P011,22,0,338.0
2025-05-18,P012,134,1,77.35
2025-05-18,P013,28,0,247.0
2025-05-18,P014,40,0,195.0
2025-05-18,P015,117,0,18.2
2025-05-19,P001,119,0,36.4
2025-05-19,P002,87,0,32.5
2025-05-19,P003,33,0,546.0
2025-05-19,P004,34,0,182.0
2025-05-19,P005,70,0,54.6
2025-05-19,P006,31,0,143.0
2025-05-19,P007,79,0,97.5
2025-05-19,P008,198,0,15.6
2025-05-19,P009,105,0,26.0
2025-05-19,P010,21,0,234.0
2025-05-19,P011,18,0,338.0
2025-05-19,P012,95,1,77.35
2025-05-19,P013,18,0,247.0
2025-05-19,P014,45,0,195.0
2025-05-19,P015,69,0,18.2
2025-05-20,P001,94,0,36.4
2025-05-20,P002,86,0,32.5
2025-05-20,P003,43,1,464.1
2025-05-20,P004,55,0,182.0
2025-05-20,P005,46,0,54.6
2025-05-20,P006,34,0,143.0
2025-05-20,P007,106,0,97.5
2025-05-20,P008,171,0,15.6
2025-05-20,P009,78,0,26.0
2025-05-20,P010,38,0,234.0
2025-05-20,P011,16,0,338.0
2025-05-20,P012,97,1,77.35
2025-05-20,P013,17,0,247.0
2025-05-20,P014,37,0,195.0
2025-05-20,P015,73,0,18.2
2025-05-21,P001,94,0,36.4
2025-05-21,P002,85,0,32.5
2025-05-21,P003,38,1,464.1
2025-05-21,P004,39,0,182.0
2025-05-21,P005,61,0,54.6
2025-05-21,P006,29,0,143.0
2025-05-21,P007,87,0,97.5
2025-05-21,P008,183,0,15.6
2025-05-21,P009,84,0,26.0
2025-05-21,P010,25,0,234.0
2025-05-21,P011,22,0,338.0
2025-05-21,P012,101,1,77.35
2025-05-21,P013,27,0,247.0
2025-05-21,P014,37,0,195.0
2025-05-21,P015,78,0,18.2
2025-05-22,P001,121,0,36.4
2025-05-22,P002,91,0,32.5
2025-05-22,P003,46,1,464.1
2025-05-22,P004,40,0,182.0
2025-05-22,P005,48,0,54.6
2025-05-22,P006,28,0,143.0
2025-05-22,P007,84,0,97.5
2025-05-22,P008,309,1,13.26
2025-05-22,P009,159,1,22.1
2025-05-22,P010,31,0,234.0
2025-05-22,P011,24,0,338.0
2025-05-22,P012,95,1,77.35
2025-05-22,P013,17,0,247.0
2025-05-22,P014,40,0,195.0
2025-05-22,P015,69,0,18.2
2025-05-23,P001,136,0,36.4
2025-05-23,P002,110,0,32.5
2025-05-23,P003,48,1,464.1
2025-05-23,P004,66,0,182.0
2025-05-23,P005,61,0,54.6
2025-05-23,P006,37,0,143.0
2025-05-23,P007,98,0,97.5
2025-05-23,P008,321,1,13.26
2025-05-23,P009,164,1,22.1
2025-05-23,P010,29,0,234.0
2025-05-23,P011,16,0,338.0
2025-05-23,P012,105,0,91.0
2025-05-23,P013,29,0,247.0
2025-05-23,P014,44,0,195.0
2025-05-23,P015,95,0,18.2
2025-05-24,P001,144,0,36.4
2025-05-24,P002,112,0,32.5
2025-05-24,P003,65,1,464.1
2025-05-24,P004,71,0,182.0
2025-05-24,P005,71,0,54.6
2025-05-24,P006,31,0,143.0
2025-05-24,P007,138,0,97.5
2025-05-24,P008,375,1,13.26
2025-05-24,P009,193,1,22.1
2025-05-24,P010,39,0,234.0
2025-05-24,P011,38,0,338.0
2025-05-24,P012,105,0,91.0
2025-05-24,P013,41,0,247.0
2025-05-24,P014,48,0,195.0
2025-05-24,P015,94,0,18.2
2025-05-25,P001,137,0,36.4
2025-05-25,P002,114,0,32.5
2025-05-25,P003,50,0,546.0
2025-05-25,P004,75,0,182.0
2025-05-25,P005,67,0,54.6
2025-05-25,P006,35,0,143.0
2025-05-25,P007,109,0,97.5
2025-05-25,P008,350,1,13.26
2025-05-25,P009,140,1,22.1
2025-05-25,P010,27,0,234.0
2025-05-25,P011,33,0,338.0
2025-05-25,P012,78,0,91.0
2025-05-25,P013,31,0,247.0
2025-05-25,P014,40,0,195.0
2025-05-25,P015,101,0,18.2
2025-05-26,P001,95,0,36.4
2025-05-26,P002,78,0,32.5
2025-05-26,P003,43,0,546.0
2025-05-26,P004,44,0,182.0
2025-05-26,P005,51,0,54.6
2025-05-26,P006,36,0,143.0
2025-05-26,P007,113,0,97.5
2025-05-26,P008,264,1,13.26
2025-05-26,P009,134,1,22.1
2025-05-26,P010,32,0,234.0
2025-05-26,P011,21,0,338.0
2025-05-26,P012,84,0,91.0
2025-05-26,P013,14,0,247.0
2025-05-26,P014,22,0,195.0
2025-05-26,P015,81,0,18.2
2025-05-27,P001,93,0,36.4
2025-05-27,P002,75,0,32.5
2025-05-27,P003,36,0,546.0
2025-05-27,P004,52,0,182.0
2025-05-27,P005,53,0,54.6
2025-05-27,P006,29,0,143.0
2025-05-27,P007,100,0,97.5
2025-05-27,P008,195,0,15.6
2025-05-27,P009,84,0,26.0
2025-05-27,P010,36,0,234.0
2025-05-27,P011,18,0,338.0
2025-05-27,P012,77,0,91.0
2025-05-27,P013,20,0,247.0
2025-05-27,P014,33,0,195.0
2025-05-27,P015,84,0,18.2
2025-05-28,P001,148,1,30.94
2025-05-28,P002,73,0,32.5
2025-05-28,P003,36,0,546.0
2025-05-28,P004,52,0,182.0
2025-05-28,P005,55,0,54.6
2025-05-28,P006,34,0,143.0
2025-05-28,P007,112,0,97.5
2025-05-28,P008,186,0,15.6
2025-05-28,P009,96,0,26.0
2025-05-28,P010,24,0,234.0
2025-05-28,P011,40,1,287.3
2025-05-28,P012,75,0,91.0
2025-05-28,P013,16,0,247.0
2025-05-28,P014,49,0,195.0
2025-05-28,P015,76,0,18.2
2025-05-29,P001,167,1,30.94
2025-05-29,P002,97,0,32.5
2025-05-29,P003,30,0,546.0
2025-05-29,P004,63,0,182.0
2025-05-29,P005,51,0,54.6
2025-05-29,P006,28,0,143.0
2025-05-29,P007,76,0,97.5
2025-05-29,P008,185,0,15.6
2025-05-29,P009,92,0,26.0
2025-05-29,P010,30,0,234.0
2025-05-29,P011,31,1,287.3
2025-05-29,P012,78,0,91.0
2025-05-29,P013,30,0,247.0
2025-05-29,P014,33,0,195.0
2025-05-29,P015,93,0,18.2
2025-05-30,P001,180,1,30.94
2025-05-30,P002,88,0,32.5
2025-05-30,P003,38,0,546.0
2025-05-30,P004,65,0,182.0
2025-05-30,P005,59,0,54.6
2025-05-30,P006,33,0,143.0
2025-05-30,P007,97,0,97.5
2025-05-30,P008,221,0,15.6
2025-05-30,P009,116,0,26.0
2025-05-30,P010,40,0,234.0
2025-05-30,P011,32,1,287.3
2025-05-30,P012,76,0,91.0
2025-05-30,P013,25,0,247.0
2025-05-30,P014,61,0,195.0
2025-05-30,P015,89,0,18.2
2025-05-31,P001,172,1,30.94
2025-05-31,P002,114,0,32.5
2025-05-31,P003,62,0,546.0
2025-05-31,P004,72,0,182.0
2025-05-31,P005,64,0,54.6
2025-05-31,P006,45,0,143.0
2025-05-31,P007,126,0,97.5
2025-05-31,P008,266,0,15.6
2025-05-31,P009,128,0,26.0
2025-05-31,P010,35,0,234.0
2025-05-31,P011,39,1,287.3
2025-05-31,P012,100,0,91.0
2025-05-31,P013,40,0,247.0
2025-05-31,P014,58,0,195.0
2025-05-31,P015,107,0,18.2
2025-06-01,P001,181,1,30.94
2025-06-01,P002,96,0,32.5
2025-06-01,P003,46,0,546.0
2025-06-01,P004,68,0,182.0
2025-06-01,P005,75,0,54.6
2025-06-01,P006,32,0,143.0
2025-06-01,P007,100,0,97.5
2025-06-01,P008,245,0,15.6
2025-06-01,P009,102,0,26.0
2025-06-01,P010,31,0,234.0
2025-06-01,P011,31,1,287.3
2025-06-01,P012,88,0,91.0
2025-06-01,P013,30,0,247.0
2025-06-01,P014,55,0,195.0
2025-06-01,P015,100,0,18.2
2025-06-02,P001,109,0,36.4
2025-06-02,P002,86,0,32.5
2025-06-02,P003,31,0,546.0
2025-06-02,P004,37,0,182.0
2025-06-02,P005,64,0,54.6
2025-06-02,P006,25,0,143.0
2025-06-02,P007,93,0,97.5
2025-06-02,P008,170,0,15.6
2025-06-02,P009,76,0,26.0
2025-06-02,P010,25,0,234.0
2025-06-02,P011,18,0,338.0
2025-06-02,P012,70,0,91.0
2025-06-02,P013,26,0,247.0
2025-06-02,P014,63,1,165.75
2025-06-02,P015,71,0,18.2
2025-06-03,P001,89,0,36.4
2025-06-03,P002,99,0,32.5
2025-06-03,P003,26,0,546.0
2025-06-03,P004,40,0,182.0
2025-06-03,P005,49,0,54.6
2025-06-03,P006,30,0,143.0
2025-06-03,P007,99,0,97.5
2025-06-03,P008,186,0,15.6
2025-06-03,P009,103,0,26.0
2025-06-03,P010,33,0,234.0
2025-06-03,P011,19,0,338.0
2025-06-03,P012,60,0,91.0
2025-06-03,P013,25,0,247.0
2025-06-03,P014,67,1,165.75
2025-06-03,P015,78,0,18.2
2025-06-04,P001,120,0,36.4
2025-06-04,P002,81,0,32.5
2025-06-04,P003,31,0,546.0
2025-06-04,P004,44,0,182.0
2025-06-04,P005,58,0,54.6
2025-06-04,P006,21,0,143.0
2025-06-04,P007,90,0,97.5
2025-06-04,P008,185,0,15.6
2025-06-04,P009,108,0,26.0
2025-06-04,P010,28,0,234.0
2025-06-04,P011,26,0,338.0
2025-06-04,P012,77,0,91.0
2025-06-04,P013,19,0,247.0
2025-06-04,P014,58,1,165.75
2025-06-04,P015,80,0,18.2
2025-06-05,P001,117,0,36.4
2025-06-05,P002,82,0,32.5
2025-06-05,P003,34,0,546.0
2025-06-05,P004,51,0,182.0
2025-06-05,P005,56,0,54.6
2025-06-05,P006,30,0,143.0
2025-06-05,P007,96,0,97.5
2025-06-05,P008,187,0,15.6
2025-06-05,P009,88,0,26.0
2025-06-05,P010,32,0,234.0
2025-06-05,P011,30,0,338.0
2025-06-05,P012,82,0,91.0
2025-06-05,P013,25,0,247.0
2025-06-05,P014,52,1,165.75
2025-06-05,P015,68,0,18.2
2025-06-06,P001,139,0,36.4
2025-06-06,P002,98,0,32.5
2025-06-06,P003,46,0,546.0
2025-06-06,P004,56,0,182.0
2025-06-06,P005,57,0,54.6
2025-06-06,P006,37,0,143.0
2025-06-06,P007,83,0,97.5
2025-06-06,P008,203,0,15.6
2025-06-06,P009,104,0,26.0
2025-06-06,P010,23,0,234.0
2025-06-06,P011,20,0,338.0
2025-06-06,P012,91,0,91.0
2025-06-06,P013,31,0,247.0
2025-06-06,P014,59,1,165.75
2025-06-06,P015,89,0,18.2
2025-06-07,P001,143,0,36.4
2025-06-07,P002,113,0,32.5
2025-06-07,P003,49,0,546.0
2025-06-07,P004,64,0,182.0
2025-06-07,P005,74,0,54.6
2025-06-07,P006,32,0,143.0
2025-06-07,P007,107,0,97.5
2025-06-07,P008,277,0,15.6
2025-06-07,P009,118,0,26.0
2025-06-07,P010,32,0,234.0
2025-06-07,P011,26,0,338.0
2025-06-07,P012,80,0,91.0
2025-06-07,P013,25,0,247.0
2025-06-07,P014,41,0,195.0
2025-06-07,P015,93,0,18.2
2025-06-08,P001,130,0,36.4
2025-06-08,P002,138,1,27.62
2025-06-08,P003,45,0,546.0
2025-06-08,P004,56,0,182.0
2025-06-08,P005,98,1,46.41
2025-06-08,P006,31,0,143.0
2025-06-08,P007,123,0,97.5
2025-06-08,P008,233,0,15.6
2025-06-08,P009,96,0,26.0
2025-06-08,P010,29,0,234.0
2025-06-08,P011,30,1,287.3
2025-06-08,P012,81,0,91.0
2025-06-08,P013,22,0,247.0
2025-06-08,P014,44,0,195.0
2025-06-08,P015,93,0,18.2
2025-06-09,P001,106,0,36.4
2025-06-09,P002,107,1,27.62
2025-06-09,P003,38,0,546.0
2025-06-09,P004,42,0,182.0
2025-06-09,P005,77,1,46.41
2025-06-09,P006,22,0,143.0
2025-06-09,P007,90,0,97.5
2025-06-09,P008,210,0,15.6
2025-06-09,P009,73,0,26.0
2025-06-09,P010,25,0,234.0
2025-06-09,P011,20,1,287.3
2025-06-09,P012,74,0,91.0
2025-06-09,P013,17,0,247.0
2025-06-09,P014,45,0,195.0
2025-06-09,P015,65,0,18.2
2025-06-10,P001,118,0,36.4
2025-06-10,P002,100,1,27.62
2025-06-10,P003,27,0,546.0
2025-06-10,P004,53,0,182.0
2025-06-10,P005,57,1,46.41
2025-06-10,P006,22,0,143.0
2025-06-10,P007,98,0,97.5
2025-06-10,P008,173,0,15.6
2025-06-10,P009,100,0,26.0
2025-06-10,P010,26,0,234.0
2025-06-10,P011,18,1,287.3
2025-06-10,P012,68,0,91.0
2025-06-10,P013,23,0,247.0
2025-06-10,P014,43,0,195.0
2025-06-10,P015,85,0,18.2
2025-06-11,P001,125,0,36.4
2025-06-11,P002,114,1,27.62
2025-06-11,P003,33,0,546.0
2025-06-11,P004,55,0,182.0
2025-06-11,P005,82,1,46.41
2025-06-11,P006,34,0,143.0
2025-06-11,P007,96,0,97.5
2025-06-11,P008,180,0,15.6
2025-06-11,P009,88,0,26.0
2025-06-11,P010,23,0,234.0
2025-06-11,P011,24,1,287.3
2025-06-11,P012,78,0,91.0
2025-06-11,P013,26,0,247.0
2025-06-11,P014,36,0,195.0
2025-06-11,P015,78,0,18.2
2025-06-12,P001,125,0,36.4
2025-06-12,P002,86,1,27.62
2025-06-12,P003,35,0,546.0
2025-06-12,P004,51,0,182.0
2025-06-12,P005,90,1,46.41
2025-06-12,P006,32,0,143.0
2025-06-12,P007,88,0,97.5
2025-06-12,P008,187,0,15.6
2025-06-12,P009,110,0,26.0
2025-06-12,P010,22,0,234.0
2025-06-12,P011,26,1,287.3
2025-06-12,P012,70,0,91.0
2025-06-12,P013,20,0,247.0
2025-06-12,P014,33,0,195.0
2025-06-12,P015,69,0,18.2
2025-06-13,P001,130,0,36.4
2025-06-13,P002,94,0,32.5
2025-06-13,P003,42,0,546.0
2025-06-13,P004,53,0,182.0
2025-06-13,P005,61,0,54.6
2025-06-13,P006,36,0,143.0
2025-06-13,P007,101,0,97.5
2025-06-13,P008,244,0,15.6
2025-06-13,P009,159,1,22.1
2025-06-13,P010,34,0,234.0
2025-06-13,P011,19,0,338.0
2025-06-13,P012,82,0,91.0
2025-06-13,P013,30,0,247.0
2025-06-13,P014,45,0,195.0
2025-06-13,P015,97,0,18.2
2025-06-14,P001,129,0,36.4
2025-06-14,P002,101,0,32.5
2025-06-14,P003,49,0,546.0
2025-06-14,P004,79,0,182.0
2025-06-14,P005,56,0,54.6
2025-06-14,P006,28,0,143.0
2025-06-14,P007,102,0,97.5
2025-06-14,P008,238,0,15.6
2025-06-14,P009,172,1,22.1
2025-06-14,P010,27,0,234.0
2025-06-14,P011,16,0,338.0
2025-06-14,P012,101,0,91.0
2025-06-14,P013,28,0,247.0
2025-06-14,P014,49,0,195.0
2025-06-14,P015,95,0,18.2
2025-06-15,P001,155,0,36.4
2025-06-15,P002,104,0,32.5
2025-06-15,P003,40,0,546.0
2025-06-15,P004,70,0,182.0
2025-06-15,P005,67,0,54.6
2025-06-15,P006,32,0,143.0
2025-06-15,P007,113,0,97.5
2025-06-15,P008,250,0,15.6
2025-06-15,P009,151,1,22.1
2025-06-15,P010,36,0,234.0
2025-06-15,P011,27,0,338.0
2025-06-15,P012,78,0,91.0
2025-06-15,P013,26,0,247.0
2025-06-15,P014,53,0,195.0
2025-06-15,P015,109,0,18.2
2025-06-16,P001,95,0,36.4
2025-06-16,P002,82,0,32.5
2025-06-16,P003,33,0,546.0
2025-06-16,P004,56,0,182.0
2025-06-16,P005,46,0,54.6
2025-06-16,P006,26,0,143.0
2025-06-16,P007,74,0,97.5
2025-06-16,P008,197,0,15.6
2025-06-16,P009,129,1,22.1
2025-06-16,P010,23,0,234.0
2025-06-16,P011,16,0,338.0
2025-06-16,P012,93,0,91.0
2025-06-16,P013,34,0,247.0
2025-06-16,P014,37,0,195.0
2025-06-16,P015,59,0,18.2
2025-06-17,P001,96,0,36.4
2025-06-17,P002,89,0,32.5
2025-06-17,P003,49,0,546.0
2025-06-17,P004,40,0,182.0
2025-06-17,P005,60,0,54.6
2025-06-17,P006,27,0,143.0
2025-06-17,P007,83,0,97.5
2025-06-17,P008,177,0,15.6
2025-06-17,P009,127,1,22.1
2025-06-17,P010,31,0,234.0
2025-06-17,P011,17,0,338.0
2025-06-17,P012,70,0,91.0
2025-06-17,P013,29,0,247.0
2025-06-17,P014,44,0,195.0
2025-06-17,P015,81,0,18.2
2025-06-18,P001,127,0,36.4
2025-06-18,P002,79,0,32.5
2025-06-18,P003,37,0,546.0
2025-06-18,P004,56,0,182.0
2025-06-18,P005,52,0,54.6
2025-06-18,P006,24,0,143.0
2025-06-18,P007,156,1,82.88
2025-06-18,P008,207,0,15.6
2025-06-18,P009,79,0,26.0
2025-06-18,P010,26,0,234.0
2025-06-18,P011,25,0,338.0
2025-06-18,P012,68,0,91.0
2025-06-18,P013,23,0,247.0
2025-06-18,P014,44,0,195.0
2025-06-18,P015,69,0,18.2
2025-06-19,P001,106,0,36.4
2025-06-19,P002,96,0,32.5
2025-06-19,P003,35,0,546.0
2025-06-19,P004,52,0,182.0
2025-06-19,P005,45,0,54.6
2025-06-19,P006,29,0,143.0
2025-06-19,P007,148,1,82.88
2025-06-19,P008,269,1,13.26
2025-06-19,P009,90,0,26.0
2025-06-19,P010,37,0,234.0
2025-06-19,P011,16,0,338.0
2025-06-19,P012,68,0,91.0
2025-06-19,P013,27,0,247.0
2025-06-19,P014,39,0,195.0
2025-06-19,P015,96,0,18.2
2025-06-20,P001,137,0,36.4
2025-06-20,P002,99,0,32.5
2025-06-20,P003,36,0,546.0
2025-06-20,P004,63,0,182.0
2025-06-20,P005,62,0,54.6
2025-06-20,P006,30,0,143.0
2025-06-20,P007,194,1,82.88
2025-06-20,P008,339,1,13.26
2025-06-20,P009,99,0,26.0
2025-06-20,P010,36,0,234.0
2025-06-20,P011,26,0,338.0
2025-06-20,P012,91,0,91.0
2025-06-20,P013,44,0,247.0
2025-06-20,P014,47,0,195.0
2025-06-20,P015,101,0,18.2
2025-06-21,P001,147,0,36.4
2025-06-21,P002,99,0,32.5
2025-06-21,P003,39,0,546.0
2025-06-21,P004,65,0,182.0
2025-06-21,P005,74,0,54.6
2025-06-21,P006,36,0,143.0
2025-06-21,P007,180,1,82.88
2025-06-21,P008,333,1,13.26
2025-06-21,P009,108,0,26.0
2025-06-21,P010,47,1,198.9
2025-06-21,P011,21,0,338.0
2025-06-21,P012,102,0,91.0
2025-06-21,P013,62,0,247.0
2025-06-21,P014,42,0,195.0
2025-06-21,P015,111,0,18.2
2025-06-22,P001,154,0,36.4
2025-06-22,P002,109,0,32.5
2025-06-22,P003,41,0,546.0
2025-06-22,P004,69,0,182.0
2025-06-22,P005,57,0,54.6
2025-06-22,P006,20,0,143.0
2025-06-22,P007,149,1,82.88
2025-06-22,P008,313,1,13.26
2025-06-22,P009,117,0,26.0
2025-06-22,P010,60,1,198.9
2025-06-22,P011,29,0,338.0
2025-06-22,P012,94,0,91.0
2025-06-22,P013,27,0,247.0
2025-06-22,P014,29,0,195.0
2025-06-22,P015,107,0,18.2
2025-06-23,P001,119,0,36.4
2025-06-23,P002,86,0,32.5
2025-06-23,P003,45,0,546.0
2025-06-23,P004,49,0,182.0
2025-06-23,P005,69,0,54.6
2025-06-23,P006,31,0,143.0
2025-06-23,P007,76,0,97.5
2025-06-23,P008,266,1,13.26
2025-06-23,P009,94,0,26.0
2025-06-23,P010,37,1,198.9
2025-06-23,P011,25,0,338.0
2025-06-23,P012,67,0,91.0
2025-06-23,P013,26,0,247.0
2025-06-23,P014,31,0,195.0
2025-06-23,P015,69,0,18.2
2025-06-24,P001,114,0,36.4
2025-06-24,P002,91,0,32.5
2025-06-24,P003,33,0,546.0
2025-06-24,P004,53,0,182.0
2025-06-24,P005,54,0,54.6
2025-06-24,P006,27,0,143.0
2025-06-24,P007,82,0,97.5
2025-06-24,P008,175,0,15.6
2025-06-24,P009,92,0,26.0
2025-06-24,P010,39,1,198.9
2025-06-24,P011,20,0,338.0
2025-06-24,P012,68,0,91.0
2025-06-24,P013,24,0,247.0
2025-06-24,P014,33,0,195.0
2025-06-24,P015,84,0,18.2
2025-06-25,P001,110,0,36.4
2025-06-25,P002,67,0,32.5
2025-06-25,P003,35,0,546.0
2025-06-25,P004,36,0,182.0
2025-06-25,P005,55,0,54.6
2025-06-25,P006,34,1,121.55
2025-06-25,P007,80,0,97.5
2025-06-25,P008,179,0,15.6
2025-06-25,P009,74,0,26.0
2025-06-25,P010,52,1,198.9
2025-06-25,P011,20,0,338.0
2025-06-25,P012,61,0,91.0
2025-06-25,P013,22,0,247.0
2025-06-25,P014,42,0,195.0
2025-06-25,P015,82,0,18.2
2025-06-26,P001,105,0,36.4
2025-06-26,P002,77,0,32.5
2025-06-26,P003,40,0,546.0
2025-06-26,P004,52,0,182.0
2025-06-26,P005,45,0,54.6
2025-06-26,P006,41,1,121.55
2025-06-26,P007,93,0,97.5
2025-06-26,P008,166,0,15.6
2025-06-26,P009,101,0,26.0
2025-06-26,P010,24,0,234.0
2025-06-26,P011,21,0,338.0
2025-06-26,P012,67,0,91.0
2025-06-26,P013,21,0,247.0
2025-06-26,P014,27,0,195.0
2025-06-26,P015,64,0,18.2
2025-06-27,P001,139,0,36.4
2025-06-27,P002,95,0,32.5
2025-06-27,P003,36,0,546.0
2025-06-27,P004,64,0,182.0
2025-06-27,P005,76,0,54.6
2025-06-27,P006,48,1,121.55
2025-06-27,P007,88,0,97.5
2025-06-27,P008,219,0,15.6
2025-06-27,P009,101,0,26.0
2025-06-27,P010,32,0,234.0
2025-06-27,P011,16,0,338.0
2025-06-27,P012,91,0,91.0
2025-06-27,P013,16,0,247.0
2025-06-27,P014,41,0,195.0
2025-06-27,P015,128,1,15.47
2025-06-28,P001,131,0,36.4
2025-06-28,P002,110,0,32.5
2025-06-28,P003,46,0,546.0
2025-06-28,P004,68,0,182.0
2025-06-28,P005,69,0,54.6
2025-06-28,P006,45,1,121.55
2025-06-28,P007,99,0,97.5
2025-06-28,P008,246,0,15.6
2025-06-28,P009,125,0,26.0
2025-06-28,P010,38,0,234.0
2025-06-28,P011,27,0,338.0
2025-06-28,P012,92,0,91.0
2025-06-28,P013,35,0,247.0
2025-06-28,P014,48,0,195.0
2025-06-28,P015,135,1,15.47
2025-06-29,P001,146,0,36.4
2025-06-29,P002,156,1,27.62
2025-06-29,P003,50,0,546.0
2025-06-29,P004,82,1,154.7
2025-06-29,P005,72,0,54.6
2025-06-29,P006,48,1,121.55
2025-06-29,P007,89,0,97.5
2025-06-29,P008,232,0,15.6
2025-06-29,P009,119,0,26.0
2025-06-29,P010,28,0,234.0
2025-06-29,P011,29,0,338.0
2025-06-29,P012,82,0,91.0
2025-06-29,P013,23,0,247.0
2025-06-29,P014,42,0,195.0
2025-06-29,P015,120,1,15.47
2025-06-30,P001,116,0,36.4
2025-06-30,P002,111,1,27.62
2025-06-30,P003,36,0,546.0
2025-06-30,P004,65,1,154.7
2025-06-30,P005,49,0,54.6
2025-06-30,P006,26,0,143.0
2025-06-30,P007,70,0,97.5
2025-06-30,P008,173,0,15.6
2025-06-30,P009,93,0,26.0
2025-06-30,P010,22,0,234.0
2025-06-30,P011,23,0,338.0
2025-06-30,P012,69,0,91.0
2025-06-30,P013,32,0,247.0
2025-06-30,P014,30,0,195.0
2025-06-30,P015,110,1,15.47
2025-07-01,P001,108,0,36.4
2025-07-01,P002,117,1,27.62
2025-07-01,P003,36,0,546.0
2025-07-01,P004,73,1,154.7
2025-07-01,P005,65,0,54.6
2025-07-01,P006,21,0,143.0
2025-07-01,P007,73,0,97.5
2025-07-01,P008,167,0,15.6
2025-07-01,P009,97,0,26.0
2025-07-01,P010,24,0,234.0
2025-07-01,P011,25,0,338.0
2025-07-01,P012,59,0,91.0
2025-07-01,P013,21,0,247.0
2025-07-01,P014,28,0,195.0
2025-07-01,P015,91,1,15.47
2025-07-02,P001,127,0,36.4
2025-07-02,P002,107,1,27.62
2025-07-02,P003,25,0,546.0
2025-07-02,P004,75,1,154.7
2025-07-02,P005,44,0,54.6
2025-07-02,P006,27,0,143.0
2025-07-02,P007,74,0,97.5
2025-07-02,P008,176,0,15.6
2025-07-02,P009,78,0,26.0
2025-07-02,P010,28,0,234.0
2025-07-02,P011,12,0,338.0
2025-07-02,P012,78,0,91.0
2025-07-02,P013,16,0,247.0
2025-07-02,P014,36,0,195.0
2025-07-02,P015,89,0,18.2
2025-07-03,P001,88,0,36.4
2025-07-03,P002,114,1,27.62
2025-07-03,P003,28,0,546.0
2025-07-03,P004,69,1,154.7
2025-07-03,P005,73,1,46.41
2025-07-03,P006,30,0,143.0
2025-07-03,P007,99,0,97.5
2025-07-03,P008,162,0,15.6
2025-07-03,P009,88,0,26.0
2025-07-03,P010,40,0,234.0
2025-07-03,P011,18,0,338.0
2025-07-03,P012,82,0,91.0
2025-07-03,P013,38,0,247.0
2025-07-03,P014,28,0,195.0
2025-07-03,P015,80,0,18.2
2025-07-04,P001,136,0,36.4
2025-07-04,P002,97,0,32.5
2025-07-04,P003,51,0,546.0
2025-07-04,P004,64,0,182.0
2025-07-04,P005,95,1,46.41
2025-07-04,P006,35,0,143.0
2025-07-04,P007,88,0,97.5
2025-07-04,P008,214,0,15.6
2025-07-04,P009,103,0,26.0
2025-07-04,P010,35,0,234.0
2025-07-04,P011,13,0,338.0
2025-07-04,P012,89,0,91.0
2025-07-04,P013,21,0,247.0
2025-07-04,P014,36,0,195.0
2025-07-04,P015,86,0,18.2
2025-07-05,P001,157,0,36.4
2025-07-05,P002,105,0,32.5
2025-07-05,P003,43,0,546.0
2025-07-05,P004,68,0,182.0
2025-07-05,P005,86,1,46.41
2025-07-05,P006,43,0,143.0
2025-07-05,P007,100,0,97.5
2025-07-05,P008,242,0,15.6
2025-07-05,P009,110,0,26.0
2025-07-05,P010,41,0,234.0
2025-07-05,P011,33,0,338.0
2025-07-05,P012,97,0,91.0
2025-07-05,P013,24,0,247.0
2025-07-05,P014,56,0,195.0
2025-07-05,P015,80,0,18.2
2025-07-06,P001,110,0,36.4
2025-07-06,P002,98,0,32.5
2025-07-06,P003,47,0,546.0
2025-07-06,P004,66,0,182.0
2025-07-06,P005,111,1,46.41
2025-07-06,P006,33,0,143.0
2025-07-06,P007,113,0,97.5
2025-07-06,P008,227,0,15.6
2025-07-06,P009,111,0,26.0
2025-07-06,P010,29,0,234.0
2025-07-06,P011,25,0,338.0
2025-07-06,P012,87,0,91.0
2025-07-06,P013,31,0,247.0
2025-07-06,P014,40,0,195.0
2025-07-06,P015,75,0,18.2
2025-07-07,P001,110,0,36.4
2025-07-07,P002,92,0,32.5
2025-07-07,P003,32,0,546.0
2025-07-07,P004,45,0,182.0
2025-07-07,P005,68,1,46.41
2025-07-07,P006,22,0,143.0
2025-07-07,P007,86,0,97.5
2025-07-07,P008,181,0,15.6
2025-07-07,P009,88,0,26.0
2025-07-07,P010,30,0,234.0
2025-07-07,P011,14,0,338.0
2025-07-07,P012,79,0,91.0
2025-07-07,P013,18,0,247.0
2025-07-07,P014,26,0,195.0
2025-07-07,P015,82,0,18.2
2025-07-08,P001,112,0,36.4
2025-07-08,P002,69,0,32.5
2025-07-08,P003,37,0,546.0
2025-07-08,P004,50,0,182.0
2025-07-08,P005,45,0,54.6
2025-07-08,P006,24,0,143.0
2025-07-08,P007,63,0,97.5
2025-07-08,P008,175,0,15.6
2025-07-08,P009,67,0,26.0
2025-07-08,P010,29,0,234.0
2025-07-08,P011,19,0,338.0
2025-07-08,P012,62,0,91.0
2025-07-08,P013,15,0,247.0
2025-07-08,P014,34,0,195.0
2025-07-08,P015,73,0,18.2
2025-07-09,P001,106,0,36.4
2025-07-09,P002,93,0,32.5
2025-07-09,P003,46,0,546.0
2025-07-09,P004,59,0,182.0
2025-07-09,P005,56,0,54.6
2025-07-09,P006,25,0,143.0
2025-07-09,P007,83,0,97.5
2025-07-09,P008,172,0,15.6
2025-07-09,P009,100,0,26.0
2025-07-09,P010,29,0,234.0
2025-07-09,P011,19,0,338.0
2025-07-09,P012,73,0,91.0
2025-07-09,P013,26,0,247.0
2025-07-09,P014,33,0,195.0
2025-07-09,P015,96,0,18.2
2025-07-10,P001,118,0,36.4
2025-07-10,P002,74,0,32.5
2025-07-10,P003,42,0,546.0
2025-07-10,P004,51,0,182.0
2025-07-10,P005,59,0,54.6
2025-07-10,P006,26,0,143.0
2025-07-10,P007,81,0,97.5
2025-07-10,P008,164,0,15.6
2025-07-10,P009,106,0,26.0
2025-07-10,P010,24,0,234.0
2025-07-10,P011,18,0,338.0
2025-07-10,P012,70,0,91.0
2025-07-10,P013,25,0,247.0
2025-07-10,P014,28,0,195.0
2025-07-10,P015,73,0,18.2
2025-07-11,P001,144,0,36.4
2025-07-11,P002,146,1,27.62
2025-07-11,P003,55,0,546.0
2025-07-11,P004,57,0,182.0
2025-07-11,P005,62,0,54.6
2025-07-11,P006,25,0,143.0
2025-07-11,P007,112,0,97.5
2025-07-11,P008,224,0,15.6
2025-07-11,P009,109,0,26.0
2025-07-11,P010,33,0,234.0
2025-07-11,P011,22,0,338.0
2025-07-11,P012,73,0,91.0
2025-07-11,P013,29,0,247.0
2025-07-11,P014,44,0,195.0
2025-07-11,P015,80,0,18.2
2025-07-12,P001,163,0,36.4
2025-07-12,P002,159,1,27.62
2025-07-12,P003,46,0,546.0
2025-07-12,P004,62,0,182.0
2025-07-12,P005,83,0,54.6
2025-07-12,P006,36,0,143.0
2025-07-12,P007,99,0,97.5
2025-07-12,P008,234,0,15.6
2025-07-12,P009,112,0,26.0
2025-07-12,P010,36,0,234.0
2025-07-12,P011,31,0,338.0
2025-07-12,P012,111,0,91.0
2025-07-12,P013,32,0,247.0
2025-07-12,P014,42,0,195.0
2025-07-12,P015,100,0,18.2
2025-07-13,P001,140,0,36.4
2025-07-13,P002,139,1,27.62
2025-07-13,P003,51,0,546.0
2025-07-13,P004,62,0,182.0
2025-07-13,P005,71,0,54.6
2025-07-13,P006,32,0,143.0
2025-07-13,P007,102,0,97.5
2025-07-13,P008,240,0,15.6
2025-07-13,P009,108,0,26.0
2025-07-13,P010,27,0,234.0
2025-07-13,P011,24,0,338.0
2025-07-13,P012,85,0,91.0
2025-07-13,P013,33,0,247.0
2025-07-13,P014,49,0,195.0
2025-07-13,P015,93,0,18.2
2025-07-14,P001,100,0,36.4
2025-07-14,P002,105,1,27.62
2025-07-14,P003,41,0,546.0
2025-07-14,P004,63,0,182.0
2025-07-14,P005,49,0,54.6
2025-07-14,P006,28,0,143.0
2025-07-14,P007,60,0,97.5
2025-07-14,P008,146,0,15.6
2025-07-14,P009,97,0,26.0
2025-07-14,P010,21,0,234.0
2025-07-14,P011,24,0,338.0
2025-07-14,P012,57,0,91.0
2025-07-14,P013,26,0,247.0
2025-07-14,P014,37,0,195.0
2025-07-14,P015,87,0,18.2
2025-07-15,P001,138,1,30.94
2025-07-15,P002,98,1,27.62
2025-07-15,P003,37,0,546.0
2025-07-15,P004,38,0,182.0
2025-07-15,P005,51,0,54.6
2025-07-15,P006,25,0,143.0
2025-07-15,P007,94,0,97.5
2025-07-15,P008,170,0,15.6
2025-07-15,P009,102,0,26.0
2025-07-15,P010,33,0,234.0
2025-07-15,P011,11,0,338.0
2025-07-15,P012,69,0,91.0
2025-07-15,P013,22,0,247.0
2025-07-15,P014,37,0,195.0
2025-07-15,P015,71,0,18.2
2025-07-16,P001,148,1,30.94
2025-07-16,P002,85,0,32.5
2025-07-16,P003,47,1,464.1
2025-07-16,P004,52,0,182.0
2025-07-16,P005,55,0,54.6
2025-07-16,P006,30,0,143.0
2025-07-16,P007,70,0,97.5
2025-07-16,P008,191,0,15.6
2025-07-16,P009,85,0,26.0
2025-07-16,P010,28,0,234.0
2025-07-16,P011,20,0,338.0
2025-07-16,P012,79,0,91.0
2025-07-16,P013,25,0,247.0
2025-07-16,P014,23,0,195.0
2025-07-16,P015,80,0,18.2
2025-07-17,P001,151,1,30.94
2025-07-17,P002,94,0,32.5
2025-07-17,P003,69,1,464.1
2025-07-17,P004,53,0,182.0
2025-07-17,P005,87,1,46.41
2025-07-17,P006,28,0,143.0
2025-07-17,P007,78,0,97.5
2025-07-17,P008,201,0,15.6
2025-07-17,P009,94,0,26.0
2025-07-17,P010,35,0,234.0
2025-07-17,P011,27,0,338.0
2025-07-17,P012,64,0,91.0
2025-07-17,P013,23,0,247.0
2025-07-17,P014,38,0,195.0
2025-07-17,P015,84,0,18.2
2025-07-18,P001,167,1,30.94
2025-07-18,P002,100,0,32.5
2025-07-18,P003,72,1,464.1
2025-07-18,P004,62,0,182.0
2025-07-18,P005,87,1,46.41
2025-07-18,P006,30,0,143.0
2025-07-18,P007,97,0,97.5
2025-07-18,P008,208,0,15.6
2025-07-18,P009,94,0,26.0
2025-07-18,P010,29,0,234.0
2025-07-18,P011,15,0,338.0
2025-07-18,P012,106,0,91.0
2025-07-18,P013,19,0,247.0
2025-07-18,P014,33,0,195.0
2025-07-18,P015,84,0,18.2
2025-07-19,P001,213,1,30.94
2025-07-19,P002,107,0,32.5
2025-07-19,P003,70,1,464.1
2025-07-19,P004,72,0,182.0
2025-07-19,P005,113,1,46.41
2025-07-19,P006,38,0,143.0
2025-07-19,P007,109,0,97.5
2025-07-19,P008,183,0,15.6
2025-07-19,P009,124,0,26.0
2025-07-19,P010,38,0,234.0
2025-07-19,P011,16,0,338.0
2025-07-19,P012,111,0,91.0
2025-07-19,P013,43,1,209.95
2025-07-19,P014,52,0,195.0
2025-07-19,P015,106,0,18.2
2025-07-20,P001,157,0,36.4
2025-07-20,P002,101,0,32.5
2025-07-20,P003,70,1,464.1
2025-07-20,P004,67,0,182.0
2025-07-20,P005,101,1,46.41
2025-07-20,P006,31,0,143.0
2025-07-20,P007,85,0,97.5
2025-07-20,P008,272,1,13.26
2025-07-20,P009,118,0,26.0
2025-07-20,P010,32,0,234.0
2025-07-20,P011,27,0,338.0
2025-07-20,P012,97,0,91.0
2025-07-20,P013,48,1,209.95
2025-07-20,P014,44,0,195.0
2025-07-20,P015,134,1,15.47
2025-07-21,P001,94,0,36.4
2025-07-21,P002,80,0,32.5
2025-07-21,P003,35,0,546.0
2025-07-21,P004,57,0,182.0
2025-07-21,P005,73,1,46.41
2025-07-21,P006,28,0,143.0
2025-07-21,P007,81,0,97.5
2025-07-21,P008,215,1,13.26
2025-07-21,P009,98,0,26.0
2025-07-21,P010,21,0,234.0
2025-07-21,P011,23,0,338.0
2025-07-21,P012,74,0,91.0
2025-07-21,P013,30,1,209.95
2025-07-21,P014,32,0,195.0
2025-07-21,P015,115,1,15.47
2025-07-22,P001,88,0,36.4
2025-07-22,P002,73,0,32.5
2025-07-22,P003,36,0,546.0
2025-07-22,P004,40,0,182.0
2025-07-22,P005,49,0,54.6
2025-07-22,P006,22,0,143.0
2025-07-22,P007,79,0,97.5
2025-07-22,P008,208,1,13.26
2025-07-22,P009,93,0,26.0
2025-07-22,P010,37,1,198.9
2025-07-22,P011,21,0,338.0
2025-07-22,P012,73,0,91.0
2025-07-22,P013,31,1,209.95
2025-07-22,P014,36,0,195.0
2025-07-22,P015,110,1,15.47
2025-07-23,P001,114,0,36.4
2025-07-23,P002,70,0,32.5
2025-07-23,P003,37,0,546.0
2025-07-23,P004,53,0,182.0
2025-07-23,P005,60,0,54.6
2025-07-23,P006,31,0,143.0
2025-07-23,P007,64,0,97.5
2025-07-23,P008,198,1,13.26
2025-07-23,P009,96,0,26.0
2025-07-23,P010,32,1,198.9
2025-07-23,P011,14,0,338.0
2025-07-23,P012,76,0,91.0
2025-07-23,P013,35,1,209.95
2025-07-23,P014,64,1,165.75
2025-07-23,P015,103,1,15.47
2025-07-24,P001,111,0,36.4
2025-07-24,P002,128,1,27.62
2025-07-24,P003,42,0,546.0
2025-07-24,P004,61,1,154.7
2025-07-24,P005,53,0,54.6
2025-07-24,P006,24,0,143.0
2025-07-24,P007,78,0,97.5
2025-07-24,P008,240,1,13.26
2025-07-24,P009,96,0,26.0
2025-07-24,P010,42,1,198.9
2025-07-24,P011,27,0,338.0
2025-07-24,P012,60,0,91.0
2025-07-24,P013,25,0,247.0
2025-07-24,P014,57,1,165.75
2025-07-24,P015,113,1,15.47
2025-07-25,P001,141,0,36.4
2025-07-25,P002,156,1,27.62
2025-07-25,P003,42,0,546.0
2025-07-25,P004,74,1,154.7
2025-07-25,P005,54,0,54.6
2025-07-25,P006,18,0,143.0
2025-07-25,P007,99,0,97.5
2025-07-25,P008,210,0,15.6
2025-07-25,P009,113,0,26.0
2025-07-25,P010,53,1,198.9
2025-07-25,P011,20,0,338.0
2025-07-25,P012,110,1,77.35
2025-07-25,P013,25,0,247.0
2025-07-25,P014,43,1,165.75
2025-07-25,P015,80,0,18.2
2025-07-26,P001,142,0,36.4
2025-07-26,P002,134,1,27.62
2025-07-26,P003,49,0,546.0
2025-07-26,P004,99,1,154.7
2025-07-26,P005,73,0,54.6
2025-07-26,P006,35,0,143.0
2025-07-26,P007,105,0,97.5
2025-07-26,P008,228,0,15.6
2025-07-26,P009,107,0,26.0
2025-07-26,P010,71,1,198.9
2025-07-26,P011,24,0,338.0
2025-07-26,P012,124,1,77.35
2025-07-26,P013,38,0,247.0
2025-07-26,P014,60,1,165.75
2025-07-26,P015,102,0,18.2
2025-07-27,P001,128,0,36.4
2025-07-27,P002,150,1,27.62
2025-07-27,P003,45,0,546.0
2025-07-27,P004,95,1,154.7
2025-07-27,P005,69,0,54.6
2025-07-27,P006,33,0,143.0
2025-07-27,P007,87,0,97.5
2025-07-27,P008,194,0,15.6
2025-07-27,P009,109,0,26.0
2025-07-27,P010,48,0,234.0
2025-07-27,P011,22,0,338.0
2025-07-27,P012,125,1,77.35
2025-07-27,P013,28,0,247.0
2025-07-27,P014,56,1,165.75
2025-07-27,P015,96,0,18.2
2025-07-28,P001,125,0,36.4
2025-07-28,P002,125,1,27.62
2025-07-28,P003,31,0,546.0
2025-07-28,P004,65,1,154.7
2025-07-28,P005,64,0,54.6
2025-07-28,P006,18,0,143.0
2025-07-28,P007,62,0,97.5
2025-07-28,P008,127,0,15.6
2025-07-28,P009,81,0,26.0
2025-07-28,P010,30,0,234.0
2025-07-28,P011,24,0,338.0
2025-07-28,P012,105,1,77.35
2025-07-28,P013,22,0,247.0
2025-07-28,P014,38,0,195.0
2025-07-28,P015,84,0,18.2
2025-07-29,P001,116,0,36.4
2025-07-29,P002,83,0,32.5
2025-07-29,P003,35,0,546.0
2025-07-29,P004,49,0,182.0
2025-07-29,P005,44,0,54.6
2025-07-29,P006,25,0,143.0
2025-07-29,P007,84,0,97.5
2025-07-29,P008,145,0,15.6
2025-07-29,P009,110,0,26.0
2025-07-29,P010,32,0,234.0
2025-07-29,P011,29,0,338.0
2025-07-29,P012,107,1,77.35
2025-07-29,P013,11,0,247.0
2025-07-29,P014,28,0,195.0
2025-07-29,P015,78,0,18.2
2025-07-30,P001,115,0,36.4
2025-07-30,P002,85,0,32.5
2025-07-30,P003,38,0,546.0
2025-07-30,P004,45,0,182.0
2025-07-30,P005,55,0,54.6
2025-07-30,P006,27,0,143.0
2025-07-30,P007,74,0,97.5
2025-07-30,P008,181,0,15.6
2025-07-30,P009,84,0,26.0
2025-07-30,P010,18,0,234.0
2025-07-30,P011,15,0,338.0
2025-07-30,P012,68,0,91.0
2025-07-30,P013,24,0,247.0
2025-07-30,P014,34,0,195.0
2025-07-30,P015,71,0,18.2
2025-07-31,P001,106,0,36.4
2025-07-31,P002,84,0,32.5
2025-07-31,P003,48,0,546.0
2025-07-31,P004,61,0,182.0
2025-07-31,P005,59,0,54.6
2025-07-31,P006,31,0,143.0
2025-07-31,P007,72,0,97.5
2025-07-31,P008,163,0,15.6
2025-07-31,P009,86,0,26.0
2025-07-31,P010,25,0,234.0
2025-07-31,P011,18,0,338.0
2025-07-31,P012,92,0,91.0
2025-07-31,P013,23,0,247.0
2025-07-31,P014,29,0,195.0
2025-07-31,P015,77,0,18.2
2025-08-01,P001,119,0,36.4
2025-08-01,P002,90,0,32.5
2025-08-01,P003,43,0,546.0
2025-08-01,P004,61,0,182.0
2025-08-01,P005,62,0,54.6
2025-08-01,P006,27,0,143.0
2025-08-01,P007,70,0,97.5
2025-08-01,P008,211,0,15.6
2025-08-01,P009,113,0,26.0
2025-08-01,P010,36,0,234.0
2025-08-01,P011,26,0,338.0
2025-08-01,P012,82,0,91.0
2025-08-01,P013,30,0,247.0
2025-08-01,P014,50,0,195.0
2025-08-01,P015,87,0,18.2
2025-08-02,P001,143,0,36.4
2025-08-02,P002,112,0,32.5
2025-08-02,P003,51,0,546.0
2025-08-02,P004,70,0,182.0
2025-08-02,P005,80,0,54.6
2025-08-02,P006,35,0,143.0
2025-08-02,P007,82,0,97.5
2025-08-02,P008,194,0,15.6
2025-08-02,P009,144,0,26.0
2025-08-02,P010,34,0,234.0
2025-08-02,P011,23,0,338.0
2025-08-02,P012,97,0,91.0
2025-08-02,P013,36,0,247.0
2025-08-02,P014,45,0,195.0
2025-08-02,P015,94,0,18.2
2025-08-03,P001,150,0,36.4
2025-08-03,P002,81,0,32.5
2025-08-03,P003,55,0,546.0
2025-08-03,P004,72,0,182.0
2025-08-03,P005,53,0,54.6
2025-08-03,P006,35,0,143.0
2025-08-03,P007,83,0,97.5
2025-08-03,P008,189,0,15.6
2025-08-03,P009,119,0,26.0
2025-08-03,P010,39,0,234.0
2025-08-03,P011,22,0,338.0
2025-08-03,P012,96,0,91.0
2025-08-03,P013,38,0,247.0
2025-08-03,P014,37,0,195.0
2025-08-03,P015,112,0,18.2
2025-08-04,P001,107,0,36.4
2025-08-04,P002,84,0,32.5
2025-08-04,P003,39,0,546.0
2025-08-04,P004,41,0,182.0
2025-08-04,P005,50,0,54.6
2025-08-04,P006,28,0,143.0
2025-08-04,P007,74,0,97.5
2025-08-04,P008,134,0,15.6
2025-08-04,P009,72,0,26.0
2025-08-04,P010,27,0,234.0
2025-08-04,P011,14,0,338.0
2025-08-04,P012,81,0,91.0
2025-08-04,P013,30,1,209.95
2025-08-04,P014,28,0,195.0
2025-08-04,P015,86,0,18.2
2025-08-05,P001,118,0,36.4
2025-08-05,P002,86,0,32.5
2025-08-05,P003,51,1,464.1
2025-08-05,P004,49,0,182.0
2025-08-05,P005,62,0,54.6
2025-08-05,P006,26,0,143.0
2025-08-05,P007,75,0,97.5
2025-08-05,P008,171,0,15.6
2025-08-05,P009,91,0,26.0
2025-08-05,P010,15,0,234.0
2025-08-05,P011,22,0,338.0
2025-08-05,P012,89,0,91.0
2025-08-05,P013,32,1,209.95
2025-08-05,P014,34,0,195.0
2025-08-05,P015,63,0,18.2
2025-08-06,P001,113,0,36.4
2025-08-06,P002,87,0,32.5
2025-08-06,P003,59,1,464.1
2025-08-06,P004,54,0,182.0
2025-08-06,P005,56,0,54.6
2025-08-06,P006,22,0,143.0
2025-08-06,P007,69,0,97.5
2025-08-06,P008,118,0,15.6
2025-08-06,P009,77,0,26.0
2025-08-06,P010,25,0,234.0
2025-08-06,P011,17,0,338.0
2025-08-06,P012,74,0,91.0
2025-08-06,P013,24,1,209.95
2025-08-06,P014,26,0,195.0
2025-08-06,P015,79,0,18.2
2025-08-07,P001,115,0,36.4
2025-08-07,P002,90,0,32.5
2025-08-07,P003,57,1,464.1
2025-08-07,P004,48,0,182.0
2025-08-07,P005,51,0,54.6
2025-08-07,P006,37,0,143.0
2025-08-07,P007,79,0,97.5
2025-08-07,P008,166,0,15.6
2025-08-07,P009,90,0,26.0
2025-08-07,P010,25,0,234.0
2025-08-07,P011,14,0,338.0
2025-08-07,P012,98,0,91.0
2025-08-07,P013,39,1,209.95
2025-08-07,P014,30,0,195.0
2025-08-07,P015,76,0,18.2
2025-08-08,P001,116,0,36.4
2025-08-08,P002,103,0,32.5
2025-08-08,P003,68,1,464.1
2025-08-08,P004,81,0,182.0
2025-08-08,P005,74,0,54.6
2025-08-08,P006,36,0,143.0
2025-08-08,P007,92,0,97.5
2025-08-08,P008,181,0,15.6
2025-08-08,P009,109,0,26.0
2025-08-08,P010,32,0,234.0
2025-08-08,P011,18,0,338.0
2025-08-08,P012,100,0,91.0
2025-08-08,P013,35,1,209.95
2025-08-08,P014,33,0,195.0
2025-08-08,P015,107,0,18.2
2025-08-09,P001,142,0,36.4
2025-08-09,P002,106,0,32.5
2025-08-09,P003,76,1,464.1
2025-08-09,P004,70,0,182.0
2025-08-09,P005,65,0,54.6
2025-08-09,P006,36,0,143.0
2025-08-09,P007,94,0,97.5
2025-08-09,P008,190,0,15.6
2025-08-09,P009,130,0,26.0
2025-08-09,P010,32,0,234.0
2025-08-09,P011,18,0,338.0
2025-08-09,P012,108,0,91.0
2025-08-09,P013,24,0,247.0
2025-08-09,P014,37,0,195.0
2025-08-09,P015,115,0,18.2
2025-08-10,P001,138,0,36.4
2025-08-10,P002,118,0,32.5
2025-08-10,P003,58,0,546.0
2025-08-10,P004,58,0,182.0
2025-08-10,P005,59,0,54.6
2025-08-10,P006,27,0,143.0
2025-08-10,P007,96,0,97.5
2025-08-10,P008,189,0,15.6
2025-08-10,P009,158,1,22.1
2025-08-10,P010,29,0,234.0
2025-08-10,P011,25,0,338.0
2025-08-10,P012,97,0,91.0
2025-08-10,P013,37,0,247.0
2025-08-10,P014,34,0,195.0
2025-08-10,P015,108,0,18.2
2025-08-11,P001,103,0,36.4
2025-08-11,P002,67,0,32.5
2025-08-11,P003,27,0,546.0
2025-08-11,P004,57,0,182.0
2025-08-11,P005,61,0,54.6
2025-08-11,P006,32,0,143.0
2025-08-11,P007,60,0,97.5
2025-08-11,P008,191,1,13.26
2025-08-11,P009,137,1,22.1
2025-08-11,P010,26,0,234.0
2025-08-11,P011,21,0,338.0
2025-08-11,P012,70,0,91.0
2025-08-11,P013,27,0,247.0
2025-08-11,P014,32,0,195.0
2025-08-11,P015,75,0,18.2
2025-08-12,P001,94,0,36.4
2025-08-12,P002,74,0,32.5
2025-08-12,P003,25,0,546.0
2025-08-12,P004,81,1,154.7
2025-08-12,P005,58,0,54.6
2025-08-12,P006,22,0,143.0
2025-08-12,P007,60,0,97.5
2025-08-12,P008,183,1,13.26
2025-08-12,P009,145,1,22.1
2025-08-12,P010,34,0,234.0
2025-08-12,P011,14,0,338.0
2025-08-12,P012,64,0,91.0
2025-08-12,P013,24,0,247.0
2025-08-12,P014,30,0,195.0
2025-08-12,P015,86,0,18.2
2025-08-13,P001,91,0,36.4
2025-08-13,P002,94,0,32.5
2025-08-13,P003,27,0,546.0
2025-08-13,P004,71,1,154.7
2025-08-13,P005,70,0,54.6
2025-08-13,P006,21,0,143.0
2025-08-13,P007,67,0,97.5
2025-08-13,P008,225,1,13.26
2025-08-13,P009,146,1,22.1
2025-08-13,P010,28,0,234.0
2025-08-13,P011,16,0,338.0
2025-08-13,P012,80,0,91.0
2025-08-13,P013,15,0,247.0
2025-08-13,P014,35,0,195.0
2025-08-13,P015,82,0,18.2
2025-08-14,P001,106,0,36.4
2025-08-14,P002,89,0,32.5
2025-08-14,P003,39,0,546.0
2025-08-14,P004,81,1,154.7
2025-08-14,P005,57,0,54.6
2025-08-14,P006,28,0,143.0
2025-08-14,P007,63,0,97.5
2025-08-14,P008,203,1,13.26
2025-08-14,P009,135,1,22.1
2025-08-14,P010,32,0,234.0
2025-08-14,P011,17,0,338.0
2025-08-14,P012,91,0,91.0
2025-08-14,P013,30,0,247.0
2025-08-14,P014,33,0,195.0
2025-08-14,P015,73,0,18.2
2025-08-15,P001,130,0,36.4
2025-08-15,P002,99,0,32.5
2025-08-15,P003,40,0,546.0
2025-08-15,P004,88,1,154.7
2025-08-15,P005,66,0,54.6
2025-08-15,P006,34,0,143.0
2025-08-15,P007,79,0,97.5
2025-08-15,P008,255,1,13.26
2025-08-15,P009,111,0,26.0
2025-08-15,P010,37,0,234.0
2025-08-15,P011,25,0,338.0
2025-08-15,P012,69,0,91.0
2025-08-15,P013,28,0,247.0
2025-08-15,P014,39,0,195.0
2025-08-15,P015,88,0,18.2
2025-08-16,P001,168,0,36.4
2025-08-16,P002,122,0,32.5
2025-08-16,P003,41,0,546.0
2025-08-16,P004,108,1,154.7
2025-08-16,P005,76,0,54.6
2025-08-16,P006,37,0,143.0
2025-08-16,P007,82,0,97.5
2025-08-16,P008,200,0,15.6
2025-08-16,P009,132,0,26.0
2025-08-16,P010,36,0,234.0
2025-08-16,P011,25,0,338.0
2025-08-16,P012,114,0,91.0
2025-08-16,P013,37,0,247.0
2025-08-16,P014,33,0,195.0
2025-08-16,P015,107,0,18.2
2025-08-17,P001,141,0,36.4
2025-08-17,P002,101,0,32.5
2025-08-17,P003,39,0,546.0
2025-08-17,P004,75,0,182.0
2025-08-17,P005,67,0,54.6
2025-08-17,P006,30,0,143.0
2025-08-17,P007,82,0,97.5
2025-08-17,P008,157,0,15.6
2025-08-17,P009,101,0,26.0
2025-08-17,P010,41,0,234.0
2025-08-17,P011,33,1,287.3
2025-08-17,P012,106,0,91.0
2025-08-17,P013,23,0,247.0
2025-08-17,P014,26,0,195.0
2025-08-17,P015,105,0,18.2
2025-08-18,P001,105,0,36.4
2025-08-18,P002,71,0,32.5
2025-08-18,P003,31,0,546.0
2025-08-18,P004,46,0,182.0
2025-08-18,P005,53,0,54.6
2025-08-18,P006,40,0,143.0
2025-08-18,P007,66,0,97.5
2025-08-18,P008,131,0,15.6
2025-08-18,P009,100,0,26.0
2025-08-18,P010,22,0,234.0
2025-08-18,P011,22,1,287.3
2025-08-18,P012,88,0,91.0
2025-08-18,P013,16,0,247.0
2025-08-18,P014,30,0,195.0
2025-08-18,P015,71,0,18.2
2025-08-19,P001,165,1,30.94
2025-08-19,P002,79,0,32.5
2025-08-19,P003,28,0,546.0
2025-08-19,P004,45,0,182.0
2025-08-19,P005,49,0,54.6
2025-08-19,P006,30,0,143.0
2025-08-19,P007,65,0,97.5
2025-08-19,P008,157,0,15.6
2025-08-19,P009,91,0,26.0
2025-08-19,P010,21,0,234.0
2025-08-19,P011,27,1,287.3
2025-08-19,P012,71,0,91.0
2025-08-19,P013,25,0,247.0
2025-08-19,P014,39,0,195.0
2025-08-19,P015,92,0,18.2
2025-08-20,P001,148,1,30.94
2025-08-20,P002,85,0,32.5
2025-08-20,P003,42,0,546.0
2025-08-20,P004,46,0,182.0
2025-08-20,P005,52,0,54.6
2025-08-20,P006,29,0,143.0
2025-08-20,P007,49,0,97.5
2025-08-20,P008,133,0,15.6
2025-08-20,P009,103,0,26.0
2025-08-20,P010,29,0,234.0
2025-08-20,P011,21,1,287.3
2025-08-20,P012,83,0,91.0
2025-08-20,P013,25,0,247.0
2025-08-20,P014,21,0,195.0
2025-08-20,P015,91,0,18.2
2025-08-21,P001,153,1,30.94
2025-08-21,P002,73,0,32.5
2025-08-21,P003,32,0,546.0
2025-08-21,P004,57,0,182.0
2025-08-21,P005,47,0,54.6
2025-08-21,P006,26,0,143.0
2025-08-21,P007,68,0,97.5
2025-08-21,P008,160,0,15.6
2025-08-21,P009,104,0,26.0
2025-08-21,P010,22,0,234.0
2025-08-21,P011,42,1,287.3
2025-08-21,P012,64,0,91.0
2025-08-21,P013,19,0,247.0
2025-08-21,P014,28,0,195.0
2025-08-21,P015,96,0,18.2
2025-08-22,P001,196,1,30.94
2025-08-22,P002,111,0,32.5
2025-08-22,P003,44,0,546.0
2025-08-22,P004,66,0,182.0
2025-08-22,P005,58,0,54.6
2025-08-22,P006,40,0,143.0
2025-08-22,P007,57,0,97.5
2025-08-22,P008,172,0,15.6
2025-08-22,P009,117,0,26.0
2025-08-22,P010,29,0,234.0
2025-08-22,P011,22,0,338.0
2025-08-22,P012,112,0,91.0
2025-08-22,P013,29,0,247.0
2025-08-22,P014,38,0,195.0
2025-08-22,P015,104,0,18.2
2025-08-23,P001,207,1,30.94
2025-08-23,P002,124,0,32.5
2025-08-23,P003,55,0,546.0
2025-08-23,P004,60,0,182.0
2025-08-23,P005,78,0,54.6
2025-08-23,P006,26,0,143.0
2025-08-23,P007,81,0,97.5
2025-08-23,P008,176,0,15.6
2025-08-23,P009,113,0,26.0
2025-08-23,P010,50,0,234.0
2025-08-23,P011,28,0,338.0
2025-08-23,P012,90,0,91.0
2025-08-23,P013,26,0,247.0
2025-08-23,P014,48,0,195.0
2025-08-23,P015,104,0,18.2
2025-08-24,P001,114,0,36.4
2025-08-24,P002,91,0,32.5
2025-08-24,P003,46,0,546.0
2025-08-24,P004,43,0,182.0
2025-08-24,P005,69,0,54.6
2025-08-24,P006,23,0,143.0
2025-08-24,P007,101,0,97.5
2025-08-24,P008,174,0,15.6
2025-08-24,P009,107,0,26.0
2025-08-24,P010,40,0,234.0
2025-08-24,P011,35,0,338.0
2025-08-24,P012,81,0,91.0
2025-08-24,P013,27,0,247.0
2025-08-24,P014,37,0,195.0
2025-08-24,P015,86,0,18.2
2025-08-25,P001,117,0,36.4
2025-08-25,P002,106,0,32.5
2025-08-25,P003,38,0,546.0
2025-08-25,P004,36,0,182.0
2025-08-25,P005,47,0,54.6
2025-08-25,P006,29,0,143.0
2025-08-25,P007,46,0,97.5
2025-08-25,P008,124,0,15.6
2025-08-25,P009,93,0,26.0
2025-08-25,P010,28,0,234.0
2025-08-25,P011,22,0,338.0
2025-08-25,P012,69,0,91.0
2025-08-25,P013,19,0,247.0
2025-08-25,P014,18,0,195.0
2025-08-25,P015,79,0,18.2
2025-08-26,P001,86,0,36.4
2025-08-26,P002,96,0,32.5
2025-08-26,P003,40,0,546.0
2025-08-26,P004,48,0,182.0
2025-08-26,P005,53,0,54.6
2025-08-26,P006,29,0,143.0
2025-08-26,P007,51,0,97.5
2025-08-26,P008,142,0,15.6
2025-08-26,P009,99,0,26.0
2025-08-26,P010,28,0,234.0
2025-08-26,P011,21,0,338.0
2025-08-26,P012,69,0,91.0
2025-08-26,P013,20,0,247.0
2025-08-26,P014,26,0,195.0
2025-08-26,P015,74,0,18.2
2025-08-27,P001,132,0,36.4
2025-08-27,P002,86,0,32.5
2025-08-27,P003,31,0,546.0
2025-08-27,P004,49,0,182.0
2025-08-27,P005,55,0,54.6
2025-08-27,P006,28,0,143.0
2025-08-27,P007,60,0,97.5
2025-08-27,P008,124,0,15.6
2025-08-27,P009,96,0,26.0
2025-08-27,P010,25,0,234.0
2025-08-27,P011,9,0,338.0
2025-08-27,P012,70,0,91.0
2025-08-27,P013,28,0,247.0
2025-08-27,P014,24,0,195.0
2025-08-27,P015,80,0,18.2
2025-08-28,P001,106,0,36.4
2025-08-28,P002,98,0,32.5
2025-08-28,P003,36,0,546.0
2025-08-28,P004,53,0,182.0
2025-08-28,P005,57,0,54.6
2025-08-28,P006,29,0,143.0
2025-08-28,P007,51,0,97.5
2025-08-28,P008,123,0,15.6
2025-08-28,P009,112,0,26.0
2025-08-28,P010,31,0,234.0
2025-08-28,P011,19,0,338.0
2025-08-28,P012,79,0,91.0
2025-08-28,P013,16,0,247.0
2025-08-28,P014,21,0,195.0
2025-08-28,P015,93,0,18.2
2025-08-29,P001,119,0,36.4
2025-08-29,P002,95,0,32.5
2025-08-29,P003,39,0,546.0
2025-08-29,P004,61,0,182.0
2025-08-29,P005,62,0,54.6
2025-08-29,P006,37,0,143.0
2025-08-29,P007,73,0,97.5
2025-08-29,P008,168,0,15.6
2025-08-29,P009,104,0,26.0
2025-08-29,P010,33,0,234.0
2025-08-29,P011,26,0,338.0
2025-08-29,P012,101,0,91.0
2025-08-29,P013,25,0,247.0
2025-08-29,P014,28,0,195.0
2025-08-29,P015,86,0,18.2
2025-08-30,P001,144,0,36.4
2025-08-30,P002,117,0,32.5
2025-08-30,P003,54,0,546.0
2025-08-30,P004,72,0,182.0
2025-08-30,P005,78,0,54.6
2025-08-30,P006,39,0,143.0
2025-08-30,P007,94,0,97.5
2025-08-30,P008,170,0,15.6
2025-08-30,P009,123,0,26.0
2025-08-30,P010,34,0,234.0
2025-08-30,P011,30,0,338.0
2025-08-30,P012,109,0,91.0
2025-08-30,P013,32,0,247.0
2025-08-30,P014,38,0,195.0
2025-08-30,P015,128,0,18.2
2025-08-31,P001,145,0,36.4
2025-08-31,P002,106,0,32.5
2025-08-31,P003,48,0,546.0
2025-08-31,P004,69,0,182.0
2025-08-31,P005,78,0,54.6
2025-08-31,P006,30,0,143.0
2025-08-31,P007,74,0,97.5
2025-08-31,P008,163,0,15.6
2025-08-31,P009,130,0,26.0
2025-08-31,P010,39,0,234.0
2025-08-31,P011,20,0,338.0
2025-08-31,P012,100,0,91.0
2025-08-31,P013,34,0,247.0
2025-08-31,P014,36,0,195.0
2025-08-31,P015,88,0,18.2
2025-09-01,P001,115,0,36.4
2025-09-01,P002,71,0,32.5
2025-09-01,P003,59,0,546.0
2025-09-01,P004,51,0,182.0
2025-09-01,P005,40,0,54.6
2025-09-01,P006,34,0,143.0
2025-09-01,P007,67,0,97.5
2025-09-01,P008,119,0,15.6
2025-09-01,P009,89,0,26.0
2025-09-01,P010,32,0,234.0
2025-09-01,P011,22,0,338.0
2025-09-01,P012,57,0,91.0
2025-09-01,P013,33,0,247.0
2025-09-01,P014,21,0,195.0
2025-09-01,P015,69,0,18.2
2025-09-02,P001,110,0,36.4
2025-09-02,P002,76,0,32.5
2025-09-02,P003,42,0,546.0
2025-09-02,P004,55,0,182.0
2025-09-02,P005,65,0,54.6
2025-09-02,P006,24,0,143.0
2025-09-02,P007,50,0,97.5
2025-09-02,P008,126,0,15.6
2025-09-02,P009,90,0,26.0
2025-09-02,P010,28,0,234.0
2025-09-02,P011,26,0,338.0
2025-09-02,P012,70,0,91.0
2025-09-02,P013,17,0,247.0
2025-09-02,P014,24,0,195.0
2025-09-02,P015,88,0,18.2
2025-09-03,P001,125,0,36.4
2025-09-03,P002,74,0,32.5
2025-09-03,P003,26,0,546.0
2025-09-03,P004,59,0,182.0
2025-09-03,P005,47,0,54.6
2025-09-03,P006,37,0,143.0
2025-09-03,P007,59,0,97.5
2025-09-03,P008,120,0,15.6
2025-09-03,P009,98,0,26.0
2025-09-03,P010,23,0,234.0
2025-09-03,P011,17,0,338.0
2025-09-03,P012,96,0,91.0
2025-09-03,P013,24,0,247.0
2025-09-03,P014,20,0,195.0
2025-09-03,P015,76,0,18.2
2025-09-04,P001,128,0,36.4
2025-09-04,P002,90,0,32.5
2025-09-04,P003,37,0,546.0
2025-09-04,P004,57,0,182.0
2025-09-04,P005,61,0,54.6
2025-09-04,P006,20,0,143.0
2025-09-04,P007,66,0,97.5
2025-09-04,P008,133,0,15.6
2025-09-04,P009,106,0,26.0
2025-09-04,P010,37,0,234.0
2025-09-04,P011,18,0,338.0
2025-09-04,P012,82,0,91.0
2025-09-04,P013,21,0,247.0
2025-09-04,P014,23,0,195.0
2025-09-04,P015,74,0,18.2
2025-09-05,P001,126,0,36.4
2025-09-05,P002,91,0,32.5
2025-09-05,P003,46,0,546.0
2025-09-05,P004,60,0,182.0
2025-09-05,P005,72,0,54.6
2025-09-05,P006,47,1,121.55
2025-09-05,P007,76,0,97.5
2025-09-05,P008,138,0,15.6
2025-09-05,P009,121,0,26.0
2025-09-05,P010,31,0,234.0
2025-09-05,P011,23,0,338.0
2025-09-05,P012,116,0,91.0
2025-09-05,P013,30,0,247.0
2025-09-05,P014,28,0,195.0
2025-09-05,P015,81,0,18.2
2025-09-06,P001,149,0,36.4
2025-09-06,P002,112,0,32.5
2025-09-06,P003,58,0,546.0
2025-09-06,P004,97,0,182.0
2025-09-06,P005,73,0,54.6
2025-09-06,P006,61,1,121.55
2025-09-06,P007,87,0,97.5
2025-09-06,P008,199,0,15.6
2025-09-06,P009,119,0,26.0
2025-09-06,P010,37,0,234.0
2025-09-06,P011,28,0,338.0
2025-09-06,P012,80,0,91.0
2025-09-06,P013,26,0,247.0
2025-09-06,P014,33,0,195.0
2025-09-06,P015,117,0,18.2
2025-09-07,P001,151,0,36.4
2025-09-07,P002,124,0,32.5
2025-09-07,P003,47,0,546.0
2025-09-07,P004,72,0,182.0
2025-09-07,P005,81,0,54.6
2025-09-07,P006,51,1,121.55
2025-09-07,P007,66,0,97.5
2025-09-07,P008,160,0,15.6
2025-09-07,P009,132,0,26.0
2025-09-07,P010,34,0,234.0
2025-09-07,P011,22,0,338.0
2025-09-07,P012,88,0,91.0
2025-09-07,P013,30,0,247.0
2025-09-07,P014,35,0,195.0
2025-09-07,P015,108,0,18.2
2025-09-08,P001,120,0,36.4
2025-09-08,P002,99,0,32.5
2025-09-08,P003,41,0,546.0
2025-09-08,P004,43,0,182.0
2025-09-08,P005,62,0,54.6
2025-09-08,P006,50,1,121.55
2025-09-08,P007,54,0,97.5
2025-09-08,P008,101,0,15.6
2025-09-08,P009,83,0,26.0
2025-09-08,P010,26,0,234.0
2025-09-08,P011,19,0,338.0
2025-09-08,P012,67,0,91.0
2025-09-08,P013,18,0,247.0
2025-09-08,P014,20,0,195.0
2025-09-08,P015,76,0,18.2
2025-09-09,P001,128,0,36.4
2025-09-09,P002,94,0,32.5
2025-09-09,P003,45,0,546.0
2025-09-09,P004,51,0,182.0
2025-09-09,P005,44,0,54.6
2025-09-09,P006,47,1,121.55
2025-09-09,P007,57,0,97.5
2025-09-09,P008,122,0,15.6
2025-09-09,P009,101,0,26.0
2025-09-09,P010,36,0,234.0
2025-09-09,P011,27,0,338.0
2025-09-09,P012,84,0,91.0
2025-09-09,P013,26,0,247.0
2025-09-09,P014,18,0,195.0
2025-09-09,P015,95,0,18.2
2025-09-10,P001,101,0,36.4
2025-09-10,P002,89,0,32.5
2025-09-10,P003,32,0,546.0
2025-09-10,P004,61,0,182.0
2025-09-10,P005,58,0,54.6
2025-09-10,P006,32,0,143.0
2025-09-10,P007,46,0,97.5
2025-09-10,P008,121,0,15.6
2025-09-10,P009,90,0,26.0
2025-09-10,P010,31,0,234.0
2025-09-10,P011,15,0,338.0
2025-09-10,P012,80,0,91.0
2025-09-10,P013,19,0,247.0
2025-09-10,P014,17,0,195.0
2025-09-10,P015,79,0,18.2
2025-09-11,P001,125,0,36.4
2025-09-11,P002,94,0,32.5
2025-09-11,P003,37,0,546.0
2025-09-11,P004,58,0,182.0
2025-09-11,P005,66,0,54.6
2025-09-11,P006,29,0,143.0
2025-09-11,P007,55,0,97.5
2025-09-11,P008,119,0,15.6
2025-09-11,P009,103,0,26.0
2025-09-11,P010,23,0,234.0
2025-09-11,P011,17,0,338.0
2025-09-11,P012,65,0,91.0
2025-09-11,P013,29,0,247.0
2025-09-11,P014,22,0,195.0
2025-09-11,P015,71,0,18.2
2025-09-12,P001,122,0,36.4
2025-09-12,P002,112,0,32.5
2025-09-12,P003,39,0,546.0
2025-09-12,P004,44,0,182.0
2025-09-12,P005,70,0,54.6
2025-09-12,P006,36,0,143.0
2025-09-12,P007,72,0,97.5
2025-09-12,P008,154,0,15.6
2025-09-12,P009,120,0,26.0
2025-09-12,P010,21,0,234.0
2025-09-12,P011,11,0,338.0
2025-09-12,P012,90,0,91.0
2025-09-12,P013,30,0,247.0
2025-09-12,P014,28,0,195.0
2025-09-12,P015,100,0,18.2
2025-09-13,P001,174,0,36.4
2025-09-13,P002,118,0,32.5
2025-09-13,P003,61,0,546.0
2025-09-13,P004,91,0,182.0
2025-09-13,P005,73,0,54.6
2025-09-13,P006,43,0,143.0
2025-09-13,P007,72,0,97.5
2025-09-13,P008,169,0,15.6
2025-09-13,P009,117,0,26.0
2025-09-13,P010,47,0,234.0
2025-09-13,P011,32,0,338.0
2025-09-13,P012,100,0,91.0
2025-09-13,P013,37,0,247.0
2025-09-13,P014,27,0,195.0
2025-09-13,P015,102,0,18.2
2025-09-14,P001,148,0,36.4
2025-09-14,P002,103,0,32.5
2025-09-14,P003,65,0,546.0
2025-09-14,P004,54,0,182.0
2025-09-14,P005,83,0,54.6
2025-09-14,P006,37,0,143.0
2025-09-14,P007,70,0,97.5
2025-09-14,P008,153,0,15.6
2025-09-14,P009,113,0,26.0
2025-09-14,P010,35,0,234.0
2025-09-14,P011,29,0,338.0
2025-09-14,P012,83,0,91.0
2025-09-14,P013,25,0,247.0
2025-09-14,P014,31,0,195.0
2025-09-14,P015,103,0,18.2
2025-09-15,P001,89,0,36.4
2025-09-15,P002,85,0,32.5
2025-09-15,P003,33,0,546.0
2025-09-15,P004,53,0,182.0
2025-09-15,P005,68,0,54.6
2025-09-15,P006,38,0,143.0
2025-09-15,P007,45,0,97.5
2025-09-15,P008,116,0,15.6
2025-09-15,P009,108,0,26.0
2025-09-15,P010,23,0,234.0
2025-09-15,P011,16,0,338.0
2025-09-15,P012,80,0,91.0
2025-09-15,P013,23,0,247.0
2025-09-15,P014,30,0,195.0
2025-09-15,P015,75,0,18.2
2025-09-16,P001,106,0,36.4
2025-09-16,P002,113,0,32.5
2025-09-16,P003,41,0,546.0
2025-09-16,P004,53,0,182.0
2025-09-16,P005,55,0,54.6
2025-09-16,P006,31,0,143.0
2025-09-16,P007,58,0,97.5
2025-09-16,P008,107,0,15.6
2025-09-16,P009,97,0,26.0
2025-09-16,P010,31,0,234.0
2025-09-16,P011,10,0,338.0
2025-09-16,P012,71,0,91.0
2025-09-16,P013,31,0,247.0
2025-09-16,P014,16,0,195.0
2025-09-16,P015,76,0,18.2
2025-09-17,P001,128,0,36.4
2025-09-17,P002,82,0,32.5
2025-09-17,P003,37,0,546.0
2025-09-17,P004,62,0,182.0
2025-09-17,P005,47,0,54.6
2025-09-17,P006,23,0,143.0
2025-09-17,P007,53,0,97.5
2025-09-17,P008,109,0,15.6
2025-09-17,P009,95,0,26.0
2025-09-17,P010,19,0,234.0
2025-09-17,P011,14,0,338.0
2025-09-17,P012,87,0,91.0
2025-09-17,P013,20,0,247.0
2025-09-17,P014,19,0,195.0
2025-09-17,P015,94,0,18.2
2025-09-18,P001,123,0,36.4
2025-09-18,P002,91,0,32.5
2025-09-18,P003,46,0,546.0
2025-09-18,P004,54,0,182.0
2025-09-18,P005,56,0,54.6
2025-09-18,P006,28,0,143.0
2025-09-18,P007,45,0,97.5
2025-09-18,P008,116,0,15.6
2025-09-18,P009,83,0,26.0
2025-09-18,P010,28,0,234.0
2025-09-18,P011,16,0,338.0
2025-09-18,P012,63,0,91.0
2025-09-18,P013,28,0,247.0
2025-09-18,P014,23,0,195.0
2025-09-18,P015,99,0,18.2
2025-09-19,P001,154,0,36.4
2025-09-19,P002,108,0,32.5
2025-09-19,P003,40,0,546.0
2025-09-19,P004,65,0,182.0
2025-09-19,P005,66,0,54.6
2025-09-19,P006,36,0,143.0
2025-09-19,P007,58,0,97.5
2025-09-19,P008,128,0,15.6
2025-09-19,P009,111,0,26.0
2025-09-19,P010,35,0,234.0
2025-09-19,P011,26,0,338.0
2025-09-19,P012,98,0,91.0
2025-09-19,P013,30,0,247.0
2025-09-19,P014,25,0,195.0
2025-09-19,P015,100,0,18.2
2025-09-20,P001,162,0,36.4
2025-09-20,P002,111,0,32.5
2025-09-20,P003,50,0,546.0
2025-09-20,P004,55,0,182.0
2025-09-20,P005,72,0,54.6
2025-09-20,P006,44,0,143.0
2025-09-20,P007,73,0,97.5
2025-09-20,P008,177,0,15.6
2025-09-20,P009,136,0,26.0
2025-09-20,P010,49,0,234.0
2025-09-20,P011,24,0,338.0
2025-09-20,P012,96,0,91.0
2025-09-20,P013,41,0,247.0
2025-09-20,P014,43,0,195.0
2025-09-20,P015,103,0,18.2
2025-09-21,P001,142,0,36.4
2025-09-21,P002,108,0,32.5
2025-09-21,P003,44,0,546.0
2025-09-21,P004,70,0,182.0
2025-09-21,P005,76,0,54.6
2025-09-21,P006,25,0,143.0
2025-09-21,P007,69,0,97.5
2025-09-21,P008,134,0,15.6
2025-09-21,P009,131,0,26.0
2025-09-21,P010,43,0,234.0
2025-09-21,P011,27,0,338.0
2025-09-21,P012,102,0,91.0
2025-09-21,P013,37,0,247.0
2025-09-21,P014,32,0,195.0
2025-09-21,P015,110,0,18.2
2025-09-22,P001,121,0,36.4
2025-09-22,P002,88,0,32.5
2025-09-22,P003,40,0,546.0
2025-09-22,P004,58,0,182.0
2025-09-22,P005,62,0,54.6
2025-09-22,P006,44,1,121.55
2025-09-22,P007,48,0,97.5
2025-09-22,P008,98,0,15.6
2025-09-22,P009,81,0,26.0
2025-09-22,P010,28,0,234.0
2025-09-22,P011,18,0,338.0
2025-09-22,P012,81,0,91.0
2025-09-22,P013,10,0,247.0
2025-09-22,P014,22,0,195.0
2025-09-22,P015,82,0,18.2
2025-09-23,P001,111,0,36.4
2025-09-23,P002,92,0,32.5
2025-09-23,P003,47,0,546.0
2025-09-23,P004,42,0,182.0
2025-09-23,P005,40,0,54.6
2025-09-23,P006,37,1,121.55
2025-09-23,P007,56,0,97.5
2025-09-23,P008,120,0,15.6
2025-09-23,P009,94,0,26.0
2025-09-23,P010,25,0,234.0
2025-09-23,P011,9,0,338.0
2025-09-23,P012,89,0,91.0
2025-09-23,P013,23,0,247.0
2025-09-23,P014,28,0,195.0
2025-09-23,P015,92,0,18.2
2025-09-24,P001,117,0,36.4
2025-09-24,P002,90,0,32.5
2025-09-24,P003,49,0,546.0
2025-09-24,P004,45,0,182.0
2025-09-24,P005,62,0,54.6
2025-09-24,P006,31,1,121.55
2025-09-24,P007,58,0,97.5
2025-09-24,P008,112,0,15.6
2025-09-24,P009,98,0,26.0
2025-09-24,P010,34,0,234.0
2025-09-24,P011,12,0,338.0
2025-09-24,P012,91,0,91.0
2025-09-24,P013,24,0,247.0
2025-09-24,P014,22,0,195.0
2025-09-24,P015,74,0,18.2
2025-09-25,P001,103,0,36.4
2025-09-25,P002,66,0,32.5
2025-09-25,P003,29,0,546.0
2025-09-25,P004,46,0,182.0
2025-09-25,P005,53,0,54.6
2025-09-25,P006,35,1,121.55
2025-09-25,P007,52,0,97.5
2025-09-25,P008,118,0,15.6
2025-09-25,P009,124,0,26.0
2025-09-25,P010,24,0,234.0
2025-09-25,P011,24,0,338.0
2025-09-25,P012,70,0,91.0
2025-09-25,P013,25,0,247.0
2025-09-25,P014,16,0,195.0
2025-09-25,P015,74,0,18.2
2025-09-26,P001,136,0,36.4
2025-09-26,P002,113,0,32.5
2025-09-26,P003,34,0,546.0
2025-09-26,P004,54,0,182.0
2025-09-26,P005,62,0,54.6
2025-09-26,P006,50,1,121.55
2025-09-26,P007,45,0,97.5
2025-09-26,P008,108,0,15.6
2025-09-26,P009,119,0,26.0
2025-09-26,P010,35,0,234.0
2025-09-26,P011,25,0,338.0
2025-09-26,P012,99,0,91.0
2025-09-26,P013,31,0,247.0
2025-09-26,P014,24,0,195.0
2025-09-26,P015,113,0,18.2
2025-09-27,P001,148,0,36.4
2025-09-27,P002,123,0,32.5
2025-09-27,P003,63,0,546.0
2025-09-27,P004,92,0,182.0
2025-09-27,P005,93,0,54.6
2025-09-27,P006,29,0,143.0
2025-09-27,P007,51,0,97.5
2025-09-27,P008,126,0,15.6
2025-09-27,P009,122,0,26.0
2025-09-27,P010,45,0,234.0
2025-09-27,P011,36,0,338.0
2025-09-27,P012,113,0,91.0
2025-09-27,P013,46,0,247.0
2025-09-27,P014,29,0,195.0
2025-09-27,P015,108,0,18.2
2025-09-28,P001,139,0,36.4
2025-09-28,P002,119,0,32.5
2025-09-28,P003,50,0,546.0
2025-09-28,P004,68,0,182.0
2025-09-28,P005,80,0,54.6
2025-09-28,P006,32,0,143.0
2025-09-28,P007,67,0,97.5
2025-09-28,P008,151,0,15.6
2025-09-28,P009,142,0,26.0
2025-09-28,P010,42,0,234.0
2025-09-28,P011,30,0,338.0
2025-09-28,P012,88,0,91.0
2025-09-28,P013,39,0,247.0
2025-09-28,P014,29,0,195.0
2025-09-28,P015,75,0,18.2
2025-09-29,P001,126,0,36.4
2025-09-29,P002,72,0,32.5
2025-09-29,P003,42,0,546.0
2025-09-29,P004,48,0,182.0
2025-09-29,P005,63,0,54.6
2025-09-29,P006,24,0,143.0
2025-09-29,P007,55,0,97.5
2025-09-29,P008,79,0,15.6
2025-09-29,P009,122,0,26.0
2025-09-29,P010,39,0,234.0
2025-09-29,P011,28,0,338.0
2025-09-29,P012,83,0,91.0
2025-09-29,P013,32,0,247.0
2025-09-29,P014,18,0,195.0
2025-09-29,P015,89,0,18.2
2025-09-30,P001,116,0,36.4
2025-09-30,P002,85,0,32.5
2025-09-30,P003,42,0,546.0
2025-09-30,P004,73,0,182.0
2025-09-30,P005,73,0,54.6
2025-09-30,P006,36,0,143.0
2025-09-30,P007,48,0,97.5
2025-09-30,P008,114,0,15.6
2025-09-30,P009,101,0,26.0
2025-09-30,P010,44,0,234.0
2025-09-30,P011,32,0,338.0
2025-09-30,P012,82,0,91.0
2025-09-30,P013,34,1,209.95
2025-09-30,P014,29,0,195.0
2025-09-30,P015,65,0,18.2
2025-10-01,P001,133,0,36.4
2025-10-01,P002,92,0,32.5
2025-10-01,P003,46,0,546.0
2025-10-01,P004,56,0,182.0
2025-10-01,P005,74,0,54.6
2025-10-01,P006,28,0,143.0
2025-10-01,P007,66,0,97.5
2025-10-01,P008,98,0,15.6
2025-10-01,P009,100,0,26.0
2025-10-01,P010,40,0,234.0
2025-10-01,P011,31,0,338.0
2025-10-01,P012,88,0,91.0
2025-10-01,P013,33,1,209.95
2025-10-01,P014,34,1,165.75
2025-10-01,P015,86,0,18.2
2025-10-02,P001,139,0,36.4
2025-10-02,P002,101,0,32.5
2025-10-02,P003,60,0,546.0
2025-10-02,P004,64,0,182.0
2025-10-02,P005,81,0,54.6
2025-10-02,P006,32,0,143.0
2025-10-02,P007,70,0,97.5
2025-10-02,P008,104,0,15.6
2025-10-02,P009,131,0,26.0
2025-10-02,P010,36,0,234.0
2025-10-02,P011,42,0,338.0
2025-10-02,P012,85,0,91.0
2025-10-02,P013,33,1,209.95
2025-10-02,P014,32,1,165.75
2025-10-02,P015,97,0,18.2
2025-10-03,P001,127,0,36.4
2025-10-03,P002,102,0,32.5
2025-10-03,P003,51,0,546.0
2025-10-03,P004,71,0,182.0
2025-10-03,P005,69,0,54.6
2025-10-03,P006,45,0,143.0
2025-10-03,P007,67,0,97.5
2025-10-03,P008,138,0,15.6
2025-10-03,P009,132,0,26.0
2025-10-03,P010,49,0,234.0
2025-10-03,P011,44,0,338.0
2025-10-03,P012,96,0,91.0
2025-10-03,P013,48,1,209.95
2025-10-03,P014,45,1,165.75
2025-10-03,P015,112,0,18.2
2025-10-04,P001,176,0,36.4
2025-10-04,P002,102,0,32.5
2025-10-04,P003,48,0,546.0
2025-10-04,P004,71,0,182.0
2025-10-04,P005,83,0,54.6
2025-10-04,P006,48,0,143.0
2025-10-04,P007,58,0,97.5
2025-10-04,P008,140,0,15.6
2025-10-04,P009,143,0,26.0
2025-10-04,P010,33,0,234.0
2025-10-04,P011,23,0,338.0
2025-10-04,P012,112,0,91.0
2025-10-04,P013,44,1,209.95
2025-10-04,P014,18,1,165.75
2025-10-04,P015,101,0,18.2
2025-10-05,P001,129,0,36.4
2025-10-05,P002,108,0,32.5
2025-10-05,P003,58,0,546.0
2025-10-05,P004,61,0,182.0
2025-10-05,P005,67,0,54.6
2025-10-05,P006,51,0,143.0
2025-10-05,P007,65,0,97.5
2025-10-05,P008,150,0,15.6
2025-10-05,P009,111,0,26.0
2025-10-05,P010,36,0,234.0
2025-10-05,P011,25,0,338.0
2025-10-05,P012,110,0,91.0
2025-10-05,P013,29,0,247.0
2025-10-05,P014,45,1,165.75
2025-10-05,P015,115,0,18.2
2025-10-06,P001,123,0,36.4
2025-10-06,P002,85,0,32.5
2025-10-06,P003,45,0,546.0
2025-10-06,P004,51,0,182.0
2025-10-06,P005,55,0,54.6
2025-10-06,P006,31,0,143.0
2025-10-06,P007,40,0,97.5
2025-10-06,P008,106,0,15.6
2025-10-06,P009,95,0,26.0
2025-10-06,P010,29,0,234.0
2025-10-06,P011,25,0,338.0
2025-10-06,P012,78,0,91.0
2025-10-06,P013,23,0,247.0
2025-10-06,P014,32,0,195.0
2025-10-06,P015,97,0,18.2
2025-10-07,P001,112,0,36.4
2025-10-07,P002,59,0,32.5
2025-10-07,P003,41,0,546.0
2025-10-07,P004,62,0,182.0
2025-10-07,P005,50,0,54.6
2025-10-07,P006,26,0,143.0
2025-10-07,P007,34,0,97.5
2025-10-07,P008,101,0,15.6
2025-10-07,P009,99,0,26.0
2025-10-07,P010,24,0,234.0
2025-10-07,P011,19,0,338.0
2025-10-07,P012,81,0,91.0
2025-10-07,P013,28,0,247.0
2025-10-07,P014,26,0,195.0
2025-10-07,P015,82,0,18.2
2025-10-08,P001,121,0,36.4
2025-10-08,P002,92,0,32.5
2025-10-08,P003,33,0,546.0
2025-10-08,P004,30,0,182.0
2025-10-08,P005,56,0,54.6
2025-10-08,P006,37,0,143.0
2025-10-08,P007,59,0,97.5
2025-10-08,P008,101,0,15.6
2025-10-08,P009,89,0,26.0
2025-10-08,P010,24,0,234.0
2025-10-08,P011,17,0,338.0
2025-10-08,P012,56,0,91.0
2025-10-08,P013,25,0,247.0
2025-10-08,P014,15,0,195.0
2025-10-08,P015,75,0,18.2
2025-10-09,P001,119,0,36.4
2025-10-09,P002,96,0,32.5
2025-10-09,P003,28,0,546.0
2025-10-09,P004,46,0,182.0
2025-10-09,P005,54,0,54.6
2025-10-09,P006,34,0,143.0
2025-10-09,P007,52,0,97.5
2025-10-09,P008,117,0,15.6
2025-10-09,P009,146,1,22.1
2025-10-09,P010,30,0,234.0
2025-10-09,P011,23,0,338.0
2025-10-09,P012,84,0,91.0
2025-10-09,P013,26,0,247.0
2025-10-09,P014,23,0,195.0
2025-10-09,P015,85,0,18.2
2025-10-10,P001,164,0,36.4
2025-10-10,P002,121,0,32.5
2025-10-10,P003,37,0,546.0
2025-10-10,P004,68,0,182.0
2025-10-10,P005,78,0,54.6
2025-10-10,P006,43,0,143.0
2025-10-10,P007,61,0,97.5
2025-10-10,P008,139,0,15.6
2025-10-10,P009,178,1,22.1
2025-10-10,P010,27,0,234.0
2025-10-10,P011,25,0,338.0
2025-10-10,P012,98,0,91.0
2025-10-10,P013,24,0,247.0
2025-10-10,P014,20,0,195.0
2025-10-10,P015,106,0,18.2
2025-10-11,P001,148,0,36.4
2025-10-11,P002,120,0,32.5
2025-10-11,P003,40,0,546.0
2025-10-11,P004,64,0,182.0
2025-10-11,P005,99,0,54.6
2025-10-11,P006,45,0,143.0
2025-10-11,P007,64,0,97.5
2025-10-11,P008,153,0,15.6
2025-10-11,P009,186,1,22.1
2025-10-11,P010,46,0,234.0
2025-10-11,P011,26,0,338.0
2025-10-11,P012,117,0,91.0
2025-10-11,P013,34,0,247.0
2025-10-11,P014,21,0,195.0
2025-10-11,P015,117,0,18.2
2025-10-12,P001,144,0,36.4
2025-10-12,P002,104,0,32.5
2025-10-12,P003,57,0,546.0
2025-10-12,P004,64,0,182.0
2025-10-12,P005,63,0,54.6
2025-10-12,P006,55,0,143.0
2025-10-12,P007,56,0,97.5
2025-10-12,P008,124,0,15.6
2025-10-12,P009,208,1,22.1
2025-10-12,P010,31,0,234.0
2025-10-12,P011,23,0,338.0
2025-10-12,P012,97,0,91.0
2025-10-12,P013,30,0,247.0
2025-10-12,P014,28,0,195.0
2025-10-12,P015,100,0,18.2
2025-10-13,P001,104,0,36.4
2025-10-13,P002,78,0,32.5
2025-10-13,P003,39,0,546.0
2025-10-13,P004,53,0,182.0
2025-10-13,P005,63,0,54.6
2025-10-13,P006,35,0,143.0
2025-10-13,P007,38,0,97.5
2025-10-13,P008,108,0,15.6
2025-10-13,P009,151,1,22.1
2025-10-13,P010,21,0,234.0
2025-10-13,P011,14,0,338.0
2025-10-13,P012,74,0,91.0
2025-10-13,P013,30,0,247.0
2025-10-13,P014,11,0,195.0
2025-10-13,P015,90,0,18.2
2025-10-14,P001,111,0,36.4
2025-10-14,P002,89,0,32.5
2025-10-14,P003,30,0,546.0
2025-10-14,P004,48,0,182.0
2025-10-14,P005,59,0,54.6
2025-10-14,P006,20,0,143.0
2025-10-14,P007,39,0,97.5
2025-10-14,P008,97,0,15.6
2025-10-14,P009,98,0,26.0
2025-10-14,P010,37,0,234.0
2025-10-14,P011,14,0,338.0
2025-10-14,P012,76,0,91.0
2025-10-14,P013,18,0,247.0
2025-10-14,P014,17,0,195.0
2025-10-14,P015,72,0,18.2
2025-10-15,P001,114,0,36.4
2025-10-15,P002,93,0,32.5
2025-10-15,P003,44,0,546.0
2025-10-15,P004,72,0,182.0
2025-10-15,P005,68,0,54.6
2025-10-15,P006,36,0,143.0
2025-10-15,P007,47,0,97.5
2025-10-15,P008,105,0,15.6
2025-10-15,P009,119,0,26.0
2025-10-15,P010,32,0,234.0
2025-10-15,P011,24,0,338.0
2025-10-15,P012,86,0,91.0
2025-10-15,P013,26,0,247.0
2025-10-15,P014,19,0,195.0
2025-10-15,P015,73,0,18.2
2025-10-16,P001,120,0,36.4
2025-10-16,P002,89,0,32.5
2025-10-16,P003,45,0,546.0
2025-10-16,P004,71,0,182.0
2025-10-16,P005,75,0,54.6
2025-10-16,P006,30,0,143.0
2025-10-16,P007,58,0,97.5
2025-10-16,P008,114,0,15.6
2025-10-16,P009,118,0,26.0
2025-10-16,P010,33,0,234.0
2025-10-16,P011,30,0,338.0
2025-10-16,P012,96,0,91.0
2025-10-16,P013,31,0,247.0
2025-10-16,P014,28,0,195.0
2025-10-16,P015,94,0,18.2
2025-10-17,P001,138,0,36.4
2025-10-17,P002,95,0,32.5
2025-10-17,P003,47,0,546.0
2025-10-17,P004,80,0,182.0
2025-10-17,P005,83,0,54.6
2025-10-17,P006,49,0,143.0
2025-10-17,P007,75,0,97.5
2025-10-17,P008,122,0,15.6
2025-10-17,P009,120,0,26.0
2025-10-17,P010,49,0,234.0
2025-10-17,P011,38,0,338.0
2025-10-17,P012,90,0,91.0
2025-10-17,P013,26,0,247.0
2025-10-17,P014,16,0,195.0
2025-10-17,P015,113,0,18.2
2025-10-18,P001,174,0,36.4
2025-10-18,P002,147,0,32.5
2025-10-18,P003,68,0,546.0
2025-10-18,P004,74,0,182.0
2025-10-18,P005,116,0,54.6
2025-10-18,P006,44,0,143.0
2025-10-18,P007,86,0,97.5
2025-10-18,P008,131,0,15.6
2025-10-18,P009,158,0,26.0
2025-10-18,P010,63,0,234.0
2025-10-18,P011,48,0,338.0
2025-10-18,P012,125,0,91.0
2025-10-18,P013,28,0,247.0
2025-10-18,P014,34,0,195.0
2025-10-18,P015,110,0,18.2
2025-10-19,P001,133,0,36.4
2025-10-19,P002,124,0,32.5
2025-10-19,P003,74,0,546.0
2025-10-19,P004,79,0,182.0
2025-10-19,P005,114,0,54.6
2025-10-19,P006,62,0,143.0
2025-10-19,P007,80,0,97.5
2025-10-19,P008,137,0,15.6
2025-10-19,P009,176,0,26.0
2025-10-19,P010,90,1,198.9
2025-10-19,P011,78,0,338.0
2025-10-19,P012,100,0,91.0
2025-10-19,P013,35,0,247.0
2025-10-19,P014,27,0,195.0
2025-10-19,P015,126,0,18.2
2025-10-20,P001,128,0,36.4
2025-10-20,P002,95,0,32.5
2025-10-20,P003,65,0,546.0
2025-10-20,P004,71,0,182.0
2025-10-20,P005,67,0,54.6
2025-10-20,P006,32,0,143.0
2025-10-20,P007,48,0,97.5
2025-10-20,P008,98,0,15.6
2025-10-20,P009,125,0,26.0
2025-10-20,P010,74,1,198.9
2025-10-20,P011,55,0,338.0
2025-10-20,P012,87,0,91.0
2025-10-20,P013,32,0,247.0
2025-10-20,P014,18,0,195.0
2025-10-20,P015,111,0,18.2
2025-10-21,P001,114,0,36.4
2025-10-21,P002,102,0,32.5
2025-10-21,P003,43,0,546.0
2025-10-21,P004,49,0,182.0
2025-10-21,P005,73,0,54.6
2025-10-21,P006,38,0,143.0
2025-10-21,P007,53,0,97.5
2025-10-21,P008,113,0,15.6
2025-10-21,P009,94,0,26.0
2025-10-21,P010,65,1,198.9
2025-10-21,P011,33,0,338.0
2025-10-21,P012,70,0,91.0
2025-10-21,P013,30,0,247.0
2025-10-21,P014,18,0,195.0
2025-10-21,P015,82,0,18.2
2025-10-22,P001,99,0,36.4
2025-10-22,P002,96,0,32.5
2025-10-22,P003,35,0,546.0
2025-10-22,P004,55,0,182.0
2025-10-22,P005,77,1,46.41
2025-10-22,P006,36,0,143.0
2025-10-22,P007,49,0,97.5
2025-10-22,P008,101,0,15.6
2025-10-22,P009,105,0,26.0
2025-10-22,P010,47,1,198.9
2025-10-22,P011,20,0,338.0
2025-10-22,P012,87,0,91.0
2025-10-22,P013,25,0,247.0
2025-10-22,P014,15,0,195.0
2025-10-22,P015,88,0,18.2
2025-10-23,P001,117,0,36.4
2025-10-23,P002,95,0,32.5
2025-10-23,P003,46,0,546.0
2025-10-23,P004,53,0,182.0
2025-10-23,P005,93,1,46.41
2025-10-23,P006,38,0,143.0
2025-10-23,P007,47,0,97.5
2025-10-23,P008,86,0,15.6
2025-10-23,P009,111,0,26.0
2025-10-23,P010,44,1,198.9
2025-10-23,P011,28,0,338.0
2025-10-23,P012,88,0,91.0
2025-10-23,P013,21,0,247.0
2025-10-23,P014,16,0,195.0
2025-10-23,P015,76,0,18.2
2025-10-24,P001,125,0,36.4
2025-10-24,P002,101,0,32.5
2025-10-24,P003,47,0,546.0
2025-10-24,P004,50,0,182.0
2025-10-24,P005,114,1,46.41
2025-10-24,P006,46,0,143.0
2025-10-24,P007,46,0,97.5
2025-10-24,P008,112,0,15.6
2025-10-24,P009,114,0,26.0
2025-10-24,P010,36,0,234.0
2025-10-24,P011,20,0,338.0
2025-10-24,P012,93,0,91.0
2025-10-24,P013,24,0,247.0
2025-10-24,P014,25,0,195.0
2025-10-24,P015,121,0,18.2
2025-10-25,P001,167,0,36.4
2025-10-25,P002,130,0,32.5
2025-10-25,P003,45,0,546.0
2025-10-25,P004,78,0,182.0
2025-10-25,P005,94,1,46.41
2025-10-25,P006,58,0,143.0
2025-10-25,P007,70,0,97.5
2025-10-25,P008,123,0,15.6
2025-10-25,P009,140,0,26.0
2025-10-25,P010,40,0,234.0
2025-10-25,P011,32,0,338.0
2025-10-25,P012,96,0,91.0
2025-10-25,P013,27,0,247.0
2025-10-25,P014,32,0,195.0
2025-10-25,P015,121,0,18.2
2025-10-26,P001,136,0,36.4
2025-10-26,P002,118,0,32.5
2025-10-26,P003,64,1,464.1
2025-10-26,P004,53,0,182.0
2025-10-26,P005,90,1,46.41
2025-10-26,P006,53,0,143.0
2025-10-26,P007,73,0,97.5
2025-10-26,P008,106,0,15.6
2025-10-26,P009,134,0,26.0
2025-10-26,P010,38,0,234.0
2025-10-26,P011,29,0,338.0
2025-10-26,P012,114,0,91.0
2025-10-26,P013,20,0,247.0
2025-10-26,P014,25,0,195.0
2025-10-26,P015,118,0,18.2
2025-10-27,P001,105,0,36.4
2025-10-27,P002,98,0,32.5
2025-10-27,P003,55,1,464.1
2025-10-27,P004,57,0,182.0
2025-10-27,P005,59,0,54.6
2025-10-27,P006,33,0,143.0
2025-10-27,P007,50,0,97.5
2025-10-27,P008,113,0,15.6
2025-10-27,P009,94,0,26.0
2025-10-27,P010,21,0,234.0
2025-10-27,P011,15,0,338.0
2025-10-27,P012,100,0,91.0
2025-10-27,P013,28,0,247.0
2025-10-27,P014,24,0,195.0
2025-10-27,P015,77,0,18.2
2025-10-28,P001,120,0,36.4
2025-10-28,P002,87,0,32.5
2025-10-28,P003,57,1,464.1
2025-10-28,P004,55,0,182.0
2025-10-28,P005,52,0,54.6
2025-10-28,P006,29,0,143.0
2025-10-28,P007,49,0,97.5
2025-10-28,P008,80,0,15.6
2025-10-28,P009,88,0,26.0
2025-10-28,P010,33,0,234.0
2025-10-28,P011,23,0,338.0
2025-10-28,P012,75,0,91.0
2025-10-28,P013,27,0,247.0
2025-10-28,P014,28,0,195.0
2025-10-28,P015,72,0,18.2
2025-10-29,P001,113,0,36.4
2025-10-29,P002,87,0,32.5
2025-10-29,P003,61,1,464.1
2025-10-29,P004,53,0,182.0
2025-10-29,P005,61,0,54.6
2025-10-29,P006,29,0,143.0
2025-10-29,P007,48,0,97.5
2025-10-29,P008,100,0,15.6
2025-10-29,P009,96,0,26.0
2025-10-29,P010,36,0,234.0
2025-10-29,P011,21,0,338.0
2025-10-29,P012,90,0,91.0
2025-10-29,P013,24,0,247.0
2025-10-29,P014,20,0,195.0
2025-10-29,P015,99,0,18.2
2025-10-30,P001,121,0,36.4
2025-10-30,P002,79,0,32.5
2025-10-30,P003,69,1,464.1
2025-10-30,P004,76,1,154.7
2025-10-30,P005,64,0,54.6
2025-10-30,P006,36,0,143.0
2025-10-30,P007,34,0,97.5
2025-10-30,P008,87,0,15.6
2025-10-30,P009,122,0,26.0
2025-10-30,P010,24,0,234.0
2025-10-30,P011,19,0,338.0
2025-10-30,P012,71,0,91.0
2025-10-30,P013,27,0,247.0
2025-10-30,P014,21,0,195.0
2025-10-30,P015,110,0,18.2
2025-10-31,P001,154,0,36.4
2025-10-31,P002,120,0,32.5
2025-10-31,P003,48,0,546.0
2025-10-31,P004,76,1,154.7
2025-10-31,P005,66,0,54.6
2025-10-31,P006,55,0,143.0
2025-10-31,P007,62,0,97.5
2025-10-31,P008,102,0,15.6
2025-10-31,P009,112,0,26.0
2025-10-31,P010,35,0,234.0
2025-10-31,P011,21,0,338.0
2025-10-31,P012,90,0,91.0
2025-10-31,P013,31,0,247.0
2025-10-31,P014,22,0,195.0
2025-10-31,P015,114,0,18.2
2025-11-01,P001,190,0,36.4
2025-11-01,P002,119,0,32.5
2025-11-01,P003,48,0,546.0
2025-11-01,P004,102,1,154.7
2025-11-01,P005,73,0,54.6
2025-11-01,P006,46,0,143.0
2025-11-01,P007,47,0,97.5
2025-11-01,P008,122,0,15.6
2025-11-01,P009,132,0,26.0
2025-11-01,P010,37,0,234.0
2025-11-01,P011,29,0,338.0
2025-11-01,P012,120,0,91.0
2025-11-01,P013,38,0,247.0
2025-11-01,P014,29,0,195.0
2025-11-01,P015,133,0,18.2
2025-11-02,P001,169,0,36.4
2025-11-02,P002,113,0,32.5
2025-11-02,P003,46,0,546.0
2025-11-02,P004,93,1,154.7
2025-11-02,P005,85,0,54.6
2025-11-02,P006,58,1,121.55
2025-11-02,P007,46,0,97.5
2025-11-02,P008,116,0,15.6
2025-11-02,P009,127,0,26.0
2025-11-02,P010,38,0,234.0
2025-11-02,P011,23,0,338.0
2025-11-02,P012,112,0,91.0
2025-11-02,P013,26,0,247.0
2025-11-02,P014,33,0,195.0
2025-11-02,P015,116,0,18.2
2025-11-03,P001,110,0,36.4
2025-11-03,P002,102,0,32.5
2025-11-03,P003,44,0,546.0
2025-11-03,P004,87,1,154.7
2025-11-03,P005,61,0,54.6
2025-11-03,P006,37,1,121.55
2025-11-03,P007,48,0,97.5
2025-11-03,P008,88,0,15.6
2025-11-03,P009,89,0,26.0
2025-11-03,P010,26,0,234.0
2025-11-03,P011,26,0,338.0
2025-11-03,P012,88,0,91.0
2025-11-03,P013,32,0,247.0
2025-11-03,P014,24,0,195.0
2025-11-03,P015,83,0,18.2
2025-11-04,P001,107,0,36.4
2025-11-04,P002,91,0,32.5
2025-11-04,P003,33,0,546.0
2025-11-04,P004,39,0,182.0
2025-11-04,P005,49,0,54.6
2025-11-04,P006,63,1,121.55
2025-11-04,P007,44,0,97.5
2025-11-04,P008,89,0,15.6
2025-11-04,P009,81,0,26.0
2025-11-04,P010,26,0,234.0
2025-11-04,P011,33,1,287.3
2025-11-04,P012,77,0,91.0
2025-11-04,P013,18,0,247.0
2025-11-04,P014,20,0,195.0
2025-11-04,P015,83,0,18.2
2025-11-05,P001,119,0,36.4
2025-11-05,P002,94,0,32.5
2025-11-05,P003,41,0,546.0
2025-11-05,P004,59,0,182.0
2025-11-05,P005,66,0,54.6
2025-11-05,P006,49,1,121.55
2025-11-05,P007,41,0,97.5
2025-11-05,P008,104,0,15.6
2025-11-05,P009,91,0,26.0
2025-11-05,P010,23,0,234.0
2025-11-05,P011,26,1,287.3
2025-11-05,P012,80,0,91.0
2025-11-05,P013,21,0,247.0
2025-11-05,P014,15,0,195.0
2025-11-05,P015,77,0,18.2
2025-11-06,P001,132,0,36.4
2025-11-06,P002,91,0,32.5
2025-11-06,P003,39,0,546.0
2025-11-06,P004,43,0,182.0
2025-11-06,P005,64,0,54.6
2025-11-06,P006,55,1,121.55
2025-11-06,P007,51,0,97.5
2025-11-06,P008,78,0,15.6
2025-11-06,P009,97,0,26.0
2025-11-06,P010,33,0,234.0
2025-11-06,P011,28,1,287.3
2025-11-06,P012,82,0,91.0
2025-11-06,P013,35,0,247.0
2025-11-06,P014,16,0,195.0
2025-11-06,P015,97,0,18.2
2025-11-07,P001,221,1,30.94
2025-11-07,P002,111,0,32.5
2025-11-07,P003,59,1,464.1
2025-11-07,P004,60,0,182.0
2025-11-07,P005,48,0,54.6
2025-11-07,P006,42,0,143.0
2025-11-07,P007,49,0,97.5
2025-11-07,P008,118,0,15.6
2025-11-07,P009,119,0,26.0
2025-11-07,P010,36,0,234.0
2025-11-07,P011,30,1,287.3
2025-11-07,P012,92,0,91.0
2025-11-07,P013,29,0,247.0
2025-11-07,P014,21,0,195.0
2025-11-07,P015,97,0,18.2
2025-11-08,P001,231,1,30.94
2025-11-08,P002,122,0,32.5
2025-11-08,P003,66,1,464.1
2025-11-08,P004,76,0,182.0
2025-11-08,P005,75,0,54.6
2025-11-08,P006,52,0,143.0
2025-11-08,P007,54,0,97.5
2025-11-08,P008,130,0,15.6
2025-11-08,P009,150,0,26.0
2025-11-08,P010,49,0,234.0
2025-11-08,P011,28,1,287.3
2025-11-08,P012,101,0,91.0
2025-11-08,P013,37,0,247.0
2025-11-08,P014,23,0,195.0
2025-11-08,P015,121,0,18.2
2025-11-09,P001,200,1,30.94
2025-11-09,P002,122,0,32.5
2025-11-09,P003,79,1,464.1
2025-11-09,P004,64,0,182.0
2025-11-09,P005,77,0,54.6
2025-11-09,P006,64,0,143.0
2025-11-09,P007,50,0,97.5
2025-11-09,P008,118,0,15.6
2025-11-09,P009,135,0,26.0
2025-11-09,P010,44,0,234.0
2025-11-09,P011,21,0,338.0
2025-11-09,P012,76,0,91.0
2025-11-09,P013,29,0,247.0
2025-11-09,P014,22,0,195.0
2025-11-09,P015,114,0,18.2
2025-11-10,P001,177,1,30.94
2025-11-10,P002,78,0,32.5
2025-11-10,P003,55,1,464.1
2025-11-10,P004,59,0,182.0
2025-11-10,P005,63,0,54.6
2025-11-10,P006,29,0,143.0
2025-11-10,P007,49,0,97.5
2025-11-10,P008,91,0,15.6
2025-11-10,P009,116,0,26.0
2025-11-10,P010,29,0,234.0
2025-11-10,P011,17,0,338.0
2025-11-10,P012,85,0,91.0
2025-11-10,P013,28,0,247.0
2025-11-10,P014,15,0,195.0
2025-11-10,P015,74,0,18.2
2025-11-11,P001,166,1,30.94
2025-11-11,P002,83,0,32.5
2025-11-11,P003,68,1,464.1
2025-11-11,P004,51,0,182.0
2025-11-11,P005,54,0,54.6
2025-11-11,P006,27,0,143.0
2025-11-11,P007,47,0,97.5
2025-11-11,P008,86,0,15.6
2025-11-11,P009,100,0,26.0
2025-11-11,P010,24,0,234.0
2025-11-11,P011,24,0,338.0
2025-11-11,P012,84,0,91.0
2025-11-11,P013,30,0,247.0
2025-11-11,P014,15,0,195.0
2025-11-11,P015,83,0,18.2
2025-11-12,P001,122,0,36.4
2025-11-12,P002,83,0,32.5
2025-11-12,P003,49,0,546.0
2025-11-12,P004,74,0,182.0
2025-11-12,P005,57,0,54.6
2025-11-12,P006,37,0,143.0
2025-11-12,P007,41,0,97.5
2025-11-12,P008,94,0,15.6
2025-11-12,P009,103,0,26.0
2025-11-12,P010,20,0,234.0
2025-11-12,P011,18,0,338.0
2025-11-12,P012,108,0,91.0
2025-11-12,P013,22,0,247.0
2025-11-12,P014,20,0,195.0
2025-11-12,P015,104,0,18.2
2025-11-13,P001,111,0,36.4
2025-11-13,P002,87,0,32.5
2025-11-13,P003,39,0,546.0
2025-11-13,P004,49,0,182.0
2025-11-13,P005,47,0,54.6
2025-11-13,P006,44,0,143.0
2025-11-13,P007,51,0,97.5
2025-11-13,P008,93,0,15.6
2025-11-13,P009,90,0,26.0
2025-11-13,P010,32,0,234.0
2025-11-13,P011,16,0,338.0
2025-11-13,P012,81,0,91.0
2025-11-13,P013,24,0,247.0
2025-11-13,P014,31,0,195.0
2025-11-13,P015,97,0,18.2
2025-11-14,P001,173,0,36.4
2025-11-14,P002,132,0,32.5
2025-11-14,P003,54,0,546.0
2025-11-14,P004,58,0,182.0
2025-11-14,P005,67,0,54.6
2025-11-14,P006,46,0,143.0
2025-11-14,P007,46,0,97.5
2025-11-14,P008,108,0,15.6
2025-11-14,P009,121,0,26.0
2025-11-14,P010,32,0,234.0
2025-11-14,P011,28,0,338.0
2025-11-14,P012,105,0,91.0
2025-11-14,P013,25,0,247.0
2025-11-14,P014,23,0,195.0
2025-11-14,P015,89,0,18.2
2025-11-15,P001,195,0,36.4
2025-11-15,P002,139,0,32.5
2025-11-15,P003,49,0,546.0
2025-11-15,P004,62,0,182.0
2025-11-15,P005,88,0,54.6
2025-11-15,P006,51,0,143.0
2025-11-15,P007,72,0,97.5
2025-11-15,P008,128,0,15.6
2025-11-15,P009,147,0,26.0
2025-11-15,P010,39,0,234.0
2025-11-15,P011,30,0,338.0
2025-11-15,P012,110,0,91.0
2025-11-15,P013,38,0,247.0
2025-11-15,P014,20,0,195.0
2025-11-15,P015,99,0,18.2
2025-11-16,P001,154,0,36.4
2025-11-16,P002,125,0,32.5
2025-11-16,P003,51,0,546.0
2025-11-16,P004,72,0,182.0
2025-11-16,P005,77,0,54.6
2025-11-16,P006,40,0,143.0
2025-11-16,P007,55,0,97.5
2025-11-16,P008,115,0,15.6
2025-11-16,P009,143,0,26.0
2025-11-16,P010,36,0,234.0
2025-11-16,P011,18,0,338.0
2025-11-16,P012,90,0,91.0
2025-11-16,P013,36,0,247.0
2025-11-16,P014,30,0,195.0
2025-11-16,P015,103,0,18.2
2025-11-17,P001,157,1,30.94
2025-11-17,P002,86,0,32.5
2025-11-17,P003,36,0,546.0
2025-11-17,P004,61,0,182.0
2025-11-17,P005,48,0,54.6
2025-11-17,P006,26,0,143.0
2025-11-17,P007,46,0,97.5
2025-11-17,P008,73,0,15.6
2025-11-17,P009,97,0,26.0
2025-11-17,P010,27,0,234.0
2025-11-17,P011,19,0,338.0
2025-11-17,P012,90,0,91.0
2025-11-17,P013,29,0,247.0
2025-11-17,P014,20,0,195.0
2025-11-17,P015,84,0,18.2
2025-11-18,P001,149,1,30.94
2025-11-18,P002,95,0,32.5
2025-11-18,P003,42,0,546.0
2025-11-18,P004,67,0,182.0
2025-11-18,P005,57,0,54.6
2025-11-18,P006,34,0,143.0
2025-11-18,P007,52,0,97.5
2025-11-18,P008,101,0,15.6
2025-11-18,P009,99,0,26.0
2025-11-18,P010,40,0,234.0
2025-11-18,P011,21,0,338.0
2025-11-18,P012,67,0,91.0
2025-11-18,P013,28,0,247.0
2025-11-18,P014,21,0,195.0
2025-11-18,P015,68,0,18.2
2025-11-19,P001,163,1,30.94
2025-11-19,P002,88,0,32.5
2025-11-19,P003,42,0,546.0
2025-11-19,P004,63,0,182.0
2025-11-19,P005,63,0,54.6
2025-11-19,P006,44,0,143.0
2025-11-19,P007,43,0,97.5
2025-11-19,P008,68,0,15.6
2025-11-19,P009,112,0,26.0
2025-11-19,P010,27,0,234.0
2025-11-19,P011,18,0,338.0
2025-11-19,P012,76,0,91.0
2025-11-19,P013,23,0,247.0
2025-11-19,P014,19,0,195.0
2025-11-19,P015,91,0,18.2
2025-11-20,P001,175,1,30.94
2025-11-20,P002,100,0,32.5
2025-11-20,P003,35,0,546.0
2025-11-20,P004,54,0,182.0
2025-11-20,P005,83,0,54.6
2025-11-20,P006,47,0,143.0
2025-11-20,P007,53,0,97.5
2025-11-20,P008,96,0,15.6
2025-11-20,P009,84,0,26.0
2025-11-20,P010,26,0,234.0
2025-11-20,P011,14,0,338.0
2025-11-20,P012,89,0,91.0
2025-11-20,P013,34,0,247.0
2025-11-20,P014,22,0,195.0
2025-11-20,P015,92,0,18.2
2025-11-21,P001,205,1,30.94
2025-11-21,P002,125,0,32.5
2025-11-21,P003,43,0,546.0
2025-11-21,P004,65,0,182.0
2025-11-21,P005,69,0,54.6
2025-11-21,P006,55,0,143.0
2025-11-21,P007,51,0,97.5
2025-11-21,P008,109,0,15.6
2025-11-21,P009,114,0,26.0
2025-11-21,P010,45,1,198.9
2025-11-21,P011,26,0,338.0
2025-11-21,P012,96,0,91.0
2025-11-21,P013,30,0,247.0
2025-11-21,P014,25,0,195.0
2025-11-21,P015,109,0,18.2
2025-11-22,P001,175,0,36.4
2025-11-22,P002,112,0,32.5
2025-11-22,P003,51,0,546.0
2025-11-22,P004,75,0,182.0
2025-11-22,P005,102,0,54.6
2025-11-22,P006,48,0,143.0
2025-11-22,P007,40,0,97.5
2025-11-22,P008,143,0,15.6
2025-11-22,P009,142,0,26.0
2025-11-22,P010,67,1,198.9
2025-11-22,P011,21,0,338.0
2025-11-22,P012,116,0,91.0
2025-11-22,P013,27,0,247.0
2025-11-22,P014,27,0,195.0
2025-11-22,P015,125,0,18.2
2025-11-23,P001,147,0,36.4
2025-11-23,P002,106,0,32.5
2025-11-23,P003,59,0,546.0
2025-11-23,P004,75,0,182.0
2025-11-23,P005,97,0,54.6
2025-11-23,P006,57,0,143.0
2025-11-23,P007,40,0,97.5
2025-11-23,P008,130,0,15.6
2025-11-23,P009,128,0,26.0
2025-11-23,P010,47,1,198.9
2025-11-23,P011,28,0,338.0
2025-11-23,P012,118,0,91.0
2025-11-23,P013,32,0,247.0
2025-11-23,P014,19,0,195.0
2025-11-23,P015,95,0,18.2
2025-11-24,P001,114,0,36.4
2025-11-24,P002,101,0,32.5
2025-11-24,P003,41,0,546.0
2025-11-24,P004,51,0,182.0
2025-11-24,P005,62,0,54.6
2025-11-24,P006,38,0,143.0
2025-11-24,P007,36,0,97.5
2025-11-24,P008,91,0,15.6
2025-11-24,P009,102,0,26.0
2025-11-24,P010,37,1,198.9
2025-11-24,P011,32,0,338.0
2025-11-24,P012,76,0,91.0
2025-11-24,P013,34,0,247.0
2025-11-24,P014,19,0,195.0
2025-11-24,P015,83,0,18.2
2025-11-25,P001,123,0,36.4
2025-11-25,P002,90,0,32.5
2025-11-25,P003,47,0,546.0
2025-11-25,P004,65,0,182.0
2025-11-25,P005,60,0,54.6
2025-11-25,P006,40,0,143.0
2025-11-25,P007,46,0,97.5
2025-11-25,P008,72,0,15.6
2025-11-25,P009,117,0,26.0
2025-11-25,P010,47,1,198.9
2025-11-25,P011,22,0,338.0
2025-11-25,P012,85,0,91.0
2025-11-25,P013,18,0,247.0
2025-11-25,P014,21,0,195.0
2025-11-25,P015,82,0,18.2
2025-11-26,P001,132,0,36.4
2025-11-26,P002,87,0,32.5
2025-11-26,P003,37,0,546.0
2025-11-26,P004,58,0,182.0
2025-11-26,P005,59,0,54.6
2025-11-26,P006,34,0,143.0
2025-11-26,P007,36,0,97.5
2025-11-26,P008,81,0,15.6
2025-11-26,P009,115,0,26.0
2025-11-26,P010,20,0,234.0
2025-11-26,P011,15,0,338.0
2025-11-26,P012,78,0,91.0
2025-11-26,P013,21,0,247.0
2025-11-26,P014,15,0,195.0
2025-11-26,P015,84,0,18.2
2025-11-27,P001,146,0,36.4
2025-11-27,P002,84,0,32.5
2025-11-27,P003,26,0,546.0
2025-11-27,P004,54,0,182.0
2025-11-27,P005,74,0,54.6
2025-11-27,P006,37,0,143.0
2025-11-27,P007,68,1,82.88
2025-11-27,P008,100,0,15.6
2025-11-27,P009,89,0,26.0
2025-11-27,P010,25,0,234.0
2025-11-27,P011,18,0,338.0
2025-11-27,P012,82,0,91.0
2025-11-27,P013,20,0,247.0
2025-11-27,P014,28,0,195.0
2025-11-27,P015,86,0,18.2
2025-11-28,P001,151,0,36.4
2025-11-28,P002,119,0,32.5
2025-11-28,P003,39,0,546.0
2025-11-28,P004,64,0,182.0
2025-11-28,P005,89,0,54.6
2025-11-28,P006,35,0,143.0
2025-11-28,P007,78,1,82.88
2025-11-28,P008,116,0,15.6
2025-11-28,P009,122,0,26.0
2025-11-28,P010,46,0,234.0
2025-11-28,P011,26,0,338.0
2025-11-28,P012,109,0,91.0
2025-11-28,P013,33,0,247.0
2025-11-28,P014,24,0,195.0
2025-11-28,P015,100,0,18.2
2025-11-29,P001,140,0,36.4
2025-11-29,P002,121,0,32.5
2025-11-29,P003,53,0,546.0
2025-11-29,P004,82,0,182.0
2025-11-29,P005,87,0,54.6
2025-11-29,P006,57,0,143.0
2025-11-29,P007,83,1,82.88
2025-11-29,P008,119,0,15.6
2025-11-29,P009,134,0,26.0
2025-11-29,P010,44,0,234.0
2025-11-29,P011,39,0,338.0
2025-11-29,P012,102,0,91.0
2025-11-29,P013,37,0,247.0
2025-11-29,P014,40,1,165.75
2025-11-29,P015,169,1,15.47
2025-11-30,P001,137,0,36.4
2025-11-30,P002,116,0,32.5
2025-11-30,P003,52,0,546.0
2025-11-30,P004,67,0,182.0
2025-11-30,P005,85,0,54.6
2025-11-30,P006,50,0,143.0
2025-11-30,P007,96,1,82.88
2025-11-30,P008,117,0,15.6
2025-11-30,P009,127,0,26.0
2025-11-30,P010,42,0,234.0
2025-11-30,P011,30,0,338.0
2025-11-30,P012,76,0,91.0
2025-11-30,P013,31,0,247.0
2025-11-30,P014,49,1,165.75
2025-11-30,P015,149,1,15.47
2025-12-01,P001,124,0,36.4
2025-12-01,P002,83,0,32.5
2025-12-01,P003,43,0,546.0
2025-12-01,P004,62,0,182.0
2025-12-01,P005,69,0,54.6
2025-12-01,P006,41,0,143.0
2025-12-01,P007,72,1,82.88
2025-12-01,P008,114,0,15.6
2025-12-01,P009,112,0,26.0
2025-12-01,P010,39,0,234.0
2025-12-01,P011,13,0,338.0
2025-12-01,P012,76,0,91.0
2025-12-01,P013,18,0,247.0
2025-12-01,P014,36,1,165.75
2025-12-01,P015,133,1,15.47
2025-12-02,P001,139,0,36.4
2025-12-02,P002,80,0,32.5
2025-12-02,P003,40,0,546.0
2025-12-02,P004,48,0,182.0
2025-12-02,P005,52,0,54.6
2025-12-02,P006,45,0,143.0
2025-12-02,P007,45,0,97.5
2025-12-02,P008,99,0,15.6
2025-12-02,P009,98,0,26.0
2025-12-02,P010,28,1,198.9
2025-12-02,P011,18,0,338.0
2025-12-02,P012,90,0,91.0
2025-12-02,P013,25,0,247.0
2025-12-02,P014,25,1,165.75
2025-12-02,P015,131,1,15.47
2025-12-03,P001,130,0,36.4
2025-12-03,P002,98,0,32.5
2025-12-03,P003,33,0,546.0
2025-12-03,P004,61,0,182.0
2025-12-03,P005,56,0,54.6
2025-12-03,P006,43,0,143.0
2025-12-03,P007,45,0,97.5
2025-12-03,P008,99,0,15.6
2025-12-03,P009,100,0,26.0
2025-12-03,P010,42,1,198.9
2025-12-03,P011,20,0,338.0
2025-12-03,P012,89,0,91.0
2025-12-03,P013,22,0,247.0
2025-12-03,P014,28,1,165.75
2025-12-03,P015,122,1,15.47
2025-12-04,P001,132,0,36.4
2025-12-04,P002,115,1,27.62
2025-12-04,P003,41,0,546.0
2025-12-04,P004,61,0,182.0
2025-12-04,P005,48,0,54.6
2025-12-04,P006,49,0,143.0
2025-12-04,P007,57,0,97.5
2025-12-04,P008,106,0,15.6
2025-12-04,P009,119,0,26.0
2025-12-04,P010,51,1,198.9
2025-12-04,P011,28,0,338.0
2025-12-04,P012,87,0,91.0
2025-12-04,P013,27,0,247.0
2025-12-04,P014,23,0,195.0
2025-12-04,P015,87,0,18.2
2025-12-05,P001,146,0,36.4
2025-12-05,P002,141,1,27.62
2025-12-05,P003,41,0,546.0
2025-12-05,P004,76,0,182.0
2025-12-05,P005,76,0,54.6
2025-12-05,P006,45,0,143.0
2025-12-05,P007,55,0,97.5
2025-12-05,P008,113,0,15.6
2025-12-05,P009,138,0,26.0
2025-12-05,P010,61,1,198.9
2025-12-05,P011,28,0,338.0
2025-12-05,P012,91,0,91.0
2025-12-05,P013,28,0,247.0
2025-12-05,P014,24,0,195.0
2025-12-05,P015,98,0,18.2
2025-12-06,P001,160,0,36.4
2025-12-06,P002,169,1,27.62
2025-12-06,P003,47,0,546.0
2025-12-06,P004,68,0,182.0
2025-12-06,P005,75,0,54.6
2025-12-06,P006,57,0,143.0
2025-12-06,P007,72,0,97.5
2025-12-06,P008,118,0,15.6
2025-12-06,P009,142,0,26.0
2025-12-06,P010,53,1,198.9
2025-12-06,P011,20,0,338.0
2025-12-06,P012,113,0,91.0
2025-12-06,P013,35,0,247.0
2025-12-06,P014,29,0,195.0
2025-12-06,P015,118,0,18.2
2025-12-07,P001,160,0,36.4
2025-12-07,P002,149,1,27.62
2025-12-07,P003,62,0,546.0
2025-12-07,P004,50,0,182.0
2025-12-07,P005,98,1,46.41
2025-12-07,P006,56,0,143.0
2025-12-07,P007,60,0,97.5
2025-12-07,P008,108,0,15.6
2025-12-07,P009,129,0,26.0
2025-12-07,P010,38,0,234.0
2025-12-07,P011,21,0,338.0
2025-12-07,P012,83,0,91.0
2025-12-07,P013,30,0,247.0
2025-12-07,P014,22,0,195.0
2025-12-07,P015,96,0,18.2
2025-12-08,P001,136,0,36.4
2025-12-08,P002,126,1,27.62
2025-12-08,P003,43,0,546.0
2025-12-08,P004,62,0,182.0
2025-12-08,P005,74,1,46.41
2025-12-08,P006,29,0,143.0
2025-12-08,P007,40,0,97.5
2025-12-08,P008,91,0,15.6
2025-12-08,P009,81,0,26.0
2025-12-08,P010,27,0,234.0
2025-12-08,P011,18,0,338.0
2025-12-08,P012,83,0,91.0
2025-12-08,P013,29,0,247.0
2025-12-08,P014,20,0,195.0
2025-12-08,P015,89,0,18.2
2025-12-09,P001,125,0,36.4
2025-12-09,P002,82,0,32.5
2025-12-09,P003,40,0,546.0
2025-12-09,P004,55,0,182.0
2025-12-09,P005,89,1,46.41
2025-12-09,P006,49,0,143.0
2025-12-09,P007,40,0,97.5
2025-12-09,P008,104,0,15.6
2025-12-09,P009,95,0,26.0
2025-12-09,P010,36,0,234.0
2025-12-09,P011,13,0,338.0
2025-12-09,P012,79,0,91.0
2025-12-09,P013,20,0,247.0
2025-12-09,P014,15,0,195.0
2025-12-09,P015,81,0,18.2
2025-12-10,P001,147,0,36.4
2025-12-10,P002,103,0,32.5
2025-12-10,P003,42,0,546.0
2025-12-10,P004,57,0,182.0
2025-12-10,P005,88,1,46.41
2025-12-10,P006,46,0,143.0
2025-12-10,P007,45,0,97.5
2025-12-10,P008,90,0,15.6
2025-12-10,P009,75,0,26.0
2025-12-10,P010,28,0,234.0
2025-12-10,P011,25,0,338.0
2025-12-10,P012,93,0,91.0
2025-12-10,P013,12,0,247.0
2025-12-10,P014,25,0,195.0
2025-12-10,P015,81,0,18.2
2025-12-11,P001,135,0,36.4
2025-12-11,P002,108,0,32.5
2025-12-11,P003,41,0,546.0
2025-12-11,P004,49,0,182.0
2025-12-11,P005,107,1,46.41
2025-12-11,P006,41,0,143.0
2025-12-11,P007,57,0,97.5
2025-12-11,P008,101,0,15.6
2025-12-11,P009,96,0,26.0
2025-12-11,P010,24,0,234.0
2025-12-11,P011,18,0,338.0
2025-12-11,P012,91,0,91.0
2025-12-11,P013,28,0,247.0
2025-12-11,P014,25,0,195.0
2025-12-11,P015,77,0,18.2
2025-12-12,P001,149,0,36.4
2025-12-12,P002,124,0,32.5
2025-12-12,P003,55,0,546.0
2025-12-12,P004,65,0,182.0
2025-12-12,P005,68,0,54.6
2025-12-12,P006,44,0,143.0
2025-12-12,P007,68,0,97.5
2025-12-12,P008,151,0,15.6
2025-12-12,P009,114,0,26.0
2025-12-12,P010,39,0,234.0
2025-12-12,P011,29,0,338.0
2025-12-12,P012,84,0,91.0
2025-12-12,P013,29,0,247.0
2025-12-12,P014,21,0,195.0
2025-12-12,P015,86,0,18.2
2025-12-13,P001,167,0,36.4
2025-12-13,P002,131,0,32.5
2025-12-13,P003,65,0,546.0
2025-12-13,P004,73,0,182.0
2025-12-13,P005,88,0,54.6
2025-12-13,P006,60,0,143.0
2025-12-13,P007,50,0,97.5
2025-12-13,P008,138,0,15.6
2025-12-13,P009,142,0,26.0
2025-12-13,P010,58,0,234.0
2025-12-13,P011,37,0,338.0
2025-12-13,P012,106,0,91.0
2025-12-13,P013,29,0,247.0
2025-12-13,P014,22,0,195.0
2025-12-13,P015,121,0,18.2
2025-12-14,P001,151,0,36.4
2025-12-14,P002,120,0,32.5
2025-12-14,P003,57,0,546.0
2025-12-14,P004,64,0,182.0
2025-12-14,P005,89,0,54.6
2025-12-14,P006,69,1,121.55
2025-12-14,P007,66,0,97.5
2025-12-14,P008,135,0,15.6
2025-12-14,P009,134,0,26.0
2025-12-14,P010,36,0,234.0
2025-12-14,P011,28,0,338.0
2025-12-14,P012,98,0,91.0
2025-12-14,P013,30,0,247.0
2025-12-14,P014,22,0,195.0
2025-12-14,P015,110,0,18.2
2025-12-15,P001,115,0,36.4
2025-12-15,P002,76,0,32.5
2025-12-15,P003,36,0,546.0
2025-12-15,P004,56,0,182.0
2025-12-15,P005,69,0,54.6
2025-12-15,P006,62,1,121.55
2025-12-15,P007,48,0,97.5
2025-12-15,P008,97,0,15.6
2025-12-15,P009,112,0,26.0
2025-12-15,P010,22,0,234.0
2025-12-15,P011,22,0,338.0
2025-12-15,P012,78,0,91.0
2025-12-15,P013,20,0,247.0
2025-12-15,P014,17,0,195.0
2025-12-15,P015,96,0,18.2
2025-12-16,P001,118,0,36.4
2025-12-16,P002,89,0,32.5
2025-12-16,P003,40,0,546.0
2025-12-16,P004,48,0,182.0
2025-12-16,P005,57,0,54.6
2025-12-16,P006,63,1,121.55
2025-12-16,P007,33,0,97.5
2025-12-16,P008,117,0,15.6
2025-12-16,P009,103,0,26.0
2025-12-16,P010,28,0,234.0
2025-12-16,P011,20,0,338.0
2025-12-16,P012,80,0,91.0
2025-12-16,P013,35,0,247.0
2025-12-16,P014,31,0,195.0
2025-12-16,P015,79,0,18.2
2025-12-17,P001,105,0,36.4
2025-12-17,P002,81,0,32.5
2025-12-17,P003,36,0,546.0
2025-12-17,P004,55,0,182.0
2025-12-17,P005,50,0,54.6
2025-12-17,P006,48,1,121.55
2025-12-17,P007,38,0,97.5
2025-12-17,P008,101,0,15.6
2025-12-17,P009,94,0,26.0
2025-12-17,P010,33,0,234.0
2025-12-17,P011,22,0,338.0
2025-12-17,P012,85,1,77.35
2025-12-17,P013,18,0,247.0
2025-12-17,P014,22,0,195.0
2025-12-17,P015,70,0,18.2
2025-12-18,P001,132,0,36.4
2025-12-18,P002,109,0,32.5
2025-12-18,P003,42,0,546.0
2025-12-18,P004,60,0,182.0
2025-12-18,P005,53,0,54.6
2025-12-18,P006,65,1,121.55
2025-12-18,P007,50,0,97.5
2025-12-18,P008,122,0,15.6
2025-12-18,P009,97,0,26.0
2025-12-18,P010,34,0,234.0
2025-12-18,P011,22,0,338.0
2025-12-18,P012,120,1,77.35
2025-12-18,P013,28,0,247.0
2025-12-18,P014,18,0,195.0
2025-12-18,P015,88,0,18.2
2025-12-19,P001,135,0,36.4
2025-12-19,P002,118,0,32.5
2025-12-19,P003,51,0,546.0
2025-12-19,P004,67,0,182.0
2025-12-19,P005,78,0,54.6
2025-12-19,P006,42,0,143.0
2025-12-19,P007,65,0,97.5
2025-12-19,P008,137,0,15.6
2025-12-19,P009,116,0,26.0
2025-12-19,P010,40,0,234.0
2025-12-19,P011,31,0,338.0
2025-12-19,P012,143,1,77.35
2025-12-19,P013,24,0,247.0
2025-12-19,P014,22,0,195.0
2025-12-19,P015,115,0,18.2
2025-12-20,P001,187,0,36.4
2025-12-20,P002,133,0,32.5
2025-12-20,P003,49,0,546.0
2025-12-20,P004,82,0,182.0
2025-12-20,P005,81,0,54.6
2025-12-20,P006,62,0,143.0
2025-12-20,P007,80,0,97.5
2025-12-20,P008,136,0,15.6
2025-12-20,P009,131,0,26.0
2025-12-20,P010,54,0,234.0
2025-12-20,P011,32,0,338.0
2025-12-20,P012,159,1,77.35
2025-12-20,P013,30,0,247.0
2025-12-20,P014,34,0,195.0
2025-12-20,P015,113,0,18.2
2025-12-21,P001,165,0,36.4
2025-12-21,P002,111,0,32.5
2025-12-21,P003,53,0,546.0
2025-12-21,P004,76,0,182.0
2025-12-21,P005,87,0,54.6
2025-12-21,P006,54,0,143.0
2025-12-21,P007,65,0,97.5
2025-12-21,P008,122,0,15.6
2025-12-21,P009,134,0,26.0
2025-12-21,P010,43,0,234.0
2025-12-21,P011,32,0,338.0
2025-12-21,P012,152,1,77.35
2025-12-21,P013,34,0,247.0
2025-12-21,P014,26,0,195.0
2025-12-21,P015,103,0,18.2
2025-12-22,P001,118,0,36.4
2025-12-22,P002,81,0,32.5
2025-12-22,P003,50,0,546.0
2025-12-22,P004,76,0,182.0
2025-12-22,P005,58,0,54.6
2025-12-22,P006,37,0,143.0
2025-12-22,P007,51,0,97.5
2025-12-22,P008,105,0,15.6
2025-12-22,P009,111,0,26.0
2025-12-22,P010,32,0,234.0
2025-12-22,P011,25,0,338.0
2025-12-22,P012,77,0,91.0
2025-12-22,P013,28,0,247.0
2025-12-22,P014,32,0,195.0
2025-12-22,P015,103,0,18.2
2025-12-23,P001,120,0,36.4
2025-12-23,P002,100,0,32.5
2025-12-23,P003,48,0,546.0
2025-12-23,P004,74,0,182.0
2025-12-23,P005,79,0,54.6
2025-12-23,P006,38,0,143.0
2025-12-23,P007,58,0,97.5
2025-12-23,P008,120,0,15.6
2025-12-23,P009,115,0,26.0
2025-12-23,P010,47,0,234.0
2025-12-23,P011,46,0,338.0
2025-12-23,P012,71,0,91.0
2025-12-23,P013,25,0,247.0
2025-12-23,P014,13,0,195.0
2025-12-23,P015,79,0,18.2
2025-12-24,P001,208,1,30.94
2025-12-24,P002,91,0,32.5
2025-12-24,P003,59,0,546.0
2025-12-24,P004,66,0,182.0
2025-12-24,P005,82,0,54.6
2025-12-24,P006,40,0,143.0
2025-12-24,P007,55,0,97.5
2025-12-24,P008,97,0,15.6
2025-12-24,P009,133,0,26.0
2025-12-24,P010,42,0,234.0
2025-12-24,P011,45,0,338.0
2025-12-24,P012,72,0,91.0
2025-12-24,P013,26,0,247.0
2025-12-24,P014,23,0,195.0
2025-12-24,P015,114,0,18.2
2025-12-25,P001,193,1,30.94
2025-12-25,P002,108,0,32.5
2025-12-25,P003,59,1,464.1
2025-12-25,P004,70,0,182.0
2025-12-25,P005,98,0,54.6
2025-12-25,P006,28,0,143.0
2025-12-25,P007,52,0,97.5
2025-12-25,P008,115,0,15.6
2025-12-25,P009,120,0,26.0
2025-12-25,P010,51,0,234.0
2025-12-25,P011,45,0,338.0
2025-12-25,P012,74,0,91.0
2025-12-25,P013,26,0,247.0
2025-12-25,P014,24,0,195.0
2025-12-25,P015,91,0,18.2
2025-12-26,P001,248,1,30.94
2025-12-26,P002,135,0,32.5
2025-12-26,P003,74,1,464.1
2025-12-26,P004,85,0,182.0
2025-12-26,P005,82,0,54.6
2025-12-26,P006,45,0,143.0
2025-12-26,P007,68,0,97.5
2025-12-26,P008,131,0,15.6
2025-12-26,P009,152,0,26.0
2025-12-26,P010,48,0,234.0
2025-12-26,P011,42,0,338.0
2025-12-26,P012,105,0,91.0
2025-12-26,P013,38,0,247.0
2025-12-26,P014,24,0,195.0
2025-12-26,P015,93,0,18.2
2025-12-27,P001,226,1,30.94
2025-12-27,P002,140,0,32.5
2025-12-27,P003,89,1,464.1
2025-12-27,P004,84,0,182.0
2025-12-27,P005,97,0,54.6
2025-12-27,P006,43,0,143.0
2025-12-27,P007,77,0,97.5
2025-12-27,P008,135,0,15.6
2025-12-27,P009,126,0,26.0
2025-12-27,P010,51,0,234.0
2025-12-27,P011,40,0,338.0
2025-12-27,P012,107,0,91.0
2025-12-27,P013,29,0,247.0
2025-12-27,P014,27,0,195.0
2025-12-27,P015,117,0,18.2
2025-12-28,P001,216,1,30.94
2025-12-28,P002,131,0,32.5
2025-12-28,P003,61,1,464.1
2025-12-28,P004,66,0,182.0
2025-12-28,P005,89,0,54.6
2025-12-28,P006,58,0,143.0
2025-12-28,P007,73,0,97.5
2025-12-28,P008,142,0,15.6
2025-12-28,P009,115,0,26.0
2025-12-28,P010,50,0,234.0
2025-12-28,P011,41,0,338.0
2025-12-28,P012,108,0,91.0
2025-12-28,P013,32,0,247.0
2025-12-28,P014,37,0,195.0
2025-12-28,P015,98,0,18.2
2025-12-29,P001,139,0,36.4
2025-12-29,P002,97,0,32.5
2025-12-29,P003,67,1,464.1
2025-12-29,P004,76,0,182.0
2025-12-29,P005,70,0,54.6
2025-12-29,P006,37,0,143.0
2025-12-29,P007,64,0,97.5
2025-12-29,P008,99,0,15.6
2025-12-29,P009,117,0,26.0
2025-12-29,P010,35,0,234.0
2025-12-29,P011,27,0,338.0
2025-12-29,P012,82,0,91.0
2025-12-29,P013,17,0,247.0
2025-12-29,P014,23,0,195.0
2025-12-29,P015,95,0,18.2
2025-12-30,P001,124,0,36.4
2025-12-30,P002,100,0,32.5
2025-12-30,P003,49,0,546.0
2025-12-30,P004,66,0,182.0
2025-12-30,P005,54,0,54.6
2025-12-30,P006,47,0,143.0
2025-12-30,P007,55,0,97.5
2025-12-30,P008,92,0,15.6
2025-12-30,P009,112,0,26.0
2025-12-30,P010,48,0,234.0
2025-12-30,P011,31,0,338.0
2025-12-30,P012,79,0,91.0
2025-12-30,P013,27,0,247.0
2025-12-30,P014,19,0,195.0
2025-12-30,P015,84,0,18.2
2025-12-31,P001,144,0,36.4
2025-12-31,P002,78,0,32.5
2025-12-31,P003,41,0,546.0
2025-12-31,P004,75,0,182.0
2025-12-31,P005,65,0,54.6
2025-12-31,P006,44,0,143.0
2025-12-31,P007,51,0,97.5
2025-12-31,P008,104,0,15.6
2025-12-31,P009,127,0,26.0
2025-12-31,P010,34,0,234.0
2025-12-31,P011,44,0,338.0
2025-12-31,P012,85,0,91.0
2025-12-31,P013,17,0,247.0
2025-12-31,P014,24,0,195.0
2025-12-31,P015,99,0,18.2
2026-01-01,P001,136,0,36.4
2026-01-01,P002,87,0,32.5
2026-01-01,P003,55,0,546.0
2026-01-01,P004,67,0,182.0
2026-01-01,P005,80,0,54.6
2026-01-01,P006,43,0,143.0
2026-01-01,P007,61,0,97.5
2026-01-01,P008,115,0,15.6
2026-01-01,P009,107,0,26.0
2026-01-01,P010,45,0,234.0
2026-01-01,P011,36,0,338.0
2026-01-01,P012,81,0,91.0
2026-01-01,P013,31,0,247.0
2026-01-01,P014,26,0,195.0
2026-01-01,P015,97,0,18.2
2026-01-02,P001,156,0,36.4
2026-01-02,P002,108,0,32.5
2026-01-02,P003,56,0,546.0
2026-01-02,P004,87,0,182.0
2026-01-02,P005,76,0,54.6
2026-01-02,P006,55,0,143.0
2026-01-02,P007,66,0,97.5
2026-01-02,P008,152,0,15.6
2026-01-02,P009,127,0,26.0
2026-01-02,P010,48,0,234.0
2026-01-02,P011,43,0,338.0
2026-01-02,P012,103,0,91.0
2026-01-02,P013,48,0,247.0
2026-01-02,P014,23,0,195.0
2026-01-02,P015,104,0,18.2
2026-01-03,P001,157,0,36.4
2026-01-03,P002,114,0,32.5
2026-01-03,P003,56,0,546.0
2026-01-03,P004,80,0,182.0
2026-01-03,P005,91,0,54.6
2026-01-03,P006,80,0,143.0
2026-01-03,P007,67,0,97.5
2026-01-03,P008,168,0,15.6
2026-01-03,P009,115,0,26.0
2026-01-03,P010,36,0,234.0
2026-01-03,P011,27,0,338.0
2026-01-03,P012,103,0,91.0
2026-01-03,P013,32,0,247.0
2026-01-03,P014,29,0,195.0
2026-01-03,P015,116,0,18.2
2026-01-04,P001,175,0,36.4
2026-01-04,P002,121,0,32.5
2026-01-04,P003,55,0,546.0
2026-01-04,P004,70,0,182.0
2026-01-04,P005,78,0,54.6
2026-01-04,P006,29,0,143.0
2026-01-04,P007,75,0,97.5
2026-01-04,P008,201,1,13.26
2026-01-04,P009,140,0,26.0
2026-01-04,P010,41,0,234.0
2026-01-04,P011,32,0,338.0
2026-01-04,P012,119,0,91.0
2026-01-04,P013,32,0,247.0
2026-01-04,P014,27,0,195.0
2026-01-04,P015,110,0,18.2
2026-01-05,P001,129,0,36.4
2026-01-05,P002,84,0,32.5
2026-01-05,P003,32,0,546.0
2026-01-05,P004,65,0,182.0
2026-01-05,P005,69,0,54.6
2026-01-05,P006,40,0,143.0
2026-01-05,P007,49,0,97.5
2026-01-05,P008,154,1,13.26
2026-01-05,P009,84,0,26.0
2026-01-05,P010,34,0,234.0
2026-01-05,P011,22,0,338.0
2026-01-05,P012,87,0,91.0
2026-01-05,P013,25,0,247.0
2026-01-05,P014,17,0,195.0
2026-01-05,P015,93,0,18.2
2026-01-06,P001,119,0,36.4
2026-01-06,P002,88,0,32.5
2026-01-06,P003,26,0,546.0
2026-01-06,P004,54,0,182.0
2026-01-06,P005,64,0,54.6
2026-01-06,P006,42,0,143.0
2026-01-06,P007,56,0,97.5
2026-01-06,P008,154,1,13.26
2026-01-06,P009,96,0,26.0
2026-01-06,P010,30,0,234.0
2026-01-06,P011,29,0,338.0
2026-01-06,P012,77,0,91.0
2026-01-06,P013,22,0,247.0
2026-01-06,P014,20,0,195.0
2026-01-06,P015,96,0,18.2
2026-01-07,P001,114,0,36.4
2026-01-07,P002,86,0,32.5
2026-01-07,P003,38,0,546.0
2026-01-07,P004,43,0,182.0
2026-01-07,P005,68,0,54.6
2026-01-07,P006,40,0,143.0
2026-01-07,P007,54,0,97.5
2026-01-07,P008,164,1,13.26
2026-01-07,P009,107,0,26.0
2026-01-07,P010,23,0,234.0
2026-01-07,P011,23,0,338.0
2026-01-07,P012,94,0,91.0
2026-01-07,P013,28,0,247.0
2026-01-07,P014,15,0,195.0
2026-01-07,P015,92,0,18.2
2026-01-08,P001,119,0,36.4
2026-01-08,P002,94,0,32.5
2026-01-08,P003,47,0,546.0
2026-01-08,P004,38,0,182.0
2026-01-08,P005,59,0,54.6
2026-01-08,P006,55,0,143.0
2026-01-08,P007,53,0,97.5
2026-01-08,P008,178,1,13.26
2026-01-08,P009,103,0,26.0
2026-01-08,P010,32,0,234.0
2026-01-08,P011,23,0,338.0
2026-01-08,P012,93,0,91.0
2026-01-08,P013,26,0,247.0
2026-01-08,P014,18,0,195.0
2026-01-08,P015,80,0,18.2
2026-01-09,P001,150,0,36.4
2026-01-09,P002,121,0,32.5
2026-01-09,P003,36,0,546.0
2026-01-09,P004,66,0,182.0
2026-01-09,P005,65,0,54.6
2026-01-09,P006,50,0,143.0
2026-01-09,P007,73,0,97.5
2026-01-09,P008,141,0,15.6
2026-01-09,P009,114,0,26.0
2026-01-09,P010,43,0,234.0
2026-01-09,P011,24,0,338.0
2026-01-09,P012,92,0,91.0
2026-01-09,P013,30,0,247.0
2026-01-09,P014,23,0,195.0
2026-01-09,P015,96,0,18.2
2026-01-10,P001,155,0,36.4
2026-01-10,P002,115,0,32.5
2026-01-10,P003,50,0,546.0
2026-01-10,P004,79,0,182.0
2026-01-10,P005,103,0,54.6
2026-01-10,P006,65,0,143.0
2026-01-10,P007,63,0,97.5
2026-01-10,P008,175,0,15.6
2026-01-10,P009,143,0,26.0
2026-01-10,P010,51,0,234.0
2026-01-10,P011,33,0,338.0
2026-01-10,P012,96,0,91.0
2026-01-10,P013,37,0,247.0
2026-01-10,P014,36,0,195.0
2026-01-10,P015,98,0,18.2
2026-01-11,P001,169,0,36.4
2026-01-11,P002,114,0,32.5
2026-01-11,P003,57,0,546.0
2026-01-11,P004,62,0,182.0
2026-01-11,P005,70,0,54.6
2026-01-11,P006,58,0,143.0
2026-01-11,P007,68,0,97.5
2026-01-11,P008,173,0,15.6
2026-01-11,P009,138,0,26.0
2026-01-11,P010,34,0,234.0
2026-01-11,P011,32,0,338.0
2026-01-11,P012,107,0,91.0
2026-01-11,P013,27,0,247.0
2026-01-11,P014,31,0,195.0
2026-01-11,P015,109,0,18.2
2026-01-12,P001,230,0,36.4
2026-01-12,P002,95,0,32.5
2026-01-12,P003,35,0,546.0
2026-01-12,P004,61,0,182.0
2026-01-12,P005,57,0,54.6
2026-01-12,P006,50,0,143.0
2026-01-12,P007,66,0,97.5
2026-01-12,P008,121,0,15.6
2026-01-12,P009,110,0,26.0
2026-01-12,P010,28,0,234.0
2026-01-12,P011,21,0,338.0
2026-01-12,P012,73,0,91.0
2026-01-12,P013,16,0,247.0
2026-01-12,P014,17,0,195.0
2026-01-12,P015,63,0,18.2
2026-01-13,P001,197,0,36.4
2026-01-13,P002,94,0,32.5
2026-01-13,P003,33,0,546.0
2026-01-13,P004,61,0,182.0
2026-01-13,P005,80,0,54.6
2026-01-13,P006,35,0,143.0
2026-01-13,P007,53,0,97.5
2026-01-13,P008,120,0,15.6
2026-01-13,P009,99,0,26.0
2026-01-13,P010,40,1,198.9
2026-01-13,P011,17,0,338.0
2026-01-13,P012,125,1,77.35
2026-01-13,P013,41,1,209.95
2026-01-13,P014,29,0,195.0
2026-01-13,P015,100,0,18.2
2026-01-14,P001,107,0,36.4
2026-01-14,P002,88,0,32.5
2026-01-14,P003,46,0,546.0
2026-01-14,P004,54,0,182.0
2026-01-14,P005,63,0,54.6
2026-01-14,P006,45,0,143.0
2026-01-14,P007,54,0,97.5
2026-01-14,P008,127,0,15.6
2026-01-14,P009,99,0,26.0
2026-01-14,P010,58,1,198.9
2026-01-14,P011,18,0,338.0
2026-01-14,P012,125,1,77.35
2026-01-14,P013,38,1,209.95
2026-01-14,P014,25,0,195.0
2026-01-14,P015,78,0,18.2
2026-01-15,P001,113,0,36.4
2026-01-15,P002,104,0,32.5
2026-01-15,P003,43,0,546.0
2026-01-15,P004,67,0,182.0
2026-01-15,P005,65,0,54.6
2026-01-15,P006,37,0,143.0
2026-01-15,P007,64,0,97.5
2026-01-15,P008,129,0,15.6
2026-01-15,P009,90,0,26.0
2026-01-15,P010,44,1,198.9
2026-01-15,P011,14,0,338.0
2026-01-15,P012,102,1,77.35
2026-01-15,P013,34,1,209.95
2026-01-15,P014,23,0,195.0
2026-01-15,P015,82,0,18.2
2026-01-16,P001,151,0,36.4
2026-01-16,P002,108,0,32.5
2026-01-16,P003,45,0,546.0
2026-01-16,P004,67,0,182.0
2026-01-16,P005,71,0,54.6
2026-01-16,P006,44,0,143.0
2026-01-16,P007,79,0,97.5
2026-01-16,P008,152,0,15.6
2026-01-16,P009,121,0,26.0
2026-01-16,P010,43,1,198.9
2026-01-16,P011,32,0,338.0
2026-01-16,P012,145,1,77.35
2026-01-16,P013,49,1,209.95
2026-01-16,P014,30,0,195.0
2026-01-16,P015,96,0,18.2
2026-01-17,P001,150,0,36.4
2026-01-17,P002,114,0,32.5
2026-01-17,P003,47,0,546.0
2026-01-17,P004,72,0,182.0
2026-01-17,P005,68,0,54.6
2026-01-17,P006,67,0,143.0
2026-01-17,P007,70,0,97.5
2026-01-17,P008,155,0,15.6
2026-01-17,P009,137,0,26.0
2026-01-17,P010,60,1,198.9
2026-01-17,P011,25,0,338.0
2026-01-17,P012,143,1,77.35
2026-01-17,P013,55,1,209.95
2026-01-17,P014,27,0,195.0
2026-01-17,P015,119,0,18.2
2026-01-18,P001,144,0,36.4
2026-01-18,P002,106,0,32.5
2026-01-18,P003,59,0,546.0
2026-01-18,P004,59,0,182.0
2026-01-18,P005,67,0,54.6
2026-01-18,P006,51,0,143.0
2026-01-18,P007,76,0,97.5
2026-01-18,P008,154,0,15.6
2026-01-18,P009,121,0,26.0
2026-01-18,P010,46,0,234.0
2026-01-18,P011,29,0,338.0
2026-01-18,P012,82,0,91.0
2026-01-18,P013,39,0,247.0
2026-01-18,P014,35,0,195.0
2026-01-18,P015,108,0,18.2
2026-01-19,P001,125,0,36.4
2026-01-19,P002,98,0,32.5
2026-01-19,P003,47,0,546.0
2026-01-19,P004,62,0,182.0
2026-01-19,P005,69,0,54.6
2026-01-19,P006,37,0,143.0
2026-01-19,P007,45,0,97.5
2026-01-19,P008,129,0,15.6
2026-01-19,P009,111,0,26.0
2026-01-19,P010,24,0,234.0
2026-01-19,P011,22,0,338.0
2026-01-19,P012,79,0,91.0
2026-01-19,P013,24,0,247.0
2026-01-19,P014,26,0,195.0
2026-01-19,P015,77,0,18.2
2026-01-20,P001,132,0,36.4
2026-01-20,P002,86,0,32.5
2026-01-20,P003,40,0,546.0
2026-01-20,P004,48,0,182.0
2026-01-20,P005,74,0,54.6
2026-01-20,P006,39,0,143.0
2026-01-20,P007,45,0,97.5
2026-01-20,P008,132,0,15.6
2026-01-20,P009,115,0,26.0
2026-01-20,P010,28,0,234.0
2026-01-20,P011,23,0,338.0
2026-01-20,P012,75,0,91.0
2026-01-20,P013,26,0,247.0
2026-01-20,P014,32,1,165.75
2026-01-20,P015,78,0,18.2
2026-01-21,P001,120,0,36.4
2026-01-21,P002,102,0,32.5
2026-01-21,P003,44,0,546.0
2026-01-21,P004,56,0,182.0
2026-01-21,P005,62,0,54.6
2026-01-21,P006,33,0,143.0
2026-01-21,P007,53,0,97.5
2026-01-21,P008,111,0,15.6
2026-01-21,P009,102,0,26.0
2026-01-21,P010,22,0,234.0
2026-01-21,P011,19,0,338.0
2026-01-21,P012,88,0,91.0
2026-01-21,P013,25,0,247.0
2026-01-21,P014,41,1,165.75
2026-01-21,P015,70,0,18.2
2026-01-22,P001,126,0,36.4
2026-01-22,P002,99,0,32.5
2026-01-22,P003,45,0,546.0
2026-01-22,P004,63,0,182.0
2026-01-22,P005,61,0,54.6
2026-01-22,P006,47,0,143.0
2026-01-22,P007,71,0,97.5
2026-01-22,P008,123,0,15.6
2026-01-22,P009,114,0,26.0
2026-01-22,P010,29,0,234.0
2026-01-22,P011,22,0,338.0
2026-01-22,P012,92,0,91.0
2026-01-22,P013,35,1,209.95
2026-01-22,P014,29,1,165.75
2026-01-22,P015,87,0,18.2
2026-01-23,P001,127,0,36.4
2026-01-23,P002,118,0,32.5
2026-01-23,P003,49,0,546.0
2026-01-23,P004,72,0,182.0
2026-01-23,P005,87,0,54.6
2026-01-23,P006,51,0,143.0
2026-01-23,P007,68,0,97.5
2026-01-23,P008,138,0,15.6
2026-01-23,P009,124,0,26.0
2026-01-23,P010,33,0,234.0
2026-01-23,P011,23,0,338.0
2026-01-23,P012,90,0,91.0
2026-01-23,P013,38,1,209.95
2026-01-23,P014,43,1,165.75
2026-01-23,P015,90,0,18.2
2026-01-24,P001,164,0,36.4
2026-01-24,P002,122,0,32.5
2026-01-24,P003,58,0,546.0
2026-01-24,P004,72,0,182.0
2026-01-24,P005,101,0,54.6
2026-01-24,P006,49,0,143.0
2026-01-24,P007,76,0,97.5
2026-01-24,P008,168,0,15.6
2026-01-24,P009,143,0,26.0
2026-01-24,P010,44,0,234.0
2026-01-24,P011,30,0,338.0
2026-01-24,P012,92,0,91.0
2026-01-24,P013,57,1,209.95
2026-01-24,P014,54,1,165.75
2026-01-24,P015,121,0,18.2
2026-01-25,P001,147,0,36.4
2026-01-25,P002,109,0,32.5
2026-01-25,P003,45,0,546.0
2026-01-25,P004,60,0,182.0
2026-01-25,P005,78,0,54.6
2026-01-25,P006,38,0,143.0
2026-01-25,P007,84,0,97.5
2026-01-25,P008,198,0,15.6
2026-01-25,P009,138,0,26.0
2026-01-25,P010,31,0,234.0
2026-01-25,P011,24,0,338.0
2026-01-25,P012,84,0,91.0
2026-01-25,P013,41,1,209.95
2026-01-25,P014,33,0,195.0
2026-01-25,P015,104,0,18.2
2026-01-26,P001,131,0,36.4
2026-01-26,P002,87,0,32.5
2026-01-26,P003,44,0,546.0
2026-01-26,P004,72,0,182.0
2026-01-26,P005,63,0,54.6
2026-01-26,P006,45,0,143.0
2026-01-26,P007,60,0,97.5
2026-01-26,P008,144,0,15.6
2026-01-26,P009,110,0,26.0
2026-01-26,P010,29,0,234.0
2026-01-26,P011,28,0,338.0
2026-01-26,P012,86,0,91.0
2026-01-26,P013,41,1,209.95
2026-01-26,P014,27,0,195.0
2026-01-26,P015,91,0,18.2
2026-01-27,P001,117,0,36.4
2026-01-27,P002,87,0,32.5
2026-01-27,P003,39,0,546.0
2026-01-27,P004,59,0,182.0
2026-01-27,P005,61,0,54.6
2026-01-27,P006,35,0,143.0
2026-01-27,P007,69,0,97.5
2026-01-27,P008,139,0,15.6
2026-01-27,P009,107,0,26.0
2026-01-27,P010,22,0,234.0
2026-01-27,P011,20,0,338.0
2026-01-27,P012,87,0,91.0
2026-01-27,P013,24,0,247.0
2026-01-27,P014,23,0,195.0
2026-01-27,P015,73,0,18.2
2026-01-28,P001,130,0,36.4
2026-01-28,P002,109,0,32.5
2026-01-28,P003,37,0,546.0
2026-01-28,P004,57,0,182.0
2026-01-28,P005,77,0,54.6
2026-01-28,P006,36,0,143.0
2026-01-28,P007,58,0,97.5
2026-01-28,P008,130,0,15.6
2026-01-28,P009,100,0,26.0
2026-01-28,P010,31,0,234.0
2026-01-28,P011,14,0,338.0
2026-01-28,P012,77,0,91.0
2026-01-28,P013,34,0,247.0
2026-01-28,P014,35,0,195.0
2026-01-28,P015,83,0,18.2
2026-01-29,P001,126,0,36.4
2026-01-29,P002,98,0,32.5
2026-01-29,P003,44,0,546.0
2026-01-29,P004,57,0,182.0
2026-01-29,P005,52,0,54.6
2026-01-29,P006,38,0,143.0
2026-01-29,P007,69,0,97.5
2026-01-29,P008,146,0,15.6
2026-01-29,P009,112,0,26.0
2026-01-29,P010,34,0,234.0
2026-01-29,P011,23,0,338.0
2026-01-29,P012,71,0,91.0
2026-01-29,P013,30,0,247.0
2026-01-29,P014,30,0,195.0
2026-01-29,P015,84,0,18.2
2026-01-30,P001,131,0,36.4
2026-01-30,P002,95,0,32.5
2026-01-30,P003,53,0,546.0
2026-01-30,P004,60,0,182.0
2026-01-30,P005,71,0,54.6
2026-01-30,P006,54,0,143.0
2026-01-30,P007,68,0,97.5
2026-01-30,P008,160,0,15.6
2026-01-30,P009,109,0,26.0
2026-01-30,P010,31,0,234.0
2026-01-30,P011,22,0,338.0
2026-01-30,P012,77,0,91.0
2026-01-30,P013,28,0,247.0
2026-01-30,P014,30,0,195.0
2026-01-30,P015,100,0,18.2
2026-01-31,P001,145,0,36.4
2026-01-31,P002,116,0,32.5
2026-01-31,P003,64,0,546.0
2026-01-31,P004,87,0,182.0
2026-01-31,P005,75,0,54.6
2026-01-31,P006,51,0,143.0
2026-01-31,P007,86,0,97.5
2026-01-31,P008,179,0,15.6
2026-01-31,P009,154,0,26.0
2026-01-31,P010,39,0,234.0
2026-01-31,P011,24,0,338.0
2026-01-31,P012,116,0,91.0
2026-01-31,P013,32,0,247.0
2026-01-31,P014,30,0,195.0
2026-01-31,P015,109,0,18.2
2026-02-01,P001,153,0,36.4
2026-02-01,P002,115,0,32.5
2026-02-01,P003,60,0,546.0
2026-02-01,P004,72,0,182.0
2026-02-01,P005,68,0,54.6
2026-02-01,P006,59,0,143.0
2026-02-01,P007,87,0,97.5
2026-02-01,P008,160,0,15.6
2026-02-01,P009,117,0,26.0
2026-02-01,P010,44,0,234.0
2026-02-01,P011,28,0,338.0
2026-02-01,P012,105,0,91.0
2026-02-01,P013,36,0,247.0
2026-02-01,P014,29,0,195.0
2026-02-01,P015,117,0,18.2
2026-02-02,P001,95,0,36.4
2026-02-02,P002,78,0,32.5
2026-02-02,P003,43,0,546.0
2026-02-02,P004,63,0,182.0
2026-02-02,P005,46,0,54.6
2026-02-02,P006,43,0,143.0
2026-02-02,P007,68,0,97.5
2026-02-02,P008,123,0,15.6
2026-02-02,P009,100,0,26.0
2026-02-02,P010,39,0,234.0
2026-02-02,P011,23,0,338.0
2026-02-02,P012,89,0,91.0
2026-02-02,P013,19,0,247.0
2026-02-02,P014,28,0,195.0
2026-02-02,P015,73,0,18.2
2026-02-03,P001,117,0,36.4
2026-02-03,P002,91,0,32.5
2026-02-03,P003,36,0,546.0
2026-02-03,P004,52,0,182.0
2026-02-03,P005,49,0,54.6
2026-02-03,P006,42,0,143.0
2026-02-03,P007,61,0,97.5
2026-02-03,P008,140,0,15.6
2026-02-03,P009,108,0,26.0
2026-02-03,P010,37,0,234.0
2026-02-03,P011,23,0,338.0
2026-02-03,P012,88,0,91.0
2026-02-03,P013,23,0,247.0
2026-02-03,P014,26,0,195.0
2026-02-03,P015,81,0,18.2
2026-02-04,P001,133,0,36.4
2026-02-04,P002,92,0,32.5
2026-02-04,P003,32,0,546.0
2026-02-04,P004,54,0,182.0
2026-02-04,P005,76,0,54.6
2026-02-04,P006,45,0,143.0
2026-02-04,P007,67,0,97.5
2026-02-04,P008,137,0,15.6
2026-02-04,P009,109,0,26.0
2026-02-04,P010,22,0,234.0
2026-02-04,P011,25,0,338.0
2026-02-04,P012,91,0,91.0
2026-02-04,P013,28,0,247.0
2026-02-04,P014,29,0,195.0
2026-02-04,P015,93,0,18.2
2026-02-05,P001,112,0,36.4
2026-02-05,P002,80,0,32.5
2026-02-05,P003,41,0,546.0
2026-02-05,P004,58,0,182.0
2026-02-05,P005,62,0,54.6
2026-02-05,P006,38,0,143.0
2026-02-05,P007,70,0,97.5
2026-02-05,P008,138,0,15.6
2026-02-05,P009,102,0,26.0
2026-02-05,P010,34,0,234.0
2026-02-05,P011,15,0,338.0
2026-02-05,P012,80,0,91.0
2026-02-05,P013,30,0,247.0
2026-02-05,P014,33,0,195.0
2026-02-05,P015,94,0,18.2
2026-02-06,P001,158,0,36.4
2026-02-06,P002,157,1,27.62
2026-02-06,P003,51,0,546.0
2026-02-06,P004,73,0,182.0
2026-02-06,P005,68,0,54.6
2026-02-06,P006,55,0,143.0
2026-02-06,P007,75,0,97.5
2026-02-06,P008,188,0,15.6
2026-02-06,P009,103,0,26.0
2026-02-06,P010,34,0,234.0
2026-02-06,P011,21,0,338.0
2026-02-06,P012,78,0,91.0
2026-02-06,P013,37,0,247.0
2026-02-06,P014,34,0,195.0
2026-02-06,P015,102,0,18.2
2026-02-07,P001,178,0,36.4
2026-02-07,P002,178,1,27.62
2026-02-07,P003,44,0,546.0
2026-02-07,P004,74,0,182.0
2026-02-07,P005,66,0,54.6
2026-02-07,P006,60,0,143.0
2026-02-07,P007,88,0,97.5
2026-02-07,P008,198,0,15.6
2026-02-07,P009,133,0,26.0
2026-02-07,P010,46,0,234.0
2026-02-07,P011,30,0,338.0
2026-02-07,P012,104,0,91.0
2026-02-07,P013,38,0,247.0
2026-02-07,P014,30,0,195.0
2026-02-07,P015,118,0,18.2
2026-02-08,P001,148,0,36.4
2026-02-08,P002,155,1,27.62
2026-02-08,P003,59,0,546.0
2026-02-08,P004,85,1,154.7
2026-02-08,P005,75,0,54.6
2026-02-08,P006,54,0,143.0
2026-02-08,P007,85,0,97.5
2026-02-08,P008,180,0,15.6
2026-02-08,P009,143,0,26.0
2026-02-08,P010,47,0,234.0
2026-02-08,P011,19,0,338.0
2026-02-08,P012,122,0,91.0
2026-02-08,P013,38,0,247.0
2026-02-08,P014,32,0,195.0
2026-02-08,P015,109,0,18.2
2026-02-09,P001,111,0,36.4
2026-02-09,P002,122,1,27.62
2026-02-09,P003,34,0,546.0
2026-02-09,P004,90,1,154.7
2026-02-09,P005,54,0,54.6
2026-02-09,P006,38,0,143.0
2026-02-09,P007,60,0,97.5
2026-02-09,P008,135,0,15.6
2026-02-09,P009,119,0,26.0
2026-02-09,P010,22,0,234.0
2026-02-09,P011,24,0,338.0
2026-02-09,P012,111,1,77.35
2026-02-09,P013,24,0,247.0
2026-02-09,P014,27,0,195.0
2026-02-09,P015,96,0,18.2
2026-02-10,P001,120,0,36.4
2026-02-10,P002,159,1,27.62
2026-02-10,P003,36,0,546.0
2026-02-10,P004,73,1,154.7
2026-02-10,P005,68,0,54.6
2026-02-10,P006,32,0,143.0
2026-02-10,P007,64,0,97.5
2026-02-10,P008,136,0,15.6
2026-02-10,P009,114,0,26.0
2026-02-10,P010,35,0,234.0
2026-02-10,P011,21,0,338.0
2026-02-10,P012,118,1,77.35
2026-02-10,P013,22,0,247.0
2026-02-10,P014,26,0,195.0
2026-02-10,P015,84,0,18.2
2026-02-11,P001,122,0,36.4
2026-02-11,P002,109,0,32.5
2026-02-11,P003,39,0,546.0
2026-02-11,P004,103,1,154.7
2026-02-11,P005,70,0,54.6
2026-02-11,P006,52,0,143.0
2026-02-11,P007,78,0,97.5
2026-02-11,P008,157,0,15.6
2026-02-11,P009,117,0,26.0
2026-02-11,P010,29,0,234.0
2026-02-11,P011,24,0,338.0
2026-02-11,P012,104,1,77.35
2026-02-11,P013,21,0,247.0
2026-02-11,P014,29,0,195.0
2026-02-11,P015,76,0,18.2
2026-02-12,P001,118,0,36.4
2026-02-12,P002,102,0,32.5
2026-02-12,P003,47,0,546.0
2026-02-12,P004,86,1,154.7
2026-02-12,P005,62,0,54.6
2026-02-12,P006,41,0,143.0
2026-02-12,P007,70,0,97.5
2026-02-12,P008,221,1,13.26
2026-02-12,P009,108,0,26.0
2026-02-12,P010,34,0,234.0
2026-02-12,P011,25,0,338.0
2026-02-12,P012,136,1,77.35
2026-02-12,P013,32,0,247.0
2026-02-12,P014,38,0,195.0
2026-02-12,P015,95,0,18.2
2026-02-13,P001,158,0,36.4
2026-02-13,P002,113,0,32.5
2026-02-13,P003,48,0,546.0
2026-02-13,P004,79,0,182.0
2026-02-13,P005,84,0,54.6
2026-02-13,P006,53,0,143.0
2026-02-13,P007,95,0,97.5
2026-02-13,P008,248,1,13.26
2026-02-13,P009,146,0,26.0
2026-02-13,P010,47,0,234.0
2026-02-13,P011,37,0,338.0
2026-02-13,P012,136,1,77.35
2026-02-13,P013,36,0,247.0
2026-02-13,P014,40,0,195.0
2026-02-13,P015,111,0,18.2
2026-02-14,P001,148,0,36.4
2026-02-14,P002,125,0,32.5
2026-02-14,P003,51,0,546.0
2026-02-14,P004,76,0,182.0
2026-02-14,P005,86,0,54.6
2026-02-14,P006,69,1,121.55
2026-02-14,P007,107,0,97.5
2026-02-14,P008,287,1,13.26
2026-02-14,P009,132,0,26.0
2026-02-14,P010,45,0,234.0
2026-02-14,P011,42,0,338.0
2026-02-14,P012,132,0,91.0
2026-02-14,P013,46,0,247.0
2026-02-14,P014,37,0,195.0
2026-02-14,P015,133,0,18.2
2026-02-15,P001,140,0,36.4
2026-02-15,P002,106,0,32.5
2026-02-15,P003,45,0,546.0
2026-02-15,P004,68,0,182.0
2026-02-15,P005,99,0,54.6
2026-02-15,P006,66,1,121.55
2026-02-15,P007,89,0,97.5
2026-02-15,P008,271,1,13.26
2026-02-15,P009,139,0,26.0
2026-02-15,P010,41,0,234.0
2026-02-15,P011,36,0,338.0
2026-02-15,P012,116,0,91.0
2026-02-15,P013,38,0,247.0
2026-02-15,P014,38,0,195.0
2026-02-15,P015,117,0,18.2
2026-02-16,P001,115,0,36.4
2026-02-16,P002,78,0,32.5
2026-02-16,P003,39,0,546.0
2026-02-16,P004,54,0,182.0
2026-02-16,P005,61,0,54.6
2026-02-16,P006,59,1,121.55
2026-02-16,P007,67,0,97.5
2026-02-16,P008,211,1,13.26
2026-02-16,P009,101,0,26.0
2026-02-16,P010,26,0,234.0
2026-02-16,P011,23,0,338.0
2026-02-16,P012,79,0,91.0
2026-02-16,P013,34,0,247.0
2026-02-16,P014,28,0,195.0
2026-02-16,P015,80,0,18.2
2026-02-17,P001,104,0,36.4
2026-02-17,P002,69,0,32.5
2026-02-17,P003,50,0,546.0
2026-02-17,P004,51,0,182.0
2026-02-17,P005,57,0,54.6
2026-02-17,P006,61,1,121.55
2026-02-17,P007,68,0,97.5
2026-02-17,P008,173,0,15.6
2026-02-17,P009,92,0,26.0
2026-02-17,P010,22,0,234.0
2026-02-17,P011,18,0,338.0
2026-02-17,P012,72,0,91.0
2026-02-17,P013,19,0,247.0
2026-02-17,P014,27,0,195.0
2026-02-17,P015,92,0,18.2
2026-02-18,P001,119,0,36.4
2026-02-18,P002,96,0,32.5
2026-02-18,P003,36,0,546.0
2026-02-18,P004,56,0,182.0
2026-02-18,P005,57,0,54.6
2026-02-18,P006,65,1,121.55
2026-02-18,P007,66,0,97.5
2026-02-18,P008,137,0,15.6
2026-02-18,P009,96,0,26.0
2026-02-18,P010,29,0,234.0
2026-02-18,P011,21,0,338.0
2026-02-18,P012,88,0,91.0
2026-02-18,P013,25,0,247.0
2026-02-18,P014,23,0,195.0
2026-02-18,P015,97,0,18.2
2026-02-19,P001,139,0,36.4
2026-02-19,P002,89,0,32.5
2026-02-19,P003,49,0,546.0
2026-02-19,P004,67,0,182.0
2026-02-19,P005,67,0,54.6
2026-02-19,P006,31,0,143.0
2026-02-19,P007,74,0,97.5
2026-02-19,P008,161,0,15.6
2026-02-19,P009,98,0,26.0
2026-02-19,P010,31,0,234.0
2026-02-19,P011,23,0,338.0
2026-02-19,P012,98,0,91.0
2026-02-19,P013,26,0,247.0
2026-02-19,P014,37,0,195.0
2026-02-19,P015,94,0,18.2
2026-02-20,P001,133,0,36.4
2026-02-20,P002,111,0,32.5
2026-02-20,P003,39,0,546.0
2026-02-20,P004,64,0,182.0
2026-02-20,P005,90,0,54.6
2026-02-20,P006,49,0,143.0
2026-02-20,P007,83,0,97.5
2026-02-20,P008,170,0,15.6
2026-02-20,P009,120,0,26.0
2026-02-20,P010,39,0,234.0
2026-02-20,P011,32,0,338.0
2026-02-20,P012,82,0,91.0
2026-02-20,P013,16,0,247.0
2026-02-20,P014,39,0,195.0
2026-02-20,P015,93,0,18.2
2026-02-21,P001,155,0,36.4
2026-02-21,P002,125,0,32.5
2026-02-21,P003,53,0,546.0
2026-02-21,P004,76,0,182.0
2026-02-21,P005,80,0,54.6
2026-02-21,P006,66,0,143.0
2026-02-21,P007,89,0,97.5
2026-02-21,P008,203,0,15.6
2026-02-21,P009,130,0,26.0
2026-02-21,P010,41,0,234.0
2026-02-21,P011,23,0,338.0
2026-02-21,P012,119,0,91.0
2026-02-21,P013,37,0,247.0
2026-02-21,P014,46,0,195.0
2026-02-21,P015,117,0,18.2
2026-02-22,P001,153,0,36.4
2026-02-22,P002,118,0,32.5
2026-02-22,P003,60,0,546.0
2026-02-22,P004,80,0,182.0
2026-02-22,P005,78,0,54.6
2026-02-22,P006,47,0,143.0
2026-02-22,P007,93,0,97.5
2026-02-22,P008,206,0,15.6
2026-02-22,P009,123,0,26.0
2026-02-22,P010,40,0,234.0
2026-02-22,P011,24,0,338.0
2026-02-22,P012,84,0,91.0
2026-02-22,P013,30,0,247.0
2026-02-22,P014,39,0,195.0
2026-02-22,P015,104,0,18.2
2026-02-23,P001,129,0,36.4
2026-02-23,P002,83,0,32.5
2026-02-23,P003,40,0,546.0
2026-02-23,P004,49,0,182.0
2026-02-23,P005,62,0,54.6
2026-02-23,P006,46,0,143.0
2026-02-23,P007,63,0,97.5
2026-02-23,P008,141,0,15.6
2026-02-23,P009,86,0,26.0
2026-02-23,P010,30,0,234.0
2026-02-23,P011,11,0,338.0
2026-02-23,P012,76,0,91.0
2026-02-23,P013,30,0,247.0
2026-02-23,P014,30,0,195.0
2026-02-23,P015,73,0,18.2
2026-02-24,P001,81,0,36.4
2026-02-24,P002,81,0,32.5
2026-02-24,P003,38,0,546.0
2026-02-24,P004,49,0,182.0
2026-02-24,P005,66,0,54.6
2026-02-24,P006,50,0,143.0
2026-02-24,P007,64,0,97.5
2026-02-24,P008,160,0,15.6
2026-02-24,P009,108,0,26.0
2026-02-24,P010,27,0,234.0
2026-02-24,P011,13,0,338.0
2026-02-24,P012,65,0,91.0
2026-02-24,P013,26,0,247.0
2026-02-24,P014,32,0,195.0
2026-02-24,P015,80,0,18.2
2026-02-25,P001,123,0,36.4
2026-02-25,P002,100,0,32.5
2026-02-25,P003,41,0,546.0
2026-02-25,P004,50,0,182.0
2026-02-25,P005,54,0,54.6
2026-02-25,P006,47,0,143.0
2026-02-25,P007,69,0,97.5
2026-02-25,P008,178,0,15.6
2026-02-25,P009,98,0,26.0
2026-02-25,P010,34,0,234.0
2026-02-25,P011,18,0,338.0
2026-02-25,P012,80,0,91.0
2026-02-25,P013,31,0,247.0
2026-02-25,P014,28,0,195.0
2026-02-25,P015,91,0,18.2
2026-02-26,P001,116,0,36.4
2026-02-26,P002,86,0,32.5
2026-02-26,P003,48,0,546.0
2026-02-26,P004,61,0,182.0
2026-02-26,P005,63,0,54.6
2026-02-26,P006,38,0,143.0
2026-02-26,P007,83,0,97.5
2026-02-26,P008,140,0,15.6
2026-02-26,P009,100,0,26.0
2026-02-26,P010,33,0,234.0
2026-02-26,P011,20,0,338.0
2026-02-26,P012,85,0,91.0
2026-02-26,P013,25,0,247.0
2026-02-26,P014,22,0,195.0
2026-02-26,P015,88,0,18.2
2026-02-27,P001,156,0,36.4
2026-02-27,P002,104,0,32.5
2026-02-27,P003,59,0,546.0
2026-02-27,P004,73,0,182.0
2026-02-27,P005,84,0,54.6
2026-02-27,P006,57,0,143.0
2026-02-27,P007,103,0,97.5
2026-02-27,P008,183,0,15.6
2026-02-27,P009,133,0,26.0
2026-02-27,P010,40,0,234.0
2026-02-27,P011,19,0,338.0
2026-02-27,P012,93,0,91.0
2026-02-27,P013,21,0,247.0
2026-02-27,P014,50,0,195.0
2026-02-27,P015,104,0,18.2
2026-02-28,P001,169,0,36.4
2026-02-28,P002,112,0,32.5
2026-02-28,P003,49,0,546.0
2026-02-28,P004,74,0,182.0
2026-02-28,P005,83,0,54.6
2026-02-28,P006,60,0,143.0
2026-02-28,P007,169,1,82.88
2026-02-28,P008,220,0,15.6
2026-02-28,P009,154,0,26.0
2026-02-28,P010,53,0,234.0
2026-02-28,P011,30,0,338.0
2026-02-28,P012,125,0,91.0
2026-02-28,P013,37,0,247.0
2026-02-28,P014,50,0,195.0
2026-02-28,P015,104,0,18.2
2026-03-01,P001,146,0,36.4
2026-03-01,P002,117,0,32.5
2026-03-01,P003,58,0,546.0
2026-03-01,P004,65,0,182.0
2026-03-01,P005,79,0,54.6
2026-03-01,P006,60,0,143.0
2026-03-01,P007,153,1,82.88
2026-03-01,P008,205,0,15.6
2026-03-01,P009,125,0,26.0
2026-03-01,P010,49,0,234.0
2026-03-01,P011,31,0,338.0
2026-03-01,P012,94,0,91.0
2026-03-01,P013,42,0,247.0
2026-03-01,P014,40,0,195.0
2026-03-01,P015,108,0,18.2
2026-03-02,P001,116,0,36.4
2026-03-02,P002,81,0,32.5
2026-03-02,P003,34,0,546.0
2026-03-02,P004,57,0,182.0
2026-03-02,P005,72,0,54.6
2026-03-02,P006,45,0,143.0
2026-03-02,P007,117,1,82.88
2026-03-02,P008,145,0,15.6
2026-03-02,P009,112,0,26.0
2026-03-02,P010,39,0,234.0
2026-03-02,P011,44,0,338.0
2026-03-02,P012,90,0,91.0
2026-03-02,P013,24,0,247.0
2026-03-02,P014,38,0,195.0
2026-03-02,P015,91,0,18.2
2026-03-03,P001,130,0,36.4
2026-03-03,P002,78,0,32.5
2026-03-03,P003,59,0,546.0
2026-03-03,P004,66,0,182.0
2026-03-03,P005,66,0,54.6
2026-03-03,P006,47,0,143.0
2026-03-03,P007,138,1,82.88
2026-03-03,P008,173,0,15.6
2026-03-03,P009,124,0,26.0
2026-03-03,P010,42,0,234.0
2026-03-03,P011,30,0,338.0
2026-03-03,P012,76,0,91.0
2026-03-03,P013,21,0,247.0
2026-03-03,P014,43,1,165.75
2026-03-03,P015,88,0,18.2
2026-03-04,P001,143,0,36.4
2026-03-04,P002,88,0,32.5
2026-03-04,P003,51,0,546.0
2026-03-04,P004,72,0,182.0
2026-03-04,P005,83,0,54.6
2026-03-04,P006,42,0,143.0
2026-03-04,P007,140,1,82.88
2026-03-04,P008,151,0,15.6
2026-03-04,P009,100,0,26.0
2026-03-04,P010,38,0,234.0
2026-03-04,P011,38,0,338.0
2026-03-04,P012,64,0,91.0
2026-03-04,P013,44,0,247.0
2026-03-04,P014,44,1,165.75
2026-03-04,P015,98,0,18.2
2026-03-05,P001,115,0,36.4
2026-03-05,P002,90,0,32.5
2026-03-05,P003,40,0,546.0
2026-03-05,P004,63,0,182.0
2026-03-05,P005,69,0,54.6
2026-03-05,P006,42,0,143.0
2026-03-05,P007,89,0,97.5
2026-03-05,P008,147,0,15.6
2026-03-05,P009,121,0,26.0
2026-03-05,P010,40,0,234.0
2026-03-05,P011,35,0,338.0
2026-03-05,P012,77,0,91.0
2026-03-05,P013,31,0,247.0
2026-03-05,P014,39,1,165.75
2026-03-05,P015,84,0,18.2
2026-03-06,P001,142,0,36.4
2026-03-06,P002,109,0,32.5
2026-03-06,P003,56,0,546.0
2026-03-06,P004,56,0,182.0
2026-03-06,P005,73,0,54.6
2026-03-06,P006,45,0,143.0
2026-03-06,P007,78,0,97.5
2026-03-06,P008,182,0,15.6
2026-03-06,P009,133,0,26.0
2026-03-06,P010,38,0,234.0
2026-03-06,P011,25,0,338.0
2026-03-06,P012,110,0,91.0
2026-03-06,P013,30,0,247.0
2026-03-06,P014,56,1,165.75
2026-03-06,P015,106,0,18.2
2026-03-07,P001,187,0,36.4
2026-03-07,P002,120,0,32.5
2026-03-07,P003,53,0,546.0
2026-03-07,P004,66,0,182.0
2026-03-07,P005,93,0,54.6
2026-03-07,P006,46,0,143.0
2026-03-07,P007,100,0,97.5
2026-03-07,P008,243,0,15.6
2026-03-07,P009,131,0,26.0
2026-03-07,P010,48,0,234.0
2026-03-07,P011,26,0,338.0
2026-03-07,P012,101,0,91.0
2026-03-07,P013,45,0,247.0
2026-03-07,P014,60,1,165.75
2026-03-07,P015,108,0,18.2
2026-03-08,P001,138,0,36.4
2026-03-08,P002,98,0,32.5
2026-03-08,P003,47,0,546.0
2026-03-08,P004,90,0,182.0
2026-03-08,P005,67,0,54.6
2026-03-08,P006,55,0,143.0
2026-03-08,P007,82,0,97.5
2026-03-08,P008,215,0,15.6
2026-03-08,P009,121,0,26.0
2026-03-08,P010,48,0,234.0
2026-03-08,P011,26,0,338.0
2026-03-08,P012,86,0,91.0
2026-03-08,P013,40,0,247.0
2026-03-08,P014,68,1,165.75
2026-03-08,P015,93,0,18.2
2026-03-09,P001,106,0,36.4
2026-03-09,P002,87,0,32.5
2026-03-09,P003,37,0,546.0
2026-03-09,P004,57,0,182.0
2026-03-09,P005,56,0,54.6
2026-03-09,P006,41,0,143.0
2026-03-09,P007,79,0,97.5
2026-03-09,P008,174,0,15.6
2026-03-09,P009,82,0,26.0
2026-03-09,P010,36,0,234.0
2026-03-09,P011,20,0,338.0
2026-03-09,P012,82,0,91.0
2026-03-09,P013,29,0,247.0
2026-03-09,P014,54,1,165.75
2026-03-09,P015,87,0,18.2
2026-03-10,P001,107,0,36.4
2026-03-10,P002,91,0,32.5
2026-03-10,P003,39,0,546.0
2026-03-10,P004,52,0,182.0
2026-03-10,P005,52,0,54.6
2026-03-10,P006,43,0,143.0
2026-03-10,P007,57,0,97.5
2026-03-10,P008,175,0,15.6
2026-03-10,P009,99,0,26.0
2026-03-10,P010,37,0,234.0
2026-03-10,P011,15,0,338.0
2026-03-10,P012,70,0,91.0
2026-03-10,P013,25,0,247.0
2026-03-10,P014,49,1,165.75
2026-03-10,P015,88,0,18.2
2026-03-11,P001,109,0,36.4
2026-03-11,P002,95,0,32.5
2026-03-11,P003,37,0,546.0
2026-03-11,P004,55,0,182.0
2026-03-11,P005,57,0,54.6
2026-03-11,P006,30,0,143.0
2026-03-11,P007,78,0,97.5
2026-03-11,P008,183,0,15.6
2026-03-11,P009,83,0,26.0
2026-03-11,P010,33,0,234.0
2026-03-11,P011,18,0,338.0
2026-03-11,P012,84,0,91.0
2026-03-11,P013,30,0,247.0
2026-03-11,P014,46,1,165.75
2026-03-11,P015,95,0,18.2
2026-03-12,P001,111,0,36.4
2026-03-12,P002,95,0,32.5
2026-03-12,P003,33,0,546.0
2026-03-12,P004,55,0,182.0
2026-03-12,P005,54,0,54.6
2026-03-12,P006,36,0,143.0
2026-03-12,P007,88,0,97.5
2026-03-12,P008,165,0,15.6
2026-03-12,P009,114,0,26.0
2026-03-12,P010,35,0,234.0
2026-03-12,P011,19,0,338.0
2026-03-12,P012,94,0,91.0
2026-03-12,P013,22,0,247.0
2026-03-12,P014,54,1,165.75
2026-03-12,P015,80,0,18.2
2026-03-13,P001,157,0,36.4
2026-03-13,P002,91,0,32.5
2026-03-13,P003,36,0,546.0
2026-03-13,P004,76,0,182.0
2026-03-13,P005,73,0,54.6
2026-03-13,P006,44,0,143.0
2026-03-13,P007,108,0,97.5
2026-03-13,P008,284,1,13.26
2026-03-13,P009,119,0,26.0
2026-03-13,P010,31,0,234.0
2026-03-13,P011,19,0,338.0
2026-03-13,P012,134,1,77.35
2026-03-13,P013,27,0,247.0
2026-03-13,P014,46,0,195.0
2026-03-13,P015,123,0,18.2
2026-03-14,P001,156,0,36.4
2026-03-14,P002,144,1,27.62
2026-03-14,P003,45,0,546.0
2026-03-14,P004,70,0,182.0
2026-03-14,P005,65,0,54.6
2026-03-14,P006,49,0,143.0
2026-03-14,P007,138,0,97.5
2026-03-14,P008,309,1,13.26
2026-03-14,P009,145,0,26.0
2026-03-14,P010,32,0,234.0
2026-03-14,P011,30,0,338.0
2026-03-14,P012,155,1,77.35
2026-03-14,P013,37,1,209.95
2026-03-14,P014,49,0,195.0
2026-03-14,P015,117,0,18.2
2026-03-15,P001,146,0,36.4
2026-03-15,P002,134,1,27.62
2026-03-15,P003,59,0,546.0
2026-03-15,P004,77,0,182.0
2026-03-15,P005,84,0,54.6
2026-03-15,P006,47,0,143.0
2026-03-15,P007,118,0,97.5
2026-03-15,P008,301,1,13.26
2026-03-15,P009,145,0,26.0
2026-03-15,P010,53,0,234.0
2026-03-15,P011,39,0,338.0
2026-03-15,P012,125,1,77.35
2026-03-15,P013,36,1,209.95
2026-03-15,P014,64,1,165.75
2026-03-15,P015,101,0,18.2
2026-03-16,P001,123,0,36.4
2026-03-16,P002,113,1,27.62
2026-03-16,P003,44,0,546.0
2026-03-16,P004,45,0,182.0
2026-03-16,P005,66,0,54.6
2026-03-16,P006,37,0,143.0
2026-03-16,P007,82,0,97.5
2026-03-16,P008,238,1,13.26
2026-03-16,P009,104,0,26.0
2026-03-16,P010,36,0,234.0
2026-03-16,P011,23,0,338.0
2026-03-16,P012,109,1,77.35
2026-03-16,P013,27,1,209.95
2026-03-16,P014,43,1,165.75
2026-03-16,P015,87,0,18.2
2026-03-17,P001,104,0,36.4
2026-03-17,P002,138,1,27.62
2026-03-17,P003,44,0,546.0
2026-03-17,P004,50,0,182.0
2026-03-17,P005,63,0,54.6
2026-03-17,P006,36,0,143.0
2026-03-17,P007,92,0,97.5
2026-03-17,P008,254,1,13.26
2026-03-17,P009,106,0,26.0
2026-03-17,P010,37,0,234.0
2026-03-17,P011,37,0,338.0
2026-03-17,P012,136,1,77.35
2026-03-17,P013,31,1,209.95
2026-03-17,P014,30,1,165.75
2026-03-17,P015,78,0,18.2
2026-03-18,P001,110,0,36.4
2026-03-18,P002,126,1,27.62
2026-03-18,P003,60,1,464.1
2026-03-18,P004,64,0,182.0
2026-03-18,P005,74,0,54.6
2026-03-18,P006,39,0,143.0
2026-03-18,P007,93,0,97.5
2026-03-18,P008,169,0,15.6
2026-03-18,P009,123,0,26.0
2026-03-18,P010,41,0,234.0
2026-03-18,P011,41,0,338.0
2026-03-18,P012,78,0,91.0
2026-03-18,P013,50,1,209.95
2026-03-18,P014,50,1,165.75
2026-03-18,P015,122,1,15.47
2026-03-19,P001,116,0,36.4
2026-03-19,P002,101,0,32.5
2026-03-19,P003,68,1,464.1
2026-03-19,P004,94,1,154.7
2026-03-19,P005,78,0,54.6
2026-03-19,P006,47,0,143.0
2026-03-19,P007,96,0,97.5
2026-03-19,P008,180,0,15.6
2026-03-19,P009,93,0,26.0
2026-03-19,P010,46,0,234.0
2026-03-19,P011,41,0,338.0
2026-03-19,P012,120,1,77.35
2026-03-19,P013,36,0,247.0
2026-03-19,P014,56,1,165.75
2026-03-19,P015,129,1,15.47
2026-03-20,P001,162,0,36.4
2026-03-20,P002,119,0,32.5
2026-03-20,P003,78,1,464.1
2026-03-20,P004,97,1,154.7
2026-03-20,P005,90,0,54.6
2026-03-20,P006,43,0,143.0
2026-03-20,P007,113,0,97.5
2026-03-20,P008,208,0,15.6
2026-03-20,P009,124,0,26.0
2026-03-20,P010,66,0,234.0
2026-03-20,P011,43,0,338.0
2026-03-20,P012,122,1,77.35
2026-03-20,P013,16,0,247.0
2026-03-20,P014,44,0,195.0
2026-03-20,P015,147,1,15.47
2026-03-21,P001,135,0,36.4
2026-03-21,P002,137,0,32.5
2026-03-21,P003,76,1,464.1
2026-03-21,P004,118,1,154.7
2026-03-21,P005,96,0,54.6
2026-03-21,P006,50,0,143.0
2026-03-21,P007,138,0,97.5
2026-03-21,P008,254,0,15.6
2026-03-21,P009,147,0,26.0
2026-03-21,P010,47,0,234.0
2026-03-21,P011,46,0,338.0
2026-03-21,P012,136,1,77.35
2026-03-21,P013,41,0,247.0
2026-03-21,P014,53,0,195.0
2026-03-21,P015,156,1,15.47
2026-03-22,P001,141,0,36.4
2026-03-22,P002,102,0,32.5
2026-03-22,P003,53,1,464.1
2026-03-22,P004,95,1,154.7
2026-03-22,P005,78,0,54.6
2026-03-22,P006,46,0,143.0
2026-03-22,P007,108,0,97.5
2026-03-22,P008,212,0,15.6
2026-03-22,P009,125,0,26.0
2026-03-22,P010,30,0,234.0
2026-03-22,P011,30,0,338.0
2026-03-22,P012,128,1,77.35
2026-03-22,P013,25,0,247.0
2026-03-22,P014,38,0,195.0
2026-03-22,P015,156,1,15.47
2026-03-23,P001,118,0,36.4
2026-03-23,P002,71,0,32.5
2026-03-23,P003,45,0,546.0
2026-03-23,P004,84,1,154.7
2026-03-23,P005,69,0,54.6
2026-03-23,P006,31,0,143.0
2026-03-23,P007,87,0,97.5
2026-03-23,P008,188,0,15.6
2026-03-23,P009,100,0,26.0
2026-03-23,P010,33,0,234.0
2026-03-23,P011,25,0,338.0
2026-03-23,P012,80,1,77.35
2026-03-23,P013,36,0,247.0
2026-03-23,P014,38,0,195.0
2026-03-23,P015,87,0,18.2
2026-03-24,P001,115,0,36.4
2026-03-24,P002,89,0,32.5
2026-03-24,P003,40,0,546.0
2026-03-24,P004,53,0,182.0
2026-03-24,P005,60,0,54.6
2026-03-24,P006,41,0,143.0
2026-03-24,P007,105,0,97.5
2026-03-24,P008,188,0,15.6
2026-03-24,P009,92,0,26.0
2026-03-24,P010,34,0,234.0
2026-03-24,P011,24,0,338.0
2026-03-24,P012,71,0,91.0
2026-03-24,P013,28,0,247.0
2026-03-24,P014,37,0,195.0
2026-03-24,P015,89,0,18.2
2026-03-25,P001,114,0,36.4
2026-03-25,P002,72,0,32.5
2026-03-25,P003,36,0,546.0
2026-03-25,P004,62,0,182.0
2026-03-25,P005,58,0,54.6
2026-03-25,P006,23,0,143.0
2026-03-25,P007,79,0,97.5
2026-03-25,P008,164,0,15.6
2026-03-25,P009,93,0,26.0
2026-03-25,P010,25,0,234.0
2026-03-25,P011,18,0,338.0
2026-03-25,P012,81,0,91.0
2026-03-25,P013,33,0,247.0
2026-03-25,P014,36,0,195.0
2026-03-25,P015,54,0,18.2
2026-03-26,P001,107,0,36.4
2026-03-26,P002,85,0,32.5
2026-03-26,P003,37,0,546.0
2026-03-26,P004,49,0,182.0
2026-03-26,P005,55,0,54.6
2026-03-26,P006,51,0,143.0
2026-03-26,P007,86,0,97.5
2026-03-26,P008,192,0,15.6
2026-03-26,P009,96,0,26.0
2026-03-26,P010,21,0,234.0
2026-03-26,P011,21,0,338.0
2026-03-26,P012,86,0,91.0
2026-03-26,P013,22,0,247.0
2026-03-26,P014,40,0,195.0
2026-03-26,P015,81,0,18.2
2026-03-27,P001,129,0,36.4
2026-03-27,P002,114,0,32.5
2026-03-27,P003,58,0,546.0
2026-03-27,P004,69,0,182.0
2026-03-27,P005,65,0,54.6
2026-03-27,P006,47,0,143.0
2026-03-27,P007,83,0,97.5
2026-03-27,P008,206,0,15.6
2026-03-27,P009,104,0,26.0
2026-03-27,P010,43,0,234.0
2026-03-27,P011,24,0,338.0
2026-03-27,P012,92,0,91.0
2026-03-27,P013,24,0,247.0
2026-03-27,P014,56,0,195.0
2026-03-27,P015,96,0,18.2
2026-03-28,P001,176,0,36.4
2026-03-28,P002,112,0,32.5
2026-03-28,P003,57,0,546.0
2026-03-28,P004,78,0,182.0
2026-03-28,P005,77,0,54.6
2026-03-28,P006,46,0,143.0
2026-03-28,P007,137,0,97.5
2026-03-28,P008,243,0,15.6
2026-03-28,P009,121,0,26.0
2026-03-28,P010,38,0,234.0
2026-03-28,P011,24,0,338.0
2026-03-28,P012,98,0,91.0
2026-03-28,P013,36,0,247.0
2026-03-28,P014,52,0,195.0
2026-03-28,P015,117,0,18.2
2026-03-29,P001,142,0,36.4
2026-03-29,P002,133,0,32.5
2026-03-29,P003,40,0,546.0
2026-03-29,P004,62,0,182.0
2026-03-29,P005,71,0,54.6
2026-03-29,P006,39,0,143.0
2026-03-29,P007,110,0,97.5
2026-03-29,P008,203,0,15.6
2026-03-29,P009,116,0,26.0
2026-03-29,P010,24,0,234.0
2026-03-29,P011,21,0,338.0
2026-03-29,P012,92,0,91.0
2026-03-29,P013,32,0,247.0
2026-03-29,P014,54,0,195.0
2026-03-29,P015,99,0,18.2
2026-03-30,P001,113,0,36.4
2026-03-30,P002,81,0,32.5
2026-03-30,P003,32,0,546.0
2026-03-30,P004,52,0,182.0
2026-03-30,P005,61,0,54.6
2026-03-30,P006,31,0,143.0
2026-03-30,P007,81,0,97.5
2026-03-30,P008,166,0,15.6
2026-03-30,P009,87,0,26.0
2026-03-30,P010,40,0,234.0
2026-03-30,P011,20,0,338.0
2026-03-30,P012,79,0,91.0
2026-03-30,P013,16,0,247.0
2026-03-30,P014,45,0,195.0
2026-03-30,P015,75,0,18.2
2026-03-31,P001,111,0,36.4
2026-03-31,P002,83,0,32.5
2026-03-31,P003,44,0,546.0
2026-03-31,P004,56,0,182.0
2026-03-31,P005,51,0,54.6
2026-03-31,P006,63,1,121.55
2026-03-31,P007,80,0,97.5
2026-03-31,P008,162,0,15.6
2026-03-31,P009,102,0,26.0
2026-03-31,P010,28,0,234.0
2026-03-31,P011,28,0,338.0
2026-03-31,P012,84,0,91.0
2026-03-31,P013,18,0,247.0
2026-03-31,P014,29,0,195.0
2026-03-31,P015,119,1,15.47
2026-04-01,P001,115,0,36.4
2026-04-01,P002,87,0,32.5
2026-04-01,P003,28,0,546.0
2026-04-01,P004,53,0,182.0
2026-04-01,P005,68,0,54.6
2026-04-01,P006,61,1,121.55
2026-04-01,P007,79,0,97.5
2026-04-01,P008,199,0,15.6
2026-04-01,P009,108,0,26.0
2026-04-01,P010,32,0,234.0
2026-04-01,P011,16,0,338.0
2026-04-01,P012,87,0,91.0
2026-04-01,P013,18,0,247.0
2026-04-01,P014,32,0,195.0
2026-04-01,P015,125,1,15.47
2026-04-02,P001,120,0,36.4
2026-04-02,P002,85,0,32.5
2026-04-02,P003,39,0,546.0
2026-04-02,P004,56,0,182.0
2026-04-02,P005,58,0,54.6
2026-04-02,P006,55,1,121.55
2026-04-02,P007,86,0,97.5
2026-04-02,P008,203,0,15.6
2026-04-02,P009,105,0,26.0
2026-04-02,P010,33,0,234.0
2026-04-02,P011,32,0,338.0
2026-04-02,P012,89,0,91.0
2026-04-02,P013,24,0,247.0
2026-04-02,P014,38,0,195.0
2026-04-02,P015,112,1,15.47
2026-04-03,P001,142,0,36.4
2026-04-03,P002,97,0,32.5
2026-04-03,P003,55,0,546.0
2026-04-03,P004,57,0,182.0
2026-04-03,P005,65,0,54.6
2026-04-03,P006,67,1,121.55
2026-04-03,P007,80,0,97.5
2026-04-03,P008,211,0,15.6
2026-04-03,P009,125,0,26.0
2026-04-03,P010,31,0,234.0
2026-04-03,P011,25,0,338.0
2026-04-03,P012,96,0,91.0
2026-04-03,P013,22,0,247.0
2026-04-03,P014,51,0,195.0
2026-04-03,P015,149,1,15.47
2026-04-04,P001,153,0,36.4
2026-04-04,P002,122,0,32.5
2026-04-04,P003,46,0,546.0
2026-04-04,P004,78,0,182.0
2026-04-04,P005,106,1,46.41
2026-04-04,P006,82,1,121.55
2026-04-04,P007,121,0,97.5
2026-04-04,P008,277,0,15.6
2026-04-04,P009,130,0,26.0
2026-04-04,P010,34,0,234.0
2026-04-04,P011,32,0,338.0
2026-04-04,P012,99,0,91.0
2026-04-04,P013,38,0,247.0
2026-04-04,P014,58,0,195.0
2026-04-04,P015,153,1,15.47
2026-04-05,P001,127,0,36.4
2026-04-05,P002,165,1,27.62
2026-04-05,P003,46,0,546.0
2026-04-05,P004,68,0,182.0
2026-04-05,P005,95,1,46.41
2026-04-05,P006,46,0,143.0
2026-04-05,P007,114,0,97.5
2026-04-05,P008,223,0,15.6
2026-04-05,P009,120,0,26.0
2026-04-05,P010,39,0,234.0
2026-04-05,P011,34,0,338.0
2026-04-05,P012,101,0,91.0
2026-04-05,P013,26,0,247.0
2026-04-05,P014,49,0,195.0
2026-04-05,P015,94,0,18.2
2026-04-06,P001,121,0,36.4
2026-04-06,P002,111,1,27.62
2026-04-06,P003,49,0,546.0
2026-04-06,P004,47,0,182.0
2026-04-06,P005,85,1,46.41
2026-04-06,P006,37,0,143.0
2026-04-06,P007,90,0,97.5
2026-04-06,P008,180,0,15.6
2026-04-06,P009,94,0,26.0
2026-04-06,P010,29,0,234.0
2026-04-06,P011,26,0,338.0
2026-04-06,P012,73,0,91.0
2026-04-06,P013,21,0,247.0
2026-04-06,P014,41,0,195.0
2026-04-06,P015,74,0,18.2
2026-04-07,P001,104,0,36.4
2026-04-07,P002,123,1,27.62
2026-04-07,P003,38,0,546.0
2026-04-07,P004,50,0,182.0
2026-04-07,P005,100,1,46.41
2026-04-07,P006,32,0,143.0
2026-04-07,P007,94,0,97.5
2026-04-07,P008,183,0,15.6
2026-04-07,P009,86,0,26.0
2026-04-07,P010,43,1,198.9
2026-04-07,P011,18,1,287.3
2026-04-07,P012,87,0,91.0
2026-04-07,P013,12,0,247.0
2026-04-07,P014,44,0,195.0
2026-04-07,P015,82,0,18.2
2026-04-08,P001,125,0,36.4
2026-04-08,P002,111,1,27.62
2026-04-08,P003,50,0,546.0
2026-04-08,P004,43,0,182.0
2026-04-08,P005,74,1,46.41
2026-04-08,P006,38,0,143.0
2026-04-08,P007,95,0,97.5
2026-04-08,P008,226,0,15.6
2026-04-08,P009,95,0,26.0
2026-04-08,P010,30,1,198.9
2026-04-08,P011,27,1,287.3
2026-04-08,P012,74,0,91.0
2026-04-08,P013,21,0,247.0
2026-04-08,P014,49,0,195.0
2026-04-08,P015,89,0,18.2
2026-04-09,P001,123,0,36.4
2026-04-09,P002,122,1,27.62
2026-04-09,P003,39,0,546.0
2026-04-09,P004,62,0,182.0
2026-04-09,P005,74,0,54.6
2026-04-09,P006,40,0,143.0
2026-04-09,P007,96,0,97.5
2026-04-09,P008,191,0,15.6
2026-04-09,P009,93,0,26.0
2026-04-09,P010,34,1,198.9
2026-04-09,P011,24,1,287.3
2026-04-09,P012,92,0,91.0
2026-04-09,P013,20,0,247.0
2026-04-09,P014,37,0,195.0
2026-04-09,P015,72,0,18.2
2026-04-10,P001,135,0,36.4
2026-04-10,P002,113,0,32.5
2026-04-10,P003,50,0,546.0
2026-04-10,P004,57,0,182.0
2026-04-10,P005,82,0,54.6
2026-04-10,P006,50,0,143.0
2026-04-10,P007,112,0,97.5
2026-04-10,P008,245,0,15.6
2026-04-10,P009,103,0,26.0
2026-04-10,P010,46,1,198.9
2026-04-10,P011,35,1,287.3
2026-04-10,P012,91,0,91.0
2026-04-10,P013,33,0,247.0
2026-04-10,P014,42,0,195.0
2026-04-10,P015,85,0,18.2
2026-04-11,P001,161,0,36.4
2026-04-11,P002,117,0,32.5
2026-04-11,P003,46,0,546.0
2026-04-11,P004,79,0,182.0
2026-04-11,P005,95,0,54.6
2026-04-11,P006,58,0,143.0
2026-04-11,P007,121,0,97.5
2026-04-11,P008,252,0,15.6
2026-04-11,P009,131,0,26.0
2026-04-11,P010,42,1,198.9
2026-04-11,P011,37,1,287.3
2026-04-11,P012,96,0,91.0
2026-04-11,P013,40,0,247.0
2026-04-11,P014,58,0,195.0
2026-04-11,P015,105,0,18.2
2026-04-12,P001,147,0,36.4
2026-04-12,P002,127,0,32.5
2026-04-12,P003,51,0,546.0
2026-04-12,P004,77,0,182.0
2026-04-12,P005,77,0,54.6
2026-04-12,P006,51,0,143.0
2026-04-12,P007,100,0,97.5
2026-04-12,P008,232,0,15.6
2026-04-12,P009,134,0,26.0
2026-04-12,P010,48,0,234.0
2026-04-12,P011,21,0,338.0
2026-04-12,P012,86,0,91.0
2026-04-12,P013,31,0,247.0
2026-04-12,P014,41,0,195.0
2026-04-12,P015,93,0,18.2
2026-04-13,P001,122,0,36.4
2026-04-13,P002,98,0,32.5
2026-04-13,P003,37,0,546.0
2026-04-13,P004,46,0,182.0
2026-04-13,P005,73,0,54.6
2026-04-13,P006,29,0,143.0
2026-04-13,P007,96,0,97.5
2026-04-13,P008,200,0,15.6
2026-04-13,P009,84,0,26.0
2026-04-13,P010,21,0,234.0
2026-04-13,P011,17,0,338.0
2026-04-13,P012,86,0,91.0
2026-04-13,P013,26,0,247.0
2026-04-13,P014,34,0,195.0
2026-04-13,P015,60,0,18.2
2026-04-14,P001,113,0,36.4
2026-04-14,P002,89,0,32.5
2026-04-14,P003,33,0,546.0
2026-04-14,P004,47,0,182.0
2026-04-14,P005,48,0,54.6
2026-04-14,P006,35,0,143.0
2026-04-14,P007,94,0,97.5
2026-04-14,P008,185,0,15.6
2026-04-14,P009,103,0,26.0
2026-04-14,P010,29,0,234.0
2026-04-14,P011,20,0,338.0
2026-04-14,P012,85,0,91.0
2026-04-14,P013,24,0,247.0
2026-04-14,P014,30,0,195.0
2026-04-14,P015,83,0,18.2
2026-04-15,P001,110,0,36.4
2026-04-15,P002,90,0,32.5
2026-04-15,P003,49,0,546.0
2026-04-15,P004,62,0,182.0
2026-04-15,P005,55,0,54.6
2026-04-15,P006,31,0,143.0
2026-04-15,P007,95,0,97.5
2026-04-15,P008,190,0,15.6
2026-04-15,P009,106,0,26.0
2026-04-15,P010,25,0,234.0
2026-04-15,P011,29,0,338.0
2026-04-15,P012,61,0,91.0
2026-04-15,P013,23,0,247.0
2026-04-15,P014,34,0,195.0
2026-04-15,P015,87,0,18.2
2026-04-16,P001,116,0,36.4
2026-04-16,P002,93,0,32.5
2026-04-16,P003,36,0,546.0
2026-04-16,P004,64,0,182.0
2026-04-16,P005,57,0,54.6
2026-04-16,P006,29,0,143.0
2026-04-16,P007,97,0,97.5
2026-04-16,P008,232,0,15.6
2026-04-16,P009,101,0,26.0
2026-04-16,P010,29,0,234.0
2026-04-16,P011,20,1,287.3
2026-04-16,P012,69,0,91.0
2026-04-16,P013,19,0,247.0
2026-04-16,P014,59,0,195.0
2026-04-16,P015,88,0,18.2
2026-04-17,P001,130,0,36.4
2026-04-17,P002,95,0,32.5
2026-04-17,P003,37,0,546.0
2026-04-17,P004,62,0,182.0
2026-04-17,P005,75,0,54.6
2026-04-17,P006,42,0,143.0
2026-04-17,P007,98,0,97.5
2026-04-17,P008,254,0,15.6
2026-04-17,P009,93,0,26.0
2026-04-17,P010,34,0,234.0
2026-04-17,P011,33,1,287.3
2026-04-17,P012,108,0,91.0
2026-04-17,P013,34,0,247.0
2026-04-17,P014,53,0,195.0
2026-04-17,P015,95,0,18.2
2026-04-18,P001,168,0,36.4
2026-04-18,P002,121,0,32.5
2026-04-18,P003,52,0,546.0
2026-04-18,P004,69,0,182.0
2026-04-18,P005,84,0,54.6
2026-04-18,P006,51,0,143.0
2026-04-18,P007,154,0,97.5
2026-04-18,P008,261,0,15.6
2026-04-18,P009,140,0,26.0
2026-04-18,P010,39,0,234.0
2026-04-18,P011,45,1,287.3
2026-04-18,P012,114,0,91.0
2026-04-18,P013,24,0,247.0
2026-04-18,P014,47,0,195.0
2026-04-18,P015,121,0,18.2
2026-04-19,P001,146,0,36.4
2026-04-19,P002,100,0,32.5
2026-04-19,P003,44,0,546.0
2026-04-19,P004,80,0,182.0
2026-04-19,P005,79,0,54.6
2026-04-19,P006,43,0,143.0
2026-04-19,P007,114,0,97.5
2026-04-19,P008,238,0,15.6
2026-04-19,P009,122,0,26.0
2026-04-19,P010,35,0,234.0
2026-04-19,P011,34,1,287.3
2026-04-19,P012,103,0,91.0
2026-04-19,P013,41,0,247.0
2026-04-19,P014,63,0,195.0
2026-04-19,P015,113,0,18.2
2026-04-20,P001,102,0,36.4
2026-04-20,P002,81,0,32.5
2026-04-20,P003,31,0,546.0
2026-04-20,P004,53,0,182.0
2026-04-20,P005,63,0,54.6
2026-04-20,P006,36,0,143.0
2026-04-20,P007,93,0,97.5
2026-04-20,P008,178,0,15.6
2026-04-20,P009,71,0,26.0
2026-04-20,P010,32,0,234.0
2026-04-20,P011,28,1,287.3
2026-04-20,P012,59,0,91.0
2026-04-20,P013,25,0,247.0
2026-04-20,P014,38,0,195.0
2026-04-20,P015,85,0,18.2
2026-04-21,P001,127,0,36.4
2026-04-21,P002,82,0,32.5
2026-04-21,P003,45,0,546.0
2026-04-21,P004,58,0,182.0
2026-04-21,P005,53,0,54.6
2026-04-21,P006,37,0,143.0
2026-04-21,P007,68,0,97.5
2026-04-21,P008,174,0,15.6
2026-04-21,P009,90,0,26.0
2026-04-21,P010,24,0,234.0
2026-04-21,P011,19,0,338.0
2026-04-21,P012,81,0,91.0
2026-04-21,P013,26,0,247.0
2026-04-21,P014,36,0,195.0
2026-04-21,P015,72,0,18.2
2026-04-22,P001,99,0,36.4
2026-04-22,P002,93,0,32.5
2026-04-22,P003,37,0,546.0
2026-04-22,P004,68,0,182.0
2026-04-22,P005,72,0,54.6
2026-04-22,P006,27,0,143.0
2026-04-22,P007,100,0,97.5
2026-04-22,P008,200,0,15.6
2026-04-22,P009,91,0,26.0
2026-04-22,P010,23,0,234.0
2026-04-22,P011,14,0,338.0
2026-04-22,P012,98,0,91.0
2026-04-22,P013,26,0,247.0
2026-04-22,P014,36,0,195.0
2026-04-22,P015,83,0,18.2
2026-04-23,P001,166,1,30.94
2026-04-23,P002,99,0,32.5
2026-04-23,P003,25,0,546.0
2026-04-23,P004,56,0,182.0
2026-04-23,P005,65,0,54.6
2026-04-23,P006,38,0,143.0
2026-04-23,P007,104,0,97.5
2026-04-23,P008,173,0,15.6
2026-04-23,P009,110,0,26.0
2026-04-23,P010,35,0,234.0
2026-04-23,P011,13,0,338.0
2026-04-23,P012,74,0,91.0
2026-04-23,P013,27,0,247.0
2026-04-23,P014,39,0,195.0
2026-04-23,P015,94,0,18.2
2026-04-24,P001,190,1,30.94
2026-04-24,P002,98,0,32.5
2026-04-24,P003,53,0,546.0
2026-04-24,P004,70,0,182.0
2026-04-24,P005,69,0,54.6
2026-04-24,P006,32,0,143.0
2026-04-24,P007,116,0,97.5
2026-04-24,P008,239,0,15.6
2026-04-24,P009,118,0,26.0
2026-04-24,P010,50,0,234.0
2026-04-24,P011,26,0,338.0
2026-04-24,P012,102,0,91.0
2026-04-24,P013,15,0,247.0
2026-04-24,P014,47,0,195.0
2026-04-24,P015,106,0,18.2
2026-04-25,P001,216,1,30.94
2026-04-25,P002,121,0,32.5
2026-04-25,P003,50,0,546.0
2026-04-25,P004,63,0,182.0
2026-04-25,P005,72,0,54.6
2026-04-25,P006,54,0,143.0
2026-04-25,P007,124,0,97.5
2026-04-25,P008,277,0,15.6
2026-04-25,P009,124,0,26.0
2026-04-25,P010,31,0,234.0
2026-04-25,P011,26,0,338.0
2026-04-25,P012,128,0,91.0
2026-04-25,P013,37,0,247.0
2026-04-25,P014,59,0,195.0
2026-04-25,P015,118,0,18.2
2026-04-26,P001,215,1,30.94
2026-04-26,P002,99,0,32.5
2026-04-26,P003,47,0,546.0
2026-04-26,P004,56,0,182.0
2026-04-26,P005,70,0,54.6
2026-04-26,P006,33,0,143.0
2026-04-26,P007,107,0,97.5
2026-04-26,P008,233,0,15.6
2026-04-26,P009,124,0,26.0
2026-04-26,P010,45,0,234.0
2026-04-26,P011,31,0,338.0
2026-04-26,P012,96,0,91.0
2026-04-26,P013,34,0,247.0
2026-04-26,P014,50,0,195.0
2026-04-26,P015,117,0,18.2
2026-04-27,P001,149,1,30.94
2026-04-27,P002,89,0,32.5
2026-04-27,P003,38,0,546.0
2026-04-27,P004,57,0,182.0
2026-04-27,P005,70,0,54.6
2026-04-27,P006,43,0,143.0
2026-04-27,P007,78,0,97.5
2026-04-27,P008,177,0,15.6
2026-04-27,P009,80,0,26.0
2026-04-27,P010,26,0,234.0
2026-04-27,P011,26,0,338.0
2026-04-27,P012,73,0,91.0
2026-04-27,P013,23,0,247.0
2026-04-27,P014,46,0,195.0
2026-04-27,P015,87,0,18.2
2026-04-28,P001,127,0,36.4
2026-04-28,P002,92,0,32.5
2026-04-28,P003,38,0,546.0
2026-04-28,P004,45,0,182.0
2026-04-28,P005,56,0,54.6
2026-04-28,P006,35,0,143.0
2026-04-28,P007,148,1,82.88
2026-04-28,P008,200,0,15.6
2026-04-28,P009,101,0,26.0
2026-04-28,P010,30,0,234.0
2026-04-28,P011,15,0,338.0
2026-04-28,P012,60,0,91.0
2026-04-28,P013,18,0,247.0
2026-04-28,P014,36,0,195.0
2026-04-28,P015,90,0,18.2
2026-04-29,P001,116,0,36.4
2026-04-29,P002,77,0,32.5
2026-04-29,P003,37,0,546.0
2026-04-29,P004,35,0,182.0
2026-04-29,P005,55,0,54.6
2026-04-29,P006,30,0,143.0
2026-04-29,P007,140,1,82.88
2026-04-29,P008,168,0,15.6
2026-04-29,P009,96,0,26.0
2026-04-29,P010,34,0,234.0
2026-04-29,P011,17,0,338.0
2026-04-29,P012,78,0,91.0
2026-04-29,P013,21,0,247.0
2026-04-29,P014,43,0,195.0
2026-04-29,P015,81,0,18.2
2026-04-30,P001,125,0,36.4
2026-04-30,P002,90,0,32.5
2026-04-30,P003,34,0,546.0
2026-04-30,P004,50,0,182.0
2026-04-30,P005,48,0,54.6
2026-04-30,P006,41,0,143.0
2026-04-30,P007,154,1,82.88
2026-04-30,P008,203,0,15.6
2026-04-30,P009,89,0,26.0
2026-04-30,P010,36,0,234.0
2026-04-30,P011,32,1,287.3
2026-04-30,P012,70,0,91.0
2026-04-30,P013,22,0,247.0
2026-04-30,P014,62,0,195.0
2026-04-30,P015,99,0,18.2
2026-05-01,P001,143,0,36.4
2026-05-01,P002,102,0,32.5
2026-05-01,P003,47,0,546.0
2026-05-01,P004,63,0,182.0
2026-05-01,P005,93,1,46.41
2026-05-01,P006,36,0,143.0
2026-05-01,P007,183,1,82.88
2026-05-01,P008,236,0,15.6
2026-05-01,P009,99,0,26.0
2026-05-01,P010,42,0,234.0
2026-05-01,P011,31,1,287.3
2026-05-01,P012,88,0,91.0
2026-05-01,P013,29,0,247.0
2026-05-01,P014,44,0,195.0
2026-05-01,P015,92,0,18.2
2026-05-02,P001,160,0,36.4
2026-05-02,P002,99,0,32.5
2026-05-02,P003,57,0,546.0
2026-05-02,P004,77,0,182.0
2026-05-02,P005,104,1,46.41
2026-05-02,P006,40,0,143.0
2026-05-02,P007,226,1,82.88
2026-05-02,P008,264,0,15.6
2026-05-02,P009,127,0,26.0
2026-05-02,P010,51,0,234.0
2026-05-02,P011,35,1,287.3
2026-05-02,P012,96,0,91.0
2026-05-02,P013,30,0,247.0
2026-05-02,P014,53,0,195.0
2026-05-02,P015,112,0,18.2
2026-05-03,P001,142,0,36.4
2026-05-03,P002,100,0,32.5
2026-05-03,P003,51,0,546.0
2026-05-03,P004,64,0,182.0
2026-05-03,P005,99,1,46.41
2026-05-03,P006,53,0,143.0
2026-05-03,P007,121,0,97.5
2026-05-03,P008,238,0,15.6
2026-05-03,P009,116,0,26.0
2026-05-03,P010,46,0,234.0
2026-05-03,P011,32,1,287.3
2026-05-03,P012,110,0,91.0
2026-05-03,P013,34,0,247.0
2026-05-03,P014,37,0,195.0
2026-05-03,P015,113,0,18.2
2026-05-04,P001,103,0,36.4
2026-05-04,P002,105,0,32.5
2026-05-04,P003,36,0,546.0
2026-05-04,P004,42,0,182.0
2026-05-04,P005,84,1,46.41
2026-05-04,P006,31,0,143.0
2026-05-04,P007,90,0,97.5
2026-05-04,P008,191,0,15.6
2026-05-04,P009,87,0,26.0
2026-05-04,P010,34,1,198.9
2026-05-04,P011,19,1,287.3
2026-05-04,P012,67,0,91.0
2026-05-04,P013,16,0,247.0
2026-05-04,P014,38,0,195.0
2026-05-04,P015,81,0,18.2
2026-05-05,P001,101,0,36.4
2026-05-05,P002,88,0,32.5
2026-05-05,P003,31,0,546.0
2026-05-05,P004,51,0,182.0
2026-05-05,P005,83,1,46.41
2026-05-05,P006,21,0,143.0
2026-05-05,P007,99,0,97.5
2026-05-05,P008,189,0,15.6
2026-05-05,P009,95,0,26.0
2026-05-05,P010,42,1,198.9
2026-05-05,P011,16,0,338.0
2026-05-05,P012,102,0,91.0
2026-05-05,P013,19,0,247.0
2026-05-05,P014,34,0,195.0
2026-05-05,P015,82,0,18.2
2026-05-06,P001,112,0,36.4
2026-05-06,P002,81,0,32.5
2026-05-06,P003,40,0,546.0
2026-05-06,P004,63,0,182.0
2026-05-06,P005,62,0,54.6
2026-05-06,P006,23,0,143.0
2026-05-06,P007,83,0,97.5
2026-05-06,P008,186,0,15.6
2026-05-06,P009,94,0,26.0
2026-05-06,P010,33,1,198.9
2026-05-06,P011,27,0,338.0
2026-05-06,P012,84,0,91.0
2026-05-06,P013,21,0,247.0
2026-05-06,P014,44,0,195.0
2026-05-06,P015,80,0,18.2
2026-05-07,P001,156,0,36.4
2026-05-07,P002,83,0,32.5
2026-05-07,P003,43,0,546.0
2026-05-07,P004,67,0,182.0
2026-05-07,P005,52,0,54.6
2026-05-07,P006,26,0,143.0
2026-05-07,P007,83,0,97.5
2026-05-07,P008,222,0,15.6
2026-05-07,P009,108,0,26.0
2026-05-07,P010,47,1,198.9
2026-05-07,P011,13,0,338.0
2026-05-07,P012,69,0,91.0
2026-05-07,P013,20,0,247.0
2026-05-07,P014,42,0,195.0
2026-05-07,P015,81,0,18.2
2026-05-08,P001,142,0,36.4
2026-05-08,P002,109,0,32.5
2026-05-08,P003,60,1,464.1
2026-05-08,P004,57,0,182.0
2026-05-08,P005,75,0,54.6
2026-05-08,P006,29,0,143.0
2026-05-08,P007,108,0,97.5
2026-05-08,P008,245,0,15.6
2026-05-08,P009,105,0,26.0
2026-05-08,P010,59,1,198.9
2026-05-08,P011,23,0,338.0
2026-05-08,P012,102,0,91.0
2026-05-08,P013,35,0,247.0
2026-05-08,P014,50,0,195.0
2026-05-08,P015,83,0,18.2
2026-05-09,P001,160,0,36.4
2026-05-09,P002,115,0,32.5
2026-05-09,P003,57,1,464.1
2026-05-09,P004,77,0,182.0
2026-05-09,P005,83,0,54.6
2026-05-09,P006,52,0,143.0
2026-05-09,P007,118,0,97.5
2026-05-09,P008,261,0,15.6
2026-05-09,P009,108,0,26.0
2026-05-09,P010,35,0,234.0
2026-05-09,P011,22,0,338.0
2026-05-09,P012,93,0,91.0
2026-05-09,P013,24,0,247.0
2026-05-09,P014,48,0,195.0
2026-05-09,P015,116,0,18.2
2026-05-10,P001,141,0,36.4
2026-05-10,P002,95,0,32.5
2026-05-10,P003,56,1,464.1
2026-05-10,P004,76,0,182.0
2026-05-10,P005,84,0,54.6
2026-05-10,P006,39,0,143.0
2026-05-10,P007,108,0,97.5
2026-05-10,P008,226,0,15.6
2026-05-10,P009,113,0,26.0
2026-05-10,P010,37,0,234.0
2026-05-10,P011,24,0,338.0
2026-05-10,P012,99,0,91.0
2026-05-10,P013,35,0,247.0
2026-05-10,P014,37,0,195.0
2026-05-10,P015,104,0,18.2
2026-05-11,P001,138,0,36.4
2026-05-11,P002,77,0,32.5
2026-05-11,P003,62,1,464.1
2026-05-11,P004,59,0,182.0
2026-05-11,P005,49,0,54.6
2026-05-11,P006,31,0,143.0
2026-05-11,P007,95,0,97.5
2026-05-11,P008,212,0,15.6
2026-05-11,P009,143,1,22.1
2026-05-11,P010,26,0,234.0
2026-05-11,P011,22,0,338.0
2026-05-11,P012,85,0,91.0
2026-05-11,P013,33,0,247.0
2026-05-11,P014,43,0,195.0
2026-05-11,P015,71,0,18.2
2026-05-12,P001,118,0,36.4
2026-05-12,P002,73,0,32.5
2026-05-12,P003,47,1,464.1
2026-05-12,P004,43,0,182.0
2026-05-12,P005,51,0,54.6
2026-05-12,P006,34,0,143.0
2026-05-12,P007,103,0,97.5
2026-05-12,P008,199,0,15.6
2026-05-12,P009,163,1,22.1
2026-05-12,P010,36,0,234.0
2026-05-12,P011,18,0,338.0
2026-05-12,P012,90,0,91.0
2026-05-12,P013,25,0,247.0
2026-05-12,P014,39,0,195.0
2026-05-12,P015,61,0,18.2
2026-05-13,P001,131,0,36.4
2026-05-13,P002,81,0,32.5
2026-05-13,P003,36,0,546.0
2026-05-13,P004,61,0,182.0
2026-05-13,P005,67,0,54.6
2026-05-13,P006,29,0,143.0
2026-05-13,P007,90,0,97.5
2026-05-13,P008,182,0,15.6
2026-05-13,P009,129,1,22.1
2026-05-13,P010,34,0,234.0
2026-05-13,P011,15,0,338.0
2026-05-13,P012,75,0,91.0
2026-05-13,P013,23,0,247.0
2026-05-13,P014,42,0,195.0
2026-05-13,P015,95,0,18.2
2026-05-14,P001,139,0,36.4
2026-05-14,P002,79,0,32.5
2026-05-14,P003,31,0,546.0
2026-05-14,P004,64,0,182.0
2026-05-14,P005,64,0,54.6
2026-05-14,P006,29,0,143.0
2026-05-14,P007,93,0,97.5
2026-05-14,P008,189,0,15.6
2026-05-14,P009,129,1,22.1
2026-05-14,P010,23,0,234.0
2026-05-14,P011,19,0,338.0
2026-05-14,P012,78,0,91.0
2026-05-14,P013,30,0,247.0
2026-05-14,P014,42,0,195.0
2026-05-14,P015,78,0,18.2
2026-05-15,P001,120,0,36.4
2026-05-15,P002,104,0,32.5
2026-05-15,P003,37,0,546.0
2026-05-15,P004,61,0,182.0
2026-05-15,P005,76,0,54.6
2026-05-15,P006,37,0,143.0
2026-05-15,P007,101,0,97.5
2026-05-15,P008,230,0,15.6
2026-05-15,P009,175,1,22.1
2026-05-15,P010,35,0,234.0
2026-05-15,P011,19,0,338.0
2026-05-15,P012,102,0,91.0
2026-05-15,P013,25,0,247.0
2026-05-15,P014,45,0,195.0
2026-05-15,P015,102,0,18.2
2026-05-16,P001,169,0,36.4
2026-05-16,P002,114,0,32.5
2026-05-16,P003,45,0,546.0
2026-05-16,P004,69,0,182.0
2026-05-16,P005,69,0,54.6
2026-05-16,P006,40,0,143.0
2026-05-16,P007,134,0,97.5
2026-05-16,P008,267,0,15.6
2026-05-16,P009,119,0,26.0
2026-05-16,P010,30,0,234.0
2026-05-16,P011,27,0,338.0
2026-05-16,P012,106,0,91.0
2026-05-16,P013,38,0,247.0
2026-05-16,P014,51,0,195.0
2026-05-16,P015,111,0,18.2
2026-05-17,P001,144,0,36.4
2026-05-17,P002,91,0,32.5
2026-05-17,P003,54,0,546.0
2026-05-17,P004,67,0,182.0
2026-05-17,P005,57,0,54.6
2026-05-17,P006,38,0,143.0
2026-05-17,P007,118,0,97.5
2026-05-17,P008,264,0,15.6
2026-05-17,P009,123,0,26.0
2026-05-17,P010,37,0,234.0
2026-05-17,P011,18,0,338.0
2026-05-17,P012,92,0,91.0
2026-05-17,P013,34,0,247.0
2026-05-17,P014,43,0,195.0
2026-05-17,P015,99,0,18.2
2026-05-18,P001,114,0,36.4
2026-05-18,P002,90,0,32.5
2026-05-18,P003,36,0,546.0
2026-05-18,P004,54,0,182.0
2026-05-18,P005,49,0,54.6
2026-05-18,P006,17,0,143.0
2026-05-18,P007,101,0,97.5
2026-05-18,P008,183,0,15.6
2026-05-18,P009,88,0,26.0
2026-05-18,P010,26,0,234.0
2026-05-18,P011,14,0,338.0
2026-05-18,P012,73,0,91.0
2026-05-18,P013,26,0,247.0
2026-05-18,P014,34,0,195.0
2026-05-18,P015,82,0,18.2
2026-05-19,P001,110,0,36.4
2026-05-19,P002,94,0,32.5
2026-05-19,P003,37,0,546.0
2026-05-19,P004,55,0,182.0
2026-05-19,P005,64,0,54.6
2026-05-19,P006,27,0,143.0
2026-05-19,P007,70,0,97.5
2026-05-19,P008,190,0,15.6
2026-05-19,P009,100,0,26.0
2026-05-19,P010,30,0,234.0
2026-05-19,P011,16,0,338.0
2026-05-19,P012,74,0,91.0
2026-05-19,P013,26,0,247.0
2026-05-19,P014,43,0,195.0
2026-05-19,P015,88,0,18.2
2026-05-20,P001,146,0,36.4
2026-05-20,P002,94,0,32.5
2026-05-20,P003,34,0,546.0
2026-05-20,P004,55,0,182.0
2026-05-20,P005,55,0,54.6
2026-05-20,P006,30,0,143.0
2026-05-20,P007,96,0,97.5
2026-05-20,P008,198,0,15.6
2026-05-20,P009,98,0,26.0
2026-05-20,P010,25,0,234.0
2026-05-20,P011,22,0,338.0
2026-05-20,P012,76,0,91.0
2026-05-20,P013,24,0,247.0
2026-05-20,P014,49,0,195.0
2026-05-20,P015,92,0,18.2
2026-05-21,P001,107,0,36.4
2026-05-21,P002,83,0,32.5
2026-05-21,P003,42,0,546.0
2026-05-21,P004,52,0,182.0
2026-05-21,P005,50,0,54.6
2026-05-21,P006,28,0,143.0
2026-05-21,P007,99,0,97.5
2026-05-21,P008,212,0,15.6
2026-05-21,P009,91,0,26.0
2026-05-21,P010,41,0,234.0
2026-05-21,P011,19,0,338.0
2026-05-21,P012,59,0,91.0
2026-05-21,P013,25,0,247.0
2026-05-21,P014,38,0,195.0
2026-05-21,P015,78,0,18.2
2026-05-22,P001,168,0,36.4
2026-05-22,P002,113,0,32.5
2026-05-22,P003,41,0,546.0
2026-05-22,P004,61,0,182.0
2026-05-22,P005,72,0,54.6
2026-05-22,P006,28,0,143.0
2026-05-22,P007,106,0,97.5
2026-05-22,P008,242,0,15.6
2026-05-22,P009,111,0,26.0
2026-05-22,P010,28,0,234.0
2026-05-22,P011,18,0,338.0
2026-05-22,P012,104,0,91.0
2026-05-22,P013,26,0,247.0
2026-05-22,P014,49,0,195.0
2026-05-22,P015,82,0,18.2
2026-05-23,P001,171,0,36.4
2026-05-23,P002,124,0,32.5
2026-05-23,P003,50,0,546.0
2026-05-23,P004,80,0,182.0
2026-05-23,P005,87,0,54.6
2026-05-23,P006,38,0,143.0
2026-05-23,P007,138,0,97.5
2026-05-23,P008,261,0,15.6
2026-05-23,P009,117,0,26.0
2026-05-23,P010,40,0,234.0
2026-05-23,P011,36,0,338.0
2026-05-23,P012,88,0,91.0
2026-05-23,P013,27,0,247.0
2026-05-23,P014,61,0,195.0
2026-05-23,P015,118,0,18.2
2026-05-24,P001,126,0,36.4
2026-05-24,P002,120,0,32.5
2026-05-24,P003,46,0,546.0
2026-05-24,P004,71,0,182.0
2026-05-24,P005,74,0,54.6
2026-05-24,P006,46,0,143.0
2026-05-24,P007,117,0,97.5
2026-05-24,P008,262,0,15.6
2026-05-24,P009,124,0,26.0
2026-05-24,P010,36,0,234.0
2026-05-24,P011,19,0,338.0
2026-05-24,P012,98,0,91.0
2026-05-24,P013,25,0,247.0
2026-05-24,P014,44,0,195.0
2026-05-24,P015,101,0,18.2
2026-05-25,P001,113,0,36.4
2026-05-25,P002,80,0,32.5
2026-05-25,P003,41,0,546.0
2026-05-25,P004,51,0,182.0
2026-05-25,P005,67,0,54.6
2026-05-25,P006,29,0,143.0
2026-05-25,P007,94,0,97.5
2026-05-25,P008,201,0,15.6
2026-05-25,P009,94,0,26.0
2026-05-25,P010,33,0,234.0
2026-05-25,P011,20,1,287.3
2026-05-25,P012,61,0,91.0
2026-05-25,P013,17,0,247.0
2026-05-25,P014,42,0,195.0
2026-05-25,P015,79,0,18.2
2026-05-26,P001,118,0,36.4
2026-05-26,P002,74,0,32.5
2026-05-26,P003,37,0,546.0
2026-05-26,P004,60,0,182.0
2026-05-26,P005,63,0,54.6
2026-05-26,P006,36,0,143.0
2026-05-26,P007,64,0,97.5
2026-05-26,P008,209,0,15.6
2026-05-26,P009,87,0,26.0
2026-05-26,P010,30,0,234.0
2026-05-26,P011,25,1,287.3
2026-05-26,P012,74,0,91.0
2026-05-26,P013,21,0,247.0
2026-05-26,P014,36,0,195.0
2026-05-26,P015,73,0,18.2
2026-05-27,P001,112,0,36.4
2026-05-27,P002,68,0,32.5
2026-05-27,P003,32,0,546.0
2026-05-27,P004,47,0,182.0
2026-05-27,P005,57,0,54.6
2026-05-27,P006,24,0,143.0
2026-05-27,P007,89,0,97.5
2026-05-27,P008,187,0,15.6
2026-05-27,P009,82,0,26.0
2026-05-27,P010,17,0,234.0
2026-05-27,P011,32,1,287.3
2026-05-27,P012,66,0,91.0
2026-05-27,P013,30,0,247.0
2026-05-27,P014,47,0,195.0
2026-05-27,P015,69,0,18.2
2026-05-28,P001,113,0,36.4
2026-05-28,P002,104,0,32.5
2026-05-28,P003,37,0,546.0
2026-05-28,P004,52,0,182.0
2026-05-28,P005,63,0,54.6
2026-05-28,P006,21,0,143.0
2026-05-28,P007,93,0,97.5
2026-05-28,P008,210,0,15.6
2026-05-28,P009,102,0,26.0
2026-05-28,P010,35,0,234.0
2026-05-28,P011,33,1,287.3
2026-05-28,P012,83,0,91.0
2026-05-28,P013,27,0,247.0
2026-05-28,P014,30,0,195.0
2026-05-28,P015,86,0,18.2
2026-05-29,P001,117,0,36.4
2026-05-29,P002,89,0,32.5
2026-05-29,P003,37,0,546.0
2026-05-29,P004,56,0,182.0
2026-05-29,P005,80,0,54.6
2026-05-29,P006,30,0,143.0
2026-05-29,P007,96,0,97.5
2026-05-29,P008,228,0,15.6
2026-05-29,P009,105,0,26.0
2026-05-29,P010,39,0,234.0
2026-05-29,P011,36,1,287.3
2026-05-29,P012,101,0,91.0
2026-05-29,P013,31,0,247.0
2026-05-29,P014,37,0,195.0
2026-05-29,P015,93,0,18.2
2026-05-30,P001,165,0,36.4
2026-05-30,P002,119,0,32.5
2026-05-30,P003,54,0,546.0
2026-05-30,P004,57,0,182.0
2026-05-30,P005,68,0,54.6
2026-05-30,P006,48,0,143.0
2026-05-30,P007,125,0,97.5
2026-05-30,P008,253,0,15.6
2026-05-30,P009,135,0,26.0
2026-05-30,P010,42,0,234.0
2026-05-30,P011,34,0,338.0
2026-05-30,P012,106,0,91.0
2026-05-30,P013,45,1,209.95
2026-05-30,P014,52,0,195.0
2026-05-30,P015,111,0,18.2
2026-05-31,P001,164,0,36.4
2026-05-31,P002,90,0,32.5
2026-05-31,P003,37,0,546.0
2026-05-31,P004,59,0,182.0
2026-05-31,P005,71,0,54.6
2026-05-31,P006,30,0,143.0
2026-05-31,P007,109,0,97.5
2026-05-31,P008,225,0,15.6
2026-05-31,P009,126,0,26.0
2026-05-31,P010,38,0,234.0
2026-05-31,P011,25,0,338.0
2026-05-31,P012,99,0,91.0
2026-05-31,P013,36,1,209.95
2026-05-31,P014,42,0,195.0
2026-05-31,P015,98,0,18.2
2026-06-01,P001,82,0,36.4
2026-06-01,P002,67,0,32.5
2026-06-01,P003,32,0,546.0
2026-06-01,P004,56,0,182.0
2026-06-01,P005,45,0,54.6
2026-06-01,P006,15,0,143.0
2026-06-01,P007,94,0,97.5
2026-06-01,P008,188,0,15.6
2026-06-01,P009,96,0,26.0
2026-06-01,P010,21,0,234.0
2026-06-01,P011,21,0,338.0
2026-06-01,P012,74,0,91.0
2026-06-01,P013,36,1,209.95
2026-06-01,P014,34,0,195.0
2026-06-01,P015,100,0,18.2
2026-06-02,P001,102,0,36.4
2026-06-02,P002,88,0,32.5
2026-06-02,P003,36,0,546.0
2026-06-02,P004,60,0,182.0
2026-06-02,P005,52,0,54.6
2026-06-02,P006,29,0,143.0
2026-06-02,P007,88,0,97.5
2026-06-02,P008,179,0,15.6
2026-06-02,P009,102,0,26.0
2026-06-02,P010,36,0,234.0
2026-06-02,P011,20,0,338.0
2026-06-02,P012,74,0,91.0
2026-06-02,P013,31,1,209.95
2026-06-02,P014,46,0,195.0
2026-06-02,P015,77,0,18.2
2026-06-03,P001,105,0,36.4
2026-06-03,P002,97,0,32.5
2026-06-03,P003,41,0,546.0
2026-06-03,P004,42,0,182.0
2026-06-03,P005,55,0,54.6
2026-06-03,P006,24,0,143.0
2026-06-03,P007,107,0,97.5
2026-06-03,P008,225,0,15.6
2026-06-03,P009,97,0,26.0
2026-06-03,P010,30,0,234.0
2026-06-03,P011,16,0,338.0
2026-06-03,P012,72,0,91.0
2026-06-03,P013,35,1,209.95
2026-06-03,P014,34,0,195.0
2026-06-03,P015,83,0,18.2
2026-06-04,P001,105,0,36.4
2026-06-04,P002,106,0,32.5
2026-06-04,P003,33,0,546.0
2026-06-04,P004,59,0,182.0
2026-06-04,P005,51,0,54.6
2026-06-04,P006,41,0,143.0
2026-06-04,P007,113,0,97.5
2026-06-04,P008,222,0,15.6
2026-06-04,P009,106,0,26.0
2026-06-04,P010,33,0,234.0
2026-06-04,P011,25,0,338.0
2026-06-04,P012,73,0,91.0
2026-06-04,P013,17,0,247.0
2026-06-04,P014,35,0,195.0
2026-06-04,P015,91,0,18.2
2026-06-05,P001,124,0,36.4
2026-06-05,P002,102,0,32.5
2026-06-05,P003,55,0,546.0
2026-06-05,P004,62,0,182.0
2026-06-05,P005,71,0,54.6
2026-06-05,P006,30,0,143.0
2026-06-05,P007,121,0,97.5
2026-06-05,P008,252,0,15.6
2026-06-05,P009,127,0,26.0
2026-06-05,P010,35,0,234.0
2026-06-05,P011,18,0,338.0
2026-06-05,P012,75,0,91.0
2026-06-05,P013,28,0,247.0
2026-06-05,P014,57,0,195.0
2026-06-05,P015,106,0,18.2
2026-06-06,P001,175,0,36.4
2026-06-06,P002,94,0,32.5
2026-06-06,P003,51,0,546.0
2026-06-06,P004,69,0,182.0
2026-06-06,P005,83,0,54.6
2026-06-06,P006,29,0,143.0
2026-06-06,P007,134,0,97.5
2026-06-06,P008,277,0,15.6
2026-06-06,P009,116,0,26.0
2026-06-06,P010,36,0,234.0
2026-06-06,P011,27,0,338.0
2026-06-06,P012,90,0,91.0
2026-06-06,P013,28,0,247.0
2026-06-06,P014,64,0,195.0
2026-06-06,P015,104,0,18.2
2026-06-07,P001,146,0,36.4
2026-06-07,P002,114,0,32.5
2026-06-07,P003,52,0,546.0
2026-06-07,P004,59,0,182.0
2026-06-07,P005,69,0,54.6
2026-06-07,P006,37,0,143.0
2026-06-07,P007,123,0,97.5
2026-06-07,P008,244,0,15.6
2026-06-07,P009,125,0,26.0
2026-06-07,P010,52,0,234.0
2026-06-07,P011,26,0,338.0
2026-06-07,P012,83,0,91.0
2026-06-07,P013,28,0,247.0
2026-06-07,P014,57,0,195.0
2026-06-07,P015,86,0,18.2
2026-06-08,P001,121,0,36.4
2026-06-08,P002,72,0,32.5
2026-06-08,P003,45,0,546.0
2026-06-08,P004,58,0,182.0
2026-06-08,P005,55,0,54.6
2026-06-08,P006,30,0,143.0
2026-06-08,P007,81,0,97.5
2026-06-08,P008,189,0,15.6
2026-06-08,P009,83,0,26.0
2026-06-08,P010,21,0,234.0
2026-06-08,P011,24,0,338.0
2026-06-08,P012,79,0,91.0
2026-06-08,P013,22,0,247.0
2026-06-08,P014,28,0,195.0
2026-06-08,P015,94,0,18.2
2026-06-09,P001,106,0,36.4
2026-06-09,P002,74,0,32.5
2026-06-09,P003,40,0,546.0
2026-06-09,P004,54,0,182.0
2026-06-09,P005,45,0,54.6
2026-06-09,P006,26,0,143.0
2026-06-09,P007,140,1,82.88
2026-06-09,P008,186,0,15.6
2026-06-09,P009,87,0,26.0
2026-06-09,P010,27,0,234.0
2026-06-09,P011,23,0,338.0
2026-06-09,P012,64,0,91.0
2026-06-09,P013,22,0,247.0
2026-06-09,P014,34,0,195.0
2026-06-09,P015,94,0,18.2
2026-06-10,P001,104,0,36.4
2026-06-10,P002,87,0,32.5
2026-06-10,P003,29,0,546.0
2026-06-10,P004,45,0,182.0
2026-06-10,P005,49,0,54.6
2026-06-10,P006,31,0,143.0
2026-06-10,P007,155,1,82.88
2026-06-10,P008,198,0,15.6
2026-06-10,P009,94,0,26.0
2026-06-10,P010,22,0,234.0
2026-06-10,P011,15,0,338.0
2026-06-10,P012,55,0,91.0
2026-06-10,P013,23,0,247.0
2026-06-10,P014,46,0,195.0
2026-06-10,P015,76,0,18.2
2026-06-11,P001,141,0,36.4
2026-06-11,P002,92,0,32.5
2026-06-11,P003,37,0,546.0
2026-06-11,P004,58,0,182.0
2026-06-11,P005,57,0,54.6
2026-06-11,P006,29,0,143.0
2026-06-11,P007,163,1,82.88
2026-06-11,P008,199,0,15.6
2026-06-11,P009,87,0,26.0
2026-06-11,P010,21,0,234.0
2026-06-11,P011,11,0,338.0
2026-06-11,P012,76,0,91.0
2026-06-11,P013,36,0,247.0
2026-06-11,P014,39,0,195.0
2026-06-11,P015,69,0,18.2
2026-06-12,P001,146,0,36.4
2026-06-12,P002,103,0,32.5
2026-06-12,P003,42,0,546.0
2026-06-12,P004,73,0,182.0
2026-06-12,P005,72,0,54.6
2026-06-12,P006,29,0,143.0
2026-06-12,P007,158,1,82.88
2026-06-12,P008,253,0,15.6
2026-06-12,P009,109,0,26.0
2026-06-12,P010,32,0,234.0
2026-06-12,P011,25,0,338.0
2026-06-12,P012,89,0,91.0
2026-06-12,P013,29,0,247.0
2026-06-12,P014,43,0,195.0
2026-06-12,P015,98,0,18.2
2026-06-13,P001,142,0,36.4
2026-06-13,P002,134,0,32.5
2026-06-13,P003,57,0,546.0
2026-06-13,P004,79,0,182.0
2026-06-13,P005,76,0,54.6
2026-06-13,P006,41,0,143.0
2026-06-13,P007,218,1,82.88
2026-06-13,P008,260,0,15.6
2026-06-13,P009,123,0,26.0
2026-06-13,P010,39,0,234.0
2026-06-13,P011,24,0,338.0
2026-06-13,P012,120,0,91.0
2026-06-13,P013,23,0,247.0
2026-06-13,P014,47,0,195.0
2026-06-13,P015,117,0,18.2
2026-06-14,P001,147,0,36.4
2026-06-14,P002,125,0,32.5
2026-06-14,P003,59,0,546.0
2026-06-14,P004,54,0,182.0
2026-06-14,P005,54,0,54.6
2026-06-14,P006,38,0,143.0
2026-06-14,P007,109,0,97.5
2026-06-14,P008,251,0,15.6
2026-06-14,P009,98,0,26.0
2026-06-14,P010,39,0,234.0
2026-06-14,P011,21,0,338.0
2026-06-14,P012,103,0,91.0
2026-06-14,P013,26,0,247.0
2026-06-14,P014,45,0,195.0
2026-06-14,P015,99,0,18.2
2026-06-15,P001,109,0,36.4
2026-06-15,P002,70,0,32.5
2026-06-15,P003,35,0,546.0
2026-06-15,P004,58,0,182.0
2026-06-15,P005,57,0,54.6
2026-06-15,P006,32,0,143.0
2026-06-15,P007,90,0,97.5
2026-06-15,P008,191,0,15.6
2026-06-15,P009,96,0,26.0
2026-06-15,P010,27,0,234.0
2026-06-15,P011,28,0,338.0
2026-06-15,P012,74,0,91.0
2026-06-15,P013,24,0,247.0
2026-06-15,P014,34,0,195.0
2026-06-15,P015,97,1,15.47
2026-06-16,P001,118,0,36.4
2026-06-16,P002,79,0,32.5
2026-06-16,P003,33,0,546.0
2026-06-16,P004,63,1,154.7
2026-06-16,P005,78,1,46.41
2026-06-16,P006,29,0,143.0
2026-06-16,P007,81,0,97.5
2026-06-16,P008,189,0,15.6
2026-06-16,P009,83,0,26.0
2026-06-16,P010,26,0,234.0
2026-06-16,P011,16,0,338.0
2026-06-16,P012,73,0,91.0
2026-06-16,P013,27,0,247.0
2026-06-16,P014,42,0,195.0
2026-06-16,P015,119,1,15.47
2026-06-17,P001,135,0,36.4
2026-06-17,P002,94,0,32.5
2026-06-17,P003,37,0,546.0
2026-06-17,P004,76,1,154.7
2026-06-17,P005,82,1,46.41
2026-06-17,P006,31,0,143.0
2026-06-17,P007,81,0,97.5
2026-06-17,P008,200,0,15.6
2026-06-17,P009,104,0,26.0
2026-06-17,P010,34,0,234.0
2026-06-17,P011,21,0,338.0
2026-06-17,P012,79,0,91.0
2026-06-17,P013,27,0,247.0
2026-06-17,P014,41,0,195.0
2026-06-17,P015,118,1,15.47
2026-06-18,P001,146,1,30.94
2026-06-18,P002,77,0,32.5
2026-06-18,P003,33,0,546.0
2026-06-18,P004,59,1,154.7
2026-06-18,P005,99,1,46.41
2026-06-18,P006,32,0,143.0
2026-06-18,P007,81,0,97.5
2026-06-18,P008,206,0,15.6
2026-06-18,P009,119,0,26.0
2026-06-18,P010,37,0,234.0
2026-06-18,P011,24,0,338.0
2026-06-18,P012,73,0,91.0
2026-06-18,P013,26,0,247.0
2026-06-18,P014,35,0,195.0
2026-06-18,P015,109,1,15.47
2026-06-19,P001,191,1,30.94
2026-06-19,P002,98,0,32.5
2026-06-19,P003,50,0,546.0
2026-06-19,P004,103,1,154.7
2026-06-19,P005,85,1,46.41
2026-06-19,P006,21,0,143.0
2026-06-19,P007,108,0,97.5
2026-06-19,P008,245,0,15.6
2026-06-19,P009,104,0,26.0
2026-06-19,P010,30,0,234.0
2026-06-19,P011,19,0,338.0
2026-06-19,P012,86,0,91.0
2026-06-19,P013,27,0,247.0
2026-06-19,P014,33,0,195.0
2026-06-19,P015,137,1,15.47
2026-06-20,P001,216,1,30.94
2026-06-20,P002,109,0,32.5
2026-06-20,P003,57,0,546.0
2026-06-20,P004,104,1,154.7
2026-06-20,P005,122,1,46.41
2026-06-20,P006,37,0,143.0
2026-06-20,P007,135,0,97.5
2026-06-20,P008,253,0,15.6
2026-06-20,P009,151,0,26.0
2026-06-20,P010,37,0,234.0
2026-06-20,P011,29,0,338.0
2026-06-20,P012,103,0,91.0
2026-06-20,P013,35,0,247.0
2026-06-20,P014,54,0,195.0
2026-06-20,P015,123,0,18.2
2026-06-21,P001,196,1,30.94
2026-06-21,P002,100,0,32.5
2026-06-21,P003,54,0,546.0
2026-06-21,P004,66,0,182.0
2026-06-21,P005,76,0,54.6
2026-06-21,P006,31,0,143.0
2026-06-21,P007,124,0,97.5
2026-06-21,P008,233,0,15.6
2026-06-21,P009,128,0,26.0
2026-06-21,P010,42,0,234.0
2026-06-21,P011,32,0,338.0
2026-06-21,P012,108,0,91.0
2026-06-21,P013,28,0,247.0
2026-06-21,P014,64,0,195.0
2026-06-21,P015,103,0,18.2
2026-06-22,P001,159,1,30.94
2026-06-22,P002,91,0,32.5
2026-06-22,P003,39,0,546.0
2026-06-22,P004,58,0,182.0
2026-06-22,P005,59,0,54.6
2026-06-22,P006,31,0,143.0
2026-06-22,P007,95,0,97.5
2026-06-22,P008,192,0,15.6
2026-06-22,P009,99,0,26.0
2026-06-22,P010,33,0,234.0
2026-06-22,P011,22,0,338.0
2026-06-22,P012,70,0,91.0
2026-06-22,P013,27,0,247.0
2026-06-22,P014,32,0,195.0
2026-06-22,P015,77,0,18.2
2026-06-23,P001,116,0,36.4
2026-06-23,P002,72,0,32.5
2026-06-23,P003,35,0,546.0
2026-06-23,P004,47,0,182.0
2026-06-23,P005,71,0,54.6
2026-06-23,P006,32,0,143.0
2026-06-23,P007,95,0,97.5
2026-06-23,P008,184,0,15.6
2026-06-23,P009,99,0,26.0
2026-06-23,P010,27,0,234.0
2026-06-23,P011,13,0,338.0
2026-06-23,P012,77,0,91.0
2026-06-23,P013,20,0,247.0
2026-06-23,P014,35,0,195.0
2026-06-23,P015,83,0,18.2
2026-06-24,P001,130,0,36.4
2026-06-24,P002,90,0,32.5
2026-06-24,P003,40,0,546.0
2026-06-24,P004,43,0,182.0
2026-06-24,P005,53,0,54.6
2026-06-24,P006,25,0,143.0
2026-06-24,P007,88,0,97.5
2026-06-24,P008,177,0,15.6
2026-06-24,P009,161,1,22.1
2026-06-24,P010,36,0,234.0
2026-06-24,P011,12,0,338.0
2026-06-24,P012,77,0,91.0
2026-06-24,P013,23,0,247.0
2026-06-24,P014,39,0,195.0
2026-06-24,P015,67,0,18.2
2026-06-25,P001,96,0,36.4
2026-06-25,P002,92,0,32.5
2026-06-25,P003,47,0,546.0
2026-06-25,P004,48,0,182.0
2026-06-25,P005,54,0,54.6
2026-06-25,P006,24,0,143.0
2026-06-25,P007,99,0,97.5
2026-06-25,P008,192,0,15.6
2026-06-25,P009,129,1,22.1
2026-06-25,P010,29,0,234.0
2026-06-25,P011,18,0,338.0
2026-06-25,P012,74,0,91.0
2026-06-25,P013,20,0,247.0
2026-06-25,P014,33,0,195.0
2026-06-25,P015,70,0,18.2
2026-06-26,P001,141,0,36.4
2026-06-26,P002,100,0,32.5
2026-06-26,P003,46,0,546.0
2026-06-26,P004,70,0,182.0
2026-06-26,P005,64,0,54.6
2026-06-26,P006,27,0,143.0
2026-06-26,P007,98,0,97.5
2026-06-26,P008,252,0,15.6
2026-06-26,P009,148,1,22.1
2026-06-26,P010,34,0,234.0
2026-06-26,P011,26,0,338.0
2026-06-26,P012,86,0,91.0
2026-06-26,P013,35,0,247.0
2026-06-26,P014,38,0,195.0
2026-06-26,P015,95,0,18.2
2026-06-27,P001,152,0,36.4
2026-06-27,P002,117,0,32.5
2026-06-27,P003,54,0,546.0
2026-06-27,P004,68,0,182.0
2026-06-27,P005,86,0,54.6
2026-06-27,P006,33,0,143.0
2026-06-27,P007,127,0,97.5
2026-06-27,P008,262,0,15.6
2026-06-27,P009,175,1,22.1
2026-06-27,P010,29,0,234.0
2026-06-27,P011,17,0,338.0
2026-06-27,P012,97,0,91.0
2026-06-27,P013,18,0,247.0
2026-06-27,P014,46,0,195.0
2026-06-27,P015,127,0,18.2
2026-06-28,P001,157,0,36.4
2026-06-28,P002,95,0,32.5
2026-06-28,P003,51,0,546.0
2026-06-28,P004,65,0,182.0
2026-06-28,P005,83,0,54.6
2026-06-28,P006,20,0,143.0
2026-06-28,P007,110,0,97.5
2026-06-28,P008,255,0,15.6
2026-06-28,P009,191,1,22.1
2026-06-28,P010,40,0,234.0
2026-06-28,P011,13,0,338.0
2026-06-28,P012,85,0,91.0
2026-06-28,P013,31,0,247.0
2026-06-28,P014,34,0,195.0
2026-06-28,P015,138,1,15.47
2026-06-29,P001,107,0,36.4
2026-06-29,P002,105,0,32.5
2026-06-29,P003,32,0,546.0
2026-06-29,P004,55,0,182.0
2026-06-29,P005,62,0,54.6
2026-06-29,P006,34,0,143.0
2026-06-29,P007,94,0,97.5
2026-06-29,P008,188,0,15.6
2026-06-29,P009,84,0,26.0
2026-06-29,P010,35,0,234.0
2026-06-29,P011,18,0,338.0
2026-06-29,P012,64,0,91.0
2026-06-29,P013,18,0,247.0
2026-06-29,P014,50,0,195.0
2026-06-29,P015,122,1,15.47
2026-06-30,P001,108,0,36.4
2026-06-30,P002,80,0,32.5
2026-06-30,P003,32,0,546.0
2026-06-30,P004,50,0,182.0
2026-06-30,P005,54,0,54.6
2026-06-30,P006,29,0,143.0
2026-06-30,P007,104,0,97.5
2026-06-30,P008,192,0,15.6
2026-06-30,P009,90,0,26.0
2026-06-30,P010,25,0,234.0
2026-06-30,P011,16,0,338.0
2026-06-30,P012,77,0,91.0
2026-06-30,P013,25,0,247.0
2026-06-30,P014,48,0,195.0
2026-06-30,P015,115,1,15.47
2026-07-01,P001,125,0,36.4
2026-07-01,P002,100,0,32.5
2026-07-01,P003,46,0,546.0
2026-07-01,P004,56,0,182.0
2026-07-01,P005,72,0,54.6
2026-07-01,P006,34,0,143.0
2026-07-01,P007,73,0,97.5
2026-07-01,P008,206,0,15.6
2026-07-01,P009,99,0,26.0
2026-07-01,P010,25,0,234.0
2026-07-01,P011,17,0,338.0
2026-07-01,P012,84,0,91.0
2026-07-01,P013,23,0,247.0
2026-07-01,P014,42,0,195.0
2026-07-01,P015,107,1,15.47
2026-07-02,P001,126,0,36.4
2026-07-02,P002,104,0,32.5
2026-07-02,P003,37,0,546.0
2026-07-02,P004,56,0,182.0
2026-07-02,P005,65,0,54.6
2026-07-02,P006,25,0,143.0
2026-07-02,P007,72,0,97.5
2026-07-02,P008,176,0,15.6
2026-07-02,P009,101,0,26.0
2026-07-02,P010,19,0,234.0
2026-07-02,P011,18,0,338.0
2026-07-02,P012,87,0,91.0
2026-07-02,P013,32,0,247.0
2026-07-02,P014,35,0,195.0
2026-07-02,P015,123,1,15.47
2026-07-03,P001,126,0,36.4
2026-07-03,P002,88,0,32.5
2026-07-03,P003,38,0,546.0
2026-07-03,P004,56,0,182.0
2026-07-03,P005,64,0,54.6
2026-07-03,P006,21,0,143.0
2026-07-03,P007,95,0,97.5
2026-07-03,P008,252,0,15.6
2026-07-03,P009,109,0,26.0
2026-07-03,P010,42,0,234.0
2026-07-03,P011,24,0,338.0
2026-07-03,P012,92,0,91.0
2026-07-03,P013,27,0,247.0
2026-07-03,P014,42,0,195.0
2026-07-03,P015,91,0,18.2
2026-07-04,P001,139,0,36.4
2026-07-04,P002,111,0,32.5
2026-07-04,P003,51,0,546.0
2026-07-04,P004,88,0,182.0
2026-07-04,P005,89,0,54.6
2026-07-04,P006,32,0,143.0
2026-07-04,P007,117,0,97.5
2026-07-04,P008,263,0,15.6
2026-07-04,P009,191,1,22.1
2026-07-04,P010,38,0,234.0
2026-07-04,P011,29,0,338.0
2026-07-04,P012,94,0,91.0
2026-07-04,P013,29,0,247.0
2026-07-04,P014,62,0,195.0
2026-07-04,P015,98,0,18.2
2026-07-05,P001,147,0,36.4
2026-07-05,P002,121,0,32.5
2026-07-05,P003,42,0,546.0
2026-07-05,P004,67,0,182.0
2026-07-05,P005,70,0,54.6
2026-07-05,P006,33,0,143.0
2026-07-05,P007,106,0,97.5
2026-07-05,P008,248,0,15.6
2026-07-05,P009,188,1,22.1
2026-07-05,P010,36,0,234.0
2026-07-05,P011,28,0,338.0
2026-07-05,P012,115,0,91.0
2026-07-05,P013,17,0,247.0
2026-07-05,P014,45,0,195.0
2026-07-05,P015,100,0,18.2
2026-07-06,P001,127,0,36.4
2026-07-06,P002,77,0,32.5
2026-07-06,P003,35,0,546.0
2026-07-06,P004,50,0,182.0
2026-07-06,P005,45,0,54.6
2026-07-06,P006,31,0,143.0
2026-07-06,P007,74,0,97.5
2026-07-06,P008,161,0,15.6
2026-07-06,P009,138,1,22.1
2026-07-06,P010,18,0,234.0
2026-07-06,P011,25,0,338.0
2026-07-06,P012,75,0,91.0
2026-07-06,P013,25,0,247.0
2026-07-06,P014,35,0,195.0
2026-07-06,P015,87,0,18.2
2026-07-07,P001,97,0,36.4
2026-07-07,P002,70,0,32.5
2026-07-07,P003,40,0,546.0
2026-07-07,P004,50,0,182.0
2026-07-07,P005,71,0,54.6
2026-07-07,P006,27,0,143.0
2026-07-07,P007,70,0,97.5
2026-07-07,P008,175,0,15.6
2026-07-07,P009,148,1,22.1
2026-07-07,P010,24,0,234.0
2026-07-07,P011,21,0,338.0
2026-07-07,P012,82,0,91.0
2026-07-07,P013,22,0,247.0
2026-07-07,P014,30,0,195.0
2026-07-07,P015,83,0,18.2
2026-07-08,P001,102,0,36.4
2026-07-08,P002,88,0,32.5
2026-07-08,P003,35,0,546.0
2026-07-08,P004,49,0,182.0
2026-07-08,P005,50,0,54.6
2026-07-08,P006,21,0,143.0
2026-07-08,P007,103,0,97.5
2026-07-08,P008,170,0,15.6
2026-07-08,P009,137,1,22.1
2026-07-08,P010,27,0,234.0
2026-07-08,P011,16,0,338.0
2026-07-08,P012,63,0,91.0
2026-07-08,P013,21,0,247.0
2026-07-08,P014,37,0,195.0
2026-07-08,P015,62,0,18.2
2026-07-09,P001,111,0,36.4
2026-07-09,P002,72,0,32.5
2026-07-09,P003,41,0,546.0
2026-07-09,P004,59,0,182.0
2026-07-09,P005,63,0,54.6
2026-07-09,P006,31,0,143.0
2026-07-09,P007,103,0,97.5
2026-07-09,P008,192,0,15.6
2026-07-09,P009,116,0,26.0
2026-07-09,P010,27,0,234.0
2026-07-09,P011,18,0,338.0
2026-07-09,P012,74,0,91.0
2026-07-09,P013,18,0,247.0
2026-07-09,P014,33,0,195.0
2026-07-09,P015,78,0,18.2
2026-07-10,P001,153,0,36.4
2026-07-10,P002,84,0,32.5
2026-07-10,P003,45,0,546.0
2026-07-10,P004,56,0,182.0
2026-07-10,P005,83,0,54.6
2026-07-10,P006,34,0,143.0
2026-07-10,P007,113,0,97.5
2026-07-10,P008,193,0,15.6
2026-07-10,P009,107,0,26.0
2026-07-10,P010,31,0,234.0
2026-07-10,P011,12,0,338.0
2026-07-10,P012,90,0,91.0
2026-07-10,P013,24,0,247.0
2026-07-10,P014,44,0,195.0
2026-07-10,P015,113,0,18.2
2026-07-11,P001,164,0,36.4
2026-07-11,P002,112,0,32.5
2026-07-11,P003,64,0,546.0
2026-07-11,P004,70,0,182.0
2026-07-11,P005,82,0,54.6
2026-07-11,P006,35,0,143.0
2026-07-11,P007,101,0,97.5
2026-07-11,P008,258,0,15.6
2026-07-11,P009,132,0,26.0
2026-07-11,P010,37,0,234.0
2026-07-11,P011,20,0,338.0
2026-07-11,P012,122,0,91.0
2026-07-11,P013,25,0,247.0
2026-07-11,P014,46,0,195.0
2026-07-11,P015,117,0,18.2
2026-07-12,P001,138,0,36.4
2026-07-12,P002,97,0,32.5
2026-07-12,P003,44,0,546.0
2026-07-12,P004,57,0,182.0
2026-07-12,P005,105,1,46.41
2026-07-12,P006,27,0,143.0
2026-07-12,P007,83,0,97.5
2026-07-12,P008,207,0,15.6
2026-07-12,P009,132,0,26.0
2026-07-12,P010,47,0,234.0
2026-07-12,P011,23,1,287.3
2026-07-12,P012,90,0,91.0
2026-07-12,P013,21,0,247.0
2026-07-12,P014,48,0,195.0
2026-07-12,P015,115,0,18.2
2026-07-13,P001,99,0,36.4
2026-07-13,P002,105,0,32.5
2026-07-13,P003,34,0,546.0
2026-07-13,P004,54,0,182.0
2026-07-13,P005,76,1,46.41
2026-07-13,P006,26,0,143.0
2026-07-13,P007,91,0,97.5
2026-07-13,P008,167,0,15.6
2026-07-13,P009,85,0,26.0
2026-07-13,P010,39,0,234.0
2026-07-13,P011,30,1,287.3
2026-07-13,P012,80,0,91.0
2026-07-13,P013,25,0,247.0
2026-07-13,P014,31,0,195.0
2026-07-13,P015,73,0,18.2
2026-07-14,P001,106,0,36.4
2026-07-14,P002,88,0,32.5
2026-07-14,P003,40,0,546.0
2026-07-14,P004,43,0,182.0
2026-07-14,P005,79,1,46.41
2026-07-14,P006,23,0,143.0
2026-07-14,P007,81,0,97.5
2026-07-14,P008,204,0,15.6
2026-07-14,P009,97,0,26.0
2026-07-14,P010,31,0,234.0
2026-07-14,P011,24,1,287.3
2026-07-14,P012,76,0,91.0
2026-07-14,P013,24,0,247.0
2026-07-14,P014,25,0,195.0
2026-07-14,P015,71,0,18.2
2026-07-15,P001,116,0,36.4
2026-07-15,P002,92,0,32.5
2026-07-15,P003,49,0,546.0
2026-07-15,P004,48,0,182.0
2026-07-15,P005,79,1,46.41
2026-07-15,P006,32,0,143.0
2026-07-15,P007,72,0,97.5
2026-07-15,P008,181,0,15.6
2026-07-15,P009,162,1,22.1
2026-07-15,P010,30,0,234.0
2026-07-15,P011,36,1,287.3
2026-07-15,P012,91,0,91.0
2026-07-15,P013,18,0,247.0
2026-07-15,P014,35,0,195.0
2026-07-15,P015,68,0,18.2
2026-07-16,P001,98,0,36.4
2026-07-16,P002,88,0,32.5
2026-07-16,P003,43,0,546.0
2026-07-16,P004,57,0,182.0
2026-07-16,P005,81,1,46.41
2026-07-16,P006,17,0,143.0
2026-07-16,P007,77,0,97.5
2026-07-16,P008,186,0,15.6
2026-07-16,P009,150,1,22.1
2026-07-16,P010,37,0,234.0
2026-07-16,P011,36,1,287.3
2026-07-16,P012,82,0,91.0
2026-07-16,P013,30,0,247.0
2026-07-16,P014,33,0,195.0
2026-07-16,P015,103,0,18.2
2026-07-17,P001,148,0,36.4
2026-07-17,P002,98,0,32.5
2026-07-17,P003,48,0,546.0
2026-07-17,P004,69,0,182.0
2026-07-17,P005,63,0,54.6
2026-07-17,P006,36,0,143.0
2026-07-17,P007,106,0,97.5
2026-07-17,P008,236,0,15.6
2026-07-17,P009,172,1,22.1
2026-07-17,P010,35,0,234.0
2026-07-17,P011,18,0,338.0
2026-07-17,P012,94,0,91.0
2026-07-17,P013,22,0,247.0
2026-07-17,P014,43,0,195.0
2026-07-17,P015,107,0,18.2
2026-07-18,P001,169,0,36.4
2026-07-18,P002,122,0,32.5
2026-07-18,P003,44,0,546.0
2026-07-18,P004,75,0,182.0
2026-07-18,P005,86,0,54.6
2026-07-18,P006,31,0,143.0
2026-07-18,P007,136,0,97.5
2026-07-18,P008,250,0,15.6
2026-07-18,P009,192,1,22.1
2026-07-18,P010,46,0,234.0
2026-07-18,P011,36,0,338.0
2026-07-18,P012,105,0,91.0
2026-07-18,P013,23,0,247.0
2026-07-18,P014,51,0,195.0
2026-07-18,P015,125,0,18.2
2026-07-19,P001,156,0,36.4
2026-07-19,P002,101,0,32.5
2026-07-19,P003,45,0,546.0
2026-07-19,P004,63,0,182.0
2026-07-19,P005,66,0,54.6
2026-07-19,P006,48,1,121.55
2026-07-19,P007,116,0,97.5
2026-07-19,P008,220,0,15.6
2026-07-19,P009,178,1,22.1
2026-07-19,P010,31,0,234.0
2026-07-19,P011,28,0,338.0
2026-07-19,P012,78,0,91.0
2026-07-19,P013,28,0,247.0
2026-07-19,P014,51,0,195.0
2026-07-19,P015,102,0,18.2
2026-07-20,P001,108,0,36.4
2026-07-20,P002,75,0,32.5
2026-07-20,P003,32,0,546.0
2026-07-20,P004,50,0,182.0
2026-07-20,P005,64,0,54.6
2026-07-20,P006,44,1,121.55
2026-07-20,P007,76,0,97.5
2026-07-20,P008,173,0,15.6
2026-07-20,P009,83,0,26.0
2026-07-20,P010,35,0,234.0
2026-07-20,P011,25,0,338.0
2026-07-20,P012,97,0,91.0
2026-07-20,P013,26,0,247.0
2026-07-20,P014,30,0,195.0
2026-07-20,P015,77,0,18.2
2026-07-21,P001,112,0,36.4
2026-07-21,P002,88,0,32.5
2026-07-21,P003,43,0,546.0
2026-07-21,P004,50,0,182.0
2026-07-21,P005,72,0,54.6
2026-07-21,P006,36,1,121.55
2026-07-21,P007,81,0,97.5
2026-07-21,P008,156,0,15.6
2026-07-21,P009,108,0,26.0
2026-07-21,P010,30,0,234.0
2026-07-21,P011,20,0,338.0
2026-07-21,P012,78,0,91.0
2026-07-21,P013,25,0,247.0
2026-07-21,P014,33,0,195.0
2026-07-21,P015,87,0,18.2
2026-07-22,P001,107,0,36.4
2026-07-22,P002,71,0,32.5
2026-07-22,P003,44,0,546.0
2026-07-22,P004,59,0,182.0
2026-07-22,P005,65,0,54.6
2026-07-22,P006,41,1,121.55
2026-07-22,P007,74,0,97.5
2026-07-22,P008,170,0,15.6
2026-07-22,P009,81,0,26.0
2026-07-22,P010,30,0,234.0
2026-07-22,P011,23,0,338.0
2026-07-22,P012,94,0,91.0
2026-07-22,P013,23,0,247.0
2026-07-22,P014,35,0,195.0
2026-07-22,P015,80,0,18.2
2026-07-23,P001,113,0,36.4
2026-07-23,P002,85,0,32.5
2026-07-23,P003,44,0,546.0
2026-07-23,P004,62,0,182.0
2026-07-23,P005,57,0,54.6
2026-07-23,P006,42,1,121.55
2026-07-23,P007,77,0,97.5
2026-07-23,P008,177,0,15.6
2026-07-23,P009,104,0,26.0
2026-07-23,P010,35,0,234.0
2026-07-23,P011,14,0,338.0
2026-07-23,P012,74,0,91.0
2026-07-23,P013,32,0,247.0
2026-07-23,P014,36,0,195.0
2026-07-23,P015,85,0,18.2
2026-07-24,P001,123,0,36.4
2026-07-24,P002,106,0,32.5
2026-07-24,P003,40,0,546.0
2026-07-24,P004,73,0,182.0
2026-07-24,P005,72,0,54.6
2026-07-24,P006,29,0,143.0
2026-07-24,P007,99,0,97.5
2026-07-24,P008,187,0,15.6
2026-07-24,P009,188,1,22.1
2026-07-24,P010,33,0,234.0
2026-07-24,P011,21,0,338.0
2026-07-24,P012,97,0,91.0
2026-07-24,P013,31,0,247.0
2026-07-24,P014,41,0,195.0
2026-07-24,P015,104,0,18.2
2026-07-25,P001,150,0,36.4
2026-07-25,P002,117,0,32.5
2026-07-25,P003,45,0,546.0
2026-07-25,P004,80,0,182.0
2026-07-25,P005,80,0,54.6
2026-07-25,P006,42,0,143.0
2026-07-25,P007,123,0,97.5
2026-07-25,P008,221,0,15.6
2026-07-25,P009,203,1,22.1
2026-07-25,P010,43,0,234.0
2026-07-25,P011,23,0,338.0
2026-07-25,P012,101,0,91.0
2026-07-25,P013,35,0,247.0
2026-07-25,P014,46,0,195.0
2026-07-25,P015,111,0,18.2
2026-07-26,P001,135,0,36.4
2026-07-26,P002,117,0,32.5
2026-07-26,P003,41,0,546.0
2026-07-26,P004,69,0,182.0
2026-07-26,P005,63,0,54.6
2026-07-26,P006,28,0,143.0
2026-07-26,P007,93,0,97.5
2026-07-26,P008,294,1,13.26
2026-07-26,P009,188,1,22.1
2026-07-26,P010,28,0,234.0
2026-07-26,P011,22,0,338.0
2026-07-26,P012,115,0,91.0
2026-07-26,P013,23,0,247.0
2026-07-26,P014,42,0,195.0
2026-07-26,P015,88,0,18.2
2026-07-27,P001,133,0,36.4
2026-07-27,P002,84,0,32.5
2026-07-27,P003,38,0,546.0
2026-07-27,P004,37,0,182.0
2026-07-27,P005,61,0,54.6
2026-07-27,P006,21,0,143.0
2026-07-27,P007,67,0,97.5
2026-07-27,P008,224,1,13.26
2026-07-27,P009,153,1,22.1
2026-07-27,P010,32,0,234.0
2026-07-27,P011,21,0,338.0
2026-07-27,P012,91,0,91.0
2026-07-27,P013,27,0,247.0
2026-07-27,P014,29,0,195.0
2026-07-27,P015,84,0,18.2
2026-07-28,P001,118,0,36.4
2026-07-28,P002,104,0,32.5
2026-07-28,P003,40,0,546.0
2026-07-28,P004,41,0,182.0
2026-07-28,P005,58,0,54.6
2026-07-28,P006,22,0,143.0
2026-07-28,P007,83,0,97.5
2026-07-28,P008,206,1,13.26
2026-07-28,P009,134,1,22.1
2026-07-28,P010,31,0,234.0
2026-07-28,P011,19,0,338.0
2026-07-28,P012,77,0,91.0
2026-07-28,P013,26,0,247.0
2026-07-28,P014,27,0,195.0
2026-07-28,P015,98,0,18.2
2026-07-29,P001,131,0,36.4
2026-07-29,P002,93,0,32.5
2026-07-29,P003,49,0,546.0
2026-07-29,P004,55,0,182.0
2026-07-29,P005,74,0,54.6
2026-07-29,P006,24,0,143.0
2026-07-29,P007,72,0,97.5
2026-07-29,P008,216,1,13.26
2026-07-29,P009,110,0,26.0
2026-07-29,P010,27,0,234.0
2026-07-29,P011,26,0,338.0
2026-07-29,P012,81,0,91.0
2026-07-29,P013,28,0,247.0
2026-07-29,P014,37,0,195.0
2026-07-29,P015,82,0,18.2
2026-07-30,P001,130,0,36.4
2026-07-30,P002,71,0,32.5
2026-07-30,P003,49,0,546.0
2026-07-30,P004,54,0,182.0
2026-07-30,P005,55,0,54.6
2026-07-30,P006,26,0,143.0
2026-07-30,P007,79,0,97.5
2026-07-30,P008,220,1,13.26
2026-07-30,P009,120,0,26.0
2026-07-30,P010,28,0,234.0
2026-07-30,P011,28,0,338.0
2026-07-30,P012,84,0,91.0
2026-07-30,P013,24,0,247.0
2026-07-30,P014,36,0,195.0
2026-07-30,P015,92,0,18.2
2026-07-31,P001,119,0,36.4
2026-07-31,P002,107,0,32.5
2026-07-31,P003,49,0,546.0
2026-07-31,P004,62,0,182.0
2026-07-31,P005,69,0,54.6
2026-07-31,P006,33,0,143.0
2026-07-31,P007,98,0,97.5
2026-07-31,P008,184,0,15.6
2026-07-31,P009,123,0,26.0
2026-07-31,P010,37,0,234.0
2026-07-31,P011,26,0,338.0
2026-07-31,P012,112,0,91.0
2026-07-31,P013,31,0,247.0
2026-07-31,P014,53,1,165.75
2026-07-31,P015,97,0,18.2
2026-08-01,P001,157,0,36.4
2026-08-01,P002,120,0,32.5
2026-08-01,P003,51,0,546.0
2026-08-01,P004,70,0,182.0
2026-08-01,P005,76,0,54.6
2026-08-01,P006,38,0,143.0
2026-08-01,P007,141,1,82.88
2026-08-01,P008,240,0,15.6
2026-08-01,P009,158,0,26.0
2026-08-01,P010,47,0,234.0
2026-08-01,P011,25,0,338.0
2026-08-01,P012,119,0,91.0
2026-08-01,P013,33,0,247.0
2026-08-01,P014,60,1,165.75
2026-08-01,P015,108,0,18.2
2026-08-02,P001,142,0,36.4
2026-08-02,P002,102,0,32.5
2026-08-02,P003,50,0,546.0
2026-08-02,P004,80,0,182.0
2026-08-02,P005,88,0,54.6
2026-08-02,P006,30,0,143.0
2026-08-02,P007,172,1,82.88
2026-08-02,P008,180,0,15.6
2026-08-02,P009,116,0,26.0
2026-08-02,P010,40,0,234.0
2026-08-02,P011,27,0,338.0
2026-08-02,P012,96,0,91.0
2026-08-02,P013,21,0,247.0
2026-08-02,P014,78,1,165.75
2026-08-02,P015,102,0,18.2
2026-08-03,P001,115,0,36.4
2026-08-03,P002,92,0,32.5
2026-08-03,P003,24,0,546.0
2026-08-03,P004,48,0,182.0
2026-08-03,P005,58,0,54.6
2026-08-03,P006,24,0,143.0
2026-08-03,P007,103,1,82.88
2026-08-03,P008,140,0,15.6
2026-08-03,P009,88,0,26.0
2026-08-03,P010,35,0,234.0
2026-08-03,P011,14,0,338.0
2026-08-03,P012,83,0,91.0
2026-08-03,P013,22,0,247.0
2026-08-03,P014,36,1,165.75
2026-08-03,P015,86,0,18.2
2026-08-04,P001,98,0,36.4
2026-08-04,P002,70,0,32.5
2026-08-04,P003,40,0,546.0
2026-08-04,P004,60,0,182.0
2026-08-04,P005,60,0,54.6
2026-08-04,P006,27,0,143.0
2026-08-04,P007,120,1,82.88
2026-08-04,P008,131,0,15.6
2026-08-04,P009,110,0,26.0
2026-08-04,P010,29,0,234.0
2026-08-04,P011,23,0,338.0
2026-08-04,P012,74,0,91.0
2026-08-04,P013,23,0,247.0
2026-08-04,P014,44,1,165.75
2026-08-04,P015,65,0,18.2
2026-08-05,P001,132,0,36.4
2026-08-05,P002,93,0,32.5
2026-08-05,P003,48,0,546.0
2026-08-05,P004,61,0,182.0
2026-08-05,P005,80,0,54.6
2026-08-05,P006,25,0,143.0
2026-08-05,P007,120,1,82.88
2026-08-05,P008,185,0,15.6
2026-08-05,P009,82,0,26.0
2026-08-05,P010,21,0,234.0
2026-08-05,P011,23,0,338.0
2026-08-05,P012,71,0,91.0
2026-08-05,P013,28,0,247.0
2026-08-05,P014,45,0,195.0
2026-08-05,P015,83,0,18.2
2026-08-06,P001,117,0,36.4
2026-08-06,P002,130,1,27.62
2026-08-06,P003,49,0,546.0
2026-08-06,P004,52,0,182.0
2026-08-06,P005,50,0,54.6
2026-08-06,P006,24,0,143.0
2026-08-06,P007,76,0,97.5
2026-08-06,P008,151,0,15.6
2026-08-06,P009,92,0,26.0
2026-08-06,P010,32,0,234.0
2026-08-06,P011,20,0,338.0
2026-08-06,P012,72,0,91.0
2026-08-06,P013,24,0,247.0
2026-08-06,P014,27,0,195.0
2026-08-06,P015,78,0,18.2
2026-08-07,P001,143,0,36.4
2026-08-07,P002,143,1,27.62
2026-08-07,P003,41,0,546.0
2026-08-07,P004,63,0,182.0
2026-08-07,P005,79,0,54.6
2026-08-07,P006,33,0,143.0
2026-08-07,P007,72,0,97.5
2026-08-07,P008,194,0,15.6
2026-08-07,P009,120,0,26.0
2026-08-07,P010,30,0,234.0
2026-08-07,P011,22,0,338.0
2026-08-07,P012,94,0,91.0
2026-08-07,P013,27,0,247.0
2026-08-07,P014,43,0,195.0
2026-08-07,P015,102,0,18.2
2026-08-08,P001,153,0,36.4
2026-08-08,P002,167,1,27.62
2026-08-08,P003,49,0,546.0
2026-08-08,P004,73,0,182.0
2026-08-08,P005,86,0,54.6
2026-08-08,P006,36,0,143.0
2026-08-08,P007,117,0,97.5
2026-08-08,P008,218,0,15.6
2026-08-08,P009,131,0,26.0
2026-08-08,P010,41,0,234.0
2026-08-08,P011,18,0,338.0
2026-08-08,P012,103,0,91.0
2026-08-08,P013,33,0,247.0
2026-08-08,P014,36,0,195.0
2026-08-08,P015,119,0,18.2
2026-08-09,P001,139,0,36.4
2026-08-09,P002,180,1,27.62
2026-08-09,P003,43,0,546.0
2026-08-09,P004,64,0,182.0
2026-08-09,P005,77,0,54.6
2026-08-09,P006,34,0,143.0
2026-08-09,P007,87,0,97.5
2026-08-09,P008,199,0,15.6
2026-08-09,P009,135,0,26.0
2026-08-09,P010,35,0,234.0
2026-08-09,P011,26,0,338.0
2026-08-09,P012,107,0,91.0
2026-08-09,P013,33,0,247.0
2026-08-09,P014,35,0,195.0
2026-08-09,P015,100,0,18.2
2026-08-10,P001,104,0,36.4
2026-08-10,P002,116,1,27.62
2026-08-10,P003,33,0,546.0
2026-08-10,P004,49,0,182.0
2026-08-10,P005,63,0,54.6
2026-08-10,P006,29,0,143.0
2026-08-10,P007,68,0,97.5
2026-08-10,P008,213,1,13.26
2026-08-10,P009,106,0,26.0
2026-08-10,P010,36,0,234.0
2026-08-10,P011,14,0,338.0
2026-08-10,P012,70,0,91.0
2026-08-10,P013,20,0,247.0
2026-08-10,P014,38,0,195.0
2026-08-10,P015,76,0,18.2
2026-08-11,P001,138,0,36.4
2026-08-11,P002,87,0,32.5
2026-08-11,P003,39,0,546.0
2026-08-11,P004,50,0,182.0
2026-08-11,P005,46,0,54.6
2026-08-11,P006,32,0,143.0
2026-08-11,P007,58,0,97.5
2026-08-11,P008,218,1,13.26
2026-08-11,P009,121,0,26.0
2026-08-11,P010,31,0,234.0
2026-08-11,P011,13,0,338.0
2026-08-11,P012,81,0,91.0
2026-08-11,P013,36,1,209.95
2026-08-11,P014,31,0,195.0
2026-08-11,P015,77,0,18.2
2026-08-12,P001,129,0,36.4
2026-08-12,P002,82,0,32.5
2026-08-12,P003,46,0,546.0
2026-08-12,P004,56,0,182.0
2026-08-12,P005,51,0,54.6
2026-08-12,P006,22,0,143.0
2026-08-12,P007,76,0,97.5
2026-08-12,P008,212,1,13.26
2026-08-12,P009,91,0,26.0
2026-08-12,P010,37,0,234.0
2026-08-12,P011,18,0,338.0
2026-08-12,P012,86,0,91.0
2026-08-12,P013,39,1,209.95
2026-08-12,P014,26,0,195.0
2026-08-12,P015,73,0,18.2
2026-08-13,P001,110,0,36.4
2026-08-13,P002,86,0,32.5
2026-08-13,P003,41,0,546.0
2026-08-13,P004,59,0,182.0
2026-08-13,P005,57,0,54.6
2026-08-13,P006,19,0,143.0
2026-08-13,P007,69,0,97.5
2026-08-13,P008,225,1,13.26
2026-08-13,P009,90,0,26.0
2026-08-13,P010,38,0,234.0
2026-08-13,P011,4,0,338.0
2026-08-13,P012,71,0,91.0
2026-08-13,P013,39,1,209.95
2026-08-13,P014,33,0,195.0
2026-08-13,P015,85,0,18.2
2026-08-14,P001,152,0,36.4
2026-08-14,P002,93,0,32.5
2026-08-14,P003,49,0,546.0
2026-08-14,P004,63,0,182.0
2026-08-14,P005,77,0,54.6
2026-08-14,P006,38,0,143.0
2026-08-14,P007,69,0,97.5
2026-08-14,P008,250,1,13.26
2026-08-14,P009,119,0,26.0
2026-08-14,P010,40,0,234.0
2026-08-14,P011,28,0,338.0
2026-08-14,P012,82,0,91.0
2026-08-14,P013,28,1,209.95
2026-08-14,P014,39,0,195.0
2026-08-14,P015,102,0,18.2
2026-08-15,P001,180,0,36.4
2026-08-15,P002,120,0,32.5
2026-08-15,P003,45,0,546.0
2026-08-15,P004,80,0,182.0
2026-08-15,P005,86,0,54.6
2026-08-15,P006,32,0,143.0
2026-08-15,P007,101,0,97.5
2026-08-15,P008,220,0,15.6
2026-08-15,P009,124,0,26.0
2026-08-15,P010,40,0,234.0
2026-08-15,P011,17,0,338.0
2026-08-15,P012,112,0,91.0
2026-08-15,P013,52,1,209.95
2026-08-15,P014,34,0,195.0
2026-08-15,P015,107,0,18.2
2026-08-16,P001,153,0,36.4
2026-08-16,P002,120,0,32.5
2026-08-16,P003,45,0,546.0
2026-08-16,P004,64,0,182.0
2026-08-16,P005,76,0,54.6
2026-08-16,P006,26,0,143.0
2026-08-16,P007,83,0,97.5
2026-08-16,P008,187,0,15.6
2026-08-16,P009,118,0,26.0
2026-08-16,P010,31,0,234.0
2026-08-16,P011,25,0,338.0
2026-08-16,P012,101,0,91.0
2026-08-16,P013,35,0,247.0
2026-08-16,P014,40,0,195.0
2026-08-16,P015,111,0,18.2
2026-08-17,P001,106,0,36.4
2026-08-17,P002,94,0,32.5
2026-08-17,P003,49,0,546.0
2026-08-17,P004,57,0,182.0
2026-08-17,P005,65,0,54.6
2026-08-17,P006,31,0,143.0
2026-08-17,P007,57,0,97.5
2026-08-17,P008,171,0,15.6
2026-08-17,P009,117,0,26.0
2026-08-17,P010,26,0,234.0
2026-08-17,P011,20,0,338.0
2026-08-17,P012,90,0,91.0
2026-08-17,P013,29,0,247.0
2026-08-17,P014,26,0,195.0
2026-08-17,P015,82,0,18.2
2026-08-18,P001,145,0,36.4
2026-08-18,P002,59,0,32.5
2026-08-18,P003,41,0,546.0
2026-08-18,P004,56,0,182.0
2026-08-18,P005,65,0,54.6
2026-08-18,P006,28,0,143.0
2026-08-18,P007,63,0,97.5
2026-08-18,P008,146,0,15.6
2026-08-18,P009,105,0,26.0
2026-08-18,P010,20,0,234.0
2026-08-18,P011,21,0,338.0
2026-08-18,P012,70,0,91.0
2026-08-18,P013,27,0,247.0
2026-08-18,P014,20,0,195.0
2026-08-18,P015,89,0,18.2
2026-08-19,P001,116,0,36.4
2026-08-19,P002,64,0,32.5
2026-08-19,P003,35,0,546.0
2026-08-19,P004,60,0,182.0
2026-08-19,P005,63,0,54.6
2026-08-19,P006,28,0,143.0
2026-08-19,P007,80,0,97.5
2026-08-19,P008,151,0,15.6
2026-08-19,P009,90,0,26.0
2026-08-19,P010,34,0,234.0
2026-08-19,P011,18,0,338.0
2026-08-19,P012,66,0,91.0
2026-08-19,P013,21,0,247.0
2026-08-19,P014,25,0,195.0
2026-08-19,P015,98,0,18.2
2026-08-20,P001,113,0,36.4
2026-08-20,P002,91,0,32.5
2026-08-20,P003,37,0,546.0
2026-08-20,P004,80,1,154.7
2026-08-20,P005,56,0,54.6
2026-08-20,P006,32,0,143.0
2026-08-20,P007,73,0,97.5
2026-08-20,P008,152,0,15.6
2026-08-20,P009,99,0,26.0
2026-08-20,P010,26,0,234.0
2026-08-20,P011,20,0,338.0
2026-08-20,P012,91,0,91.0
2026-08-20,P013,27,0,247.0
2026-08-20,P014,38,0,195.0
2026-08-20,P015,85,0,18.2
2026-08-21,P001,151,0,36.4
2026-08-21,P002,108,0,32.5
2026-08-21,P003,46,0,546.0
2026-08-21,P004,88,1,154.7
2026-08-21,P005,66,0,54.6
2026-08-21,P006,38,0,143.0
2026-08-21,P007,64,0,97.5
2026-08-21,P008,189,0,15.6
2026-08-21,P009,112,0,26.0
2026-08-21,P010,39,0,234.0
2026-08-21,P011,26,0,338.0
2026-08-21,P012,78,0,91.0
2026-08-21,P013,26,0,247.0
2026-08-21,P014,33,0,195.0
2026-08-21,P015,100,0,18.2
2026-08-22,P001,175,0,36.4
2026-08-22,P002,126,0,32.5
2026-08-22,P003,53,0,546.0
2026-08-22,P004,103,1,154.7
2026-08-22,P005,92,0,54.6
2026-08-22,P006,41,0,143.0
2026-08-22,P007,91,0,97.5
2026-08-22,P008,180,0,15.6
2026-08-22,P009,139,0,26.0
2026-08-22,P010,38,0,234.0
2026-08-22,P011,37,0,338.0
2026-08-22,P012,89,0,91.0
2026-08-22,P013,30,0,247.0
2026-08-22,P014,45,0,195.0
2026-08-22,P015,109,0,18.2
2026-08-23,P001,137,0,36.4
2026-08-23,P002,105,0,32.5
2026-08-23,P003,46,0,546.0
2026-08-23,P004,109,1,154.7
2026-08-23,P005,72,0,54.6
2026-08-23,P006,28,0,143.0
2026-08-23,P007,78,0,97.5
2026-08-23,P008,183,0,15.6
2026-08-23,P009,125,0,26.0
2026-08-23,P010,49,0,234.0
2026-08-23,P011,25,0,338.0
2026-08-23,P012,100,0,91.0
2026-08-23,P013,38,0,247.0
2026-08-23,P014,40,0,195.0
2026-08-23,P015,100,0,18.2
2026-08-24,P001,127,0,36.4
2026-08-24,P002,89,0,32.5
2026-08-24,P003,32,0,546.0
2026-08-24,P004,75,1,154.7
2026-08-24,P005,69,0,54.6
2026-08-24,P006,29,0,143.0
2026-08-24,P007,65,0,97.5
2026-08-24,P008,156,0,15.6
2026-08-24,P009,97,0,26.0
2026-08-24,P010,35,0,234.0
2026-08-24,P011,27,0,338.0
2026-08-24,P012,73,0,91.0
2026-08-24,P013,28,0,247.0
2026-08-24,P014,24,0,195.0
2026-08-24,P015,75,0,18.2
2026-08-25,P001,113,0,36.4
2026-08-25,P002,82,0,32.5
2026-08-25,P003,37,0,546.0
2026-08-25,P004,51,0,182.0
2026-08-25,P005,62,0,54.6
2026-08-25,P006,30,0,143.0
2026-08-25,P007,62,0,97.5
2026-08-25,P008,131,0,15.6
2026-08-25,P009,110,0,26.0
2026-08-25,P010,29,0,234.0
2026-08-25,P011,12,0,338.0
2026-08-25,P012,82,0,91.0
2026-08-25,P013,24,0,247.0
2026-08-25,P014,31,0,195.0
2026-08-25,P015,94,0,18.2
2026-08-26,P001,115,0,36.4
2026-08-26,P002,94,0,32.5
2026-08-26,P003,51,0,546.0
2026-08-26,P004,46,0,182.0
2026-08-26,P005,62,0,54.6
2026-08-26,P006,17,0,143.0
2026-08-26,P007,76,0,97.5
2026-08-26,P008,164,0,15.6
2026-08-26,P009,108,0,26.0
2026-08-26,P010,33,0,234.0
2026-08-26,P011,21,0,338.0
2026-08-26,P012,82,0,91.0
2026-08-26,P013,29,0,247.0
2026-08-26,P014,25,0,195.0
2026-08-26,P015,94,0,18.2
2026-08-27,P001,112,0,36.4
2026-08-27,P002,80,0,32.5
2026-08-27,P003,47,0,546.0
2026-08-27,P004,53,0,182.0
2026-08-27,P005,69,0,54.6
2026-08-27,P006,39,0,143.0
2026-08-27,P007,57,0,97.5
2026-08-27,P008,132,0,15.6
2026-08-27,P009,121,0,26.0
2026-08-27,P010,27,0,234.0
2026-08-27,P011,16,0,338.0
2026-08-27,P012,75,0,91.0
2026-08-27,P013,24,0,247.0
2026-08-27,P014,28,0,195.0
2026-08-27,P015,81,0,18.2
2026-08-28,P001,141,0,36.4
2026-08-28,P002,122,0,32.5
2026-08-28,P003,82,1,464.1
2026-08-28,P004,65,0,182.0
2026-08-28,P005,90,0,54.6
2026-08-28,P006,34,0,143.0
2026-08-28,P007,75,0,97.5
2026-08-28,P008,164,0,15.6
2026-08-28,P009,109,0,26.0
2026-08-28,P010,30,0,234.0
2026-08-28,P011,25,0,338.0
2026-08-28,P012,100,0,91.0
2026-08-28,P013,31,0,247.0
2026-08-28,P014,42,0,195.0
2026-08-28,P015,98,0,18.2
2026-08-29,P001,167,0,36.4
2026-08-29,P002,135,0,32.5
2026-08-29,P003,73,1,464.1
2026-08-29,P004,77,0,182.0
2026-08-29,P005,84,0,54.6
2026-08-29,P006,48,1,121.55
2026-08-29,P007,90,0,97.5
2026-08-29,P008,178,0,15.6
2026-08-29,P009,130,0,26.0
2026-08-29,P010,31,0,234.0
2026-08-29,P011,21,0,338.0
2026-08-29,P012,123,0,91.0
2026-08-29,P013,32,0,247.0
2026-08-29,P014,40,0,195.0
2026-08-29,P015,106,0,18.2
2026-08-30,P001,145,0,36.4
2026-08-30,P002,112,0,32.5
2026-08-30,P003,66,1,464.1
2026-08-30,P004,68,0,182.0
2026-08-30,P005,77,0,54.6
2026-08-30,P006,57,1,121.55
2026-08-30,P007,85,0,97.5
2026-08-30,P008,177,0,15.6
2026-08-30,P009,150,0,26.0
2026-08-30,P010,44,0,234.0
2026-08-30,P011,31,0,338.0
2026-08-30,P012,82,0,91.0
2026-08-30,P013,44,0,247.0
2026-08-30,P014,26,0,195.0
2026-08-30,P015,105,0,18.2
2026-08-31,P001,108,0,36.4
2026-08-31,P002,86,0,32.5
2026-08-31,P003,59,1,464.1
2026-08-31,P004,55,0,182.0
2026-08-31,P005,59,0,54.6
2026-08-31,P006,42,1,121.55
2026-08-31,P007,57,0,97.5
2026-08-31,P008,193,1,13.26
2026-08-31,P009,92,0,26.0
2026-08-31,P010,20,0,234.0
2026-08-31,P011,22,0,338.0
2026-08-31,P012,83,0,91.0
2026-08-31,P013,24,0,247.0
2026-08-31,P014,33,0,195.0
2026-08-31,P015,100,0,18.2
2026-09-01,P001,125,0,36.4
2026-09-01,P002,81,0,32.5
2026-09-01,P003,62,1,464.1
2026-09-01,P004,56,0,182.0
2026-09-01,P005,67,0,54.6
2026-09-01,P006,40,1,121.55
2026-09-01,P007,61,0,97.5
2026-09-01,P008,179,1,13.26
2026-09-01,P009,103,0,26.0
2026-09-01,P010,27,0,234.0
2026-09-01,P011,24,0,338.0
2026-09-01,P012,78,0,91.0
2026-09-01,P013,18,0,247.0
2026-09-01,P014,36,0,195.0
2026-09-01,P015,102,1,15.47
2026-09-02,P001,118,0,36.4
2026-09-02,P002,106,0,32.5
2026-09-02,P003,41,0,546.0
2026-09-02,P004,55,0,182.0
2026-09-02,P005,50,0,54.6
2026-09-02,P006,32,1,121.55
2026-09-02,P007,68,0,97.5
2026-09-02,P008,219,1,13.26
2026-09-02,P009,115,0,26.0
2026-09-02,P010,32,0,234.0
2026-09-02,P011,13,0,338.0
2026-09-02,P012,96,0,91.0
2026-09-02,P013,29,0,247.0
2026-09-02,P014,21,0,195.0
2026-09-02,P015,112,1,15.47
2026-09-03,P001,112,0,36.4
2026-09-03,P002,83,0,32.5
2026-09-03,P003,48,0,546.0
2026-09-03,P004,54,0,182.0
2026-09-03,P005,61,0,54.6
2026-09-03,P006,30,0,143.0
2026-09-03,P007,67,0,97.5
2026-09-03,P008,197,1,13.26
2026-09-03,P009,103,0,26.0
2026-09-03,P010,34,0,234.0
2026-09-03,P011,23,0,338.0
2026-09-03,P012,60,0,91.0
2026-09-03,P013,25,0,247.0
2026-09-03,P014,29,0,195.0
2026-09-03,P015,137,1,15.47
2026-09-04,P001,135,0,36.4
2026-09-04,P002,109,0,32.5
2026-09-04,P003,40,0,546.0
2026-09-04,P004,49,0,182.0
2026-09-04,P005,72,0,54.6
2026-09-04,P006,29,0,143.0
2026-09-04,P007,71,0,97.5
2026-09-04,P008,242,1,13.26
2026-09-04,P009,139,0,26.0
2026-09-04,P010,36,0,234.0
2026-09-04,P011,27,0,338.0
2026-09-04,P012,85,0,91.0
2026-09-04,P013,49,1,209.95
2026-09-04,P014,25,0,195.0
2026-09-04,P015,152,1,15.47
2026-09-05,P001,183,0,36.4
2026-09-05,P002,120,0,32.5
2026-09-05,P003,54,0,546.0
2026-09-05,P004,80,0,182.0
2026-09-05,P005,93,0,54.6
2026-09-05,P006,39,0,143.0
2026-09-05,P007,67,0,97.5
2026-09-05,P008,177,0,15.6
2026-09-05,P009,130,0,26.0
2026-09-05,P010,38,0,234.0
2026-09-05,P011,23,0,338.0
2026-09-05,P012,114,0,91.0
2026-09-05,P013,45,1,209.95
2026-09-05,P014,42,0,195.0
2026-09-05,P015,176,1,15.47
2026-09-06,P001,141,0,36.4
2026-09-06,P002,99,0,32.5
2026-09-06,P003,42,0,546.0
2026-09-06,P004,71,0,182.0
2026-09-06,P005,60,0,54.6
2026-09-06,P006,39,0,143.0
2026-09-06,P007,74,0,97.5
2026-09-06,P008,149,0,15.6
2026-09-06,P009,141,0,26.0
2026-09-06,P010,40,0,234.0
2026-09-06,P011,26,0,338.0
2026-09-06,P012,100,0,91.0
2026-09-06,P013,32,1,209.95
2026-09-06,P014,34,0,195.0
2026-09-06,P015,109,0,18.2
2026-09-07,P001,109,0,36.4
2026-09-07,P002,120,0,32.5
2026-09-07,P003,41,0,546.0
2026-09-07,P004,47,0,182.0
2026-09-07,P005,62,0,54.6
2026-09-07,P006,28,0,143.0
2026-09-07,P007,55,0,97.5
2026-09-07,P008,124,0,15.6
2026-09-07,P009,106,0,26.0
2026-09-07,P010,22,0,234.0
2026-09-07,P011,20,0,338.0
2026-09-07,P012,84,0,91.0
2026-09-07,P013,32,1,209.95
2026-09-07,P014,42,0,195.0
2026-09-07,P015,77,0,18.2
2026-09-08,P001,140,0,36.4
2026-09-08,P002,71,0,32.5
2026-09-08,P003,26,0,546.0
2026-09-08,P004,59,0,182.0
2026-09-08,P005,57,0,54.6
2026-09-08,P006,26,0,143.0
2026-09-08,P007,46,0,97.5
2026-09-08,P008,134,0,15.6
2026-09-08,P009,94,0,26.0
2026-09-08,P010,33,0,234.0
2026-09-08,P011,23,0,338.0
2026-09-08,P012,78,0,91.0
2026-09-08,P013,35,1,209.95
2026-09-08,P014,36,0,195.0
2026-09-08,P015,76,0,18.2
2026-09-09,P001,111,0,36.4
2026-09-09,P002,96,0,32.5
2026-09-09,P003,42,0,546.0
2026-09-09,P004,46,0,182.0
2026-09-09,P005,61,0,54.6
2026-09-09,P006,39,0,143.0
2026-09-09,P007,60,0,97.5
2026-09-09,P008,141,0,15.6
2026-09-09,P009,105,0,26.0
2026-09-09,P010,35,0,234.0
2026-09-09,P011,17,0,338.0
2026-09-09,P012,88,0,91.0
2026-09-09,P013,30,0,247.0
2026-09-09,P014,34,0,195.0
2026-09-09,P015,82,0,18.2
2026-09-10,P001,121,0,36.4
2026-09-10,P002,109,1,27.62
2026-09-10,P003,40,0,546.0
2026-09-10,P004,51,0,182.0
2026-09-10,P005,66,0,54.6
2026-09-10,P006,28,0,143.0
2026-09-10,P007,57,0,97.5
2026-09-10,P008,134,0,15.6
2026-09-10,P009,112,0,26.0
2026-09-10,P010,30,0,234.0
2026-09-10,P011,22,0,338.0
2026-09-10,P012,79,0,91.0
2026-09-10,P013,25,0,247.0
2026-09-10,P014,29,0,195.0
2026-09-10,P015,91,0,18.2
2026-09-11,P001,130,0,36.4
2026-09-11,P002,152,1,27.62
2026-09-11,P003,49,0,546.0
2026-09-11,P004,59,0,182.0
2026-09-11,P005,65,0,54.6
2026-09-11,P006,37,0,143.0
2026-09-11,P007,82,0,97.5
2026-09-11,P008,137,0,15.6
2026-09-11,P009,131,0,26.0
2026-09-11,P010,28,0,234.0
2026-09-11,P011,21,0,338.0
2026-09-11,P012,92,0,91.0
2026-09-11,P013,26,0,247.0
2026-09-11,P014,35,0,195.0
2026-09-11,P015,95,0,18.2
2026-09-12,P001,175,0,36.4
2026-09-12,P002,190,1,27.62
2026-09-12,P003,53,0,546.0
2026-09-12,P004,61,0,182.0
2026-09-12,P005,75,0,54.6
2026-09-12,P006,49,0,143.0
2026-09-12,P007,127,1,82.88
2026-09-12,P008,169,0,15.6
2026-09-12,P009,153,0,26.0
2026-09-12,P010,55,0,234.0
2026-09-12,P011,26,0,338.0
2026-09-12,P012,98,0,91.0
2026-09-12,P013,29,0,247.0
2026-09-12,P014,33,0,195.0
2026-09-12,P015,102,0,18.2
2026-09-13,P001,172,0,36.4
2026-09-13,P002,159,1,27.62
2026-09-13,P003,46,0,546.0
2026-09-13,P004,70,0,182.0
2026-09-13,P005,65,0,54.6
2026-09-13,P006,24,0,143.0
2026-09-13,P007,129,1,82.88
2026-09-13,P008,148,0,15.6
2026-09-13,P009,111,0,26.0
2026-09-13,P010,35,0,234.0
2026-09-13,P011,27,0,338.0
2026-09-13,P012,83,0,91.0
2026-09-13,P013,32,0,247.0
2026-09-13,P014,25,0,195.0
2026-09-13,P015,117,0,18.2
2026-09-14,P001,131,0,36.4
2026-09-14,P002,124,1,27.62
2026-09-14,P003,34,0,546.0
2026-09-14,P004,55,0,182.0
2026-09-14,P005,62,0,54.6
2026-09-14,P006,30,0,143.0
2026-09-14,P007,88,1,82.88
2026-09-14,P008,113,0,15.6
2026-09-14,P009,90,0,26.0
2026-09-14,P010,48,0,234.0
2026-09-14,P011,21,0,338.0
2026-09-14,P012,87,0,91.0
2026-09-14,P013,27,0,247.0
2026-09-14,P014,36,0,195.0
2026-09-14,P015,90,0,18.2
2026-09-15,P001,112,0,36.4
2026-09-15,P002,93,0,32.5
2026-09-15,P003,48,0,546.0
2026-09-15,P004,57,0,182.0
2026-09-15,P005,48,0,54.6
2026-09-15,P006,35,0,143.0
2026-09-15,P007,102,1,82.88
2026-09-15,P008,96,0,15.6
2026-09-15,P009,103,0,26.0
2026-09-15,P010,38,0,234.0
2026-09-15,P011,17,0,338.0
2026-09-15,P012,78,0,91.0
2026-09-15,P013,24,0,247.0
2026-09-15,P014,17,0,195.0
2026-09-15,P015,97,0,18.2
2026-09-16,P001,130,0,36.4
2026-09-16,P002,91,0,32.5
2026-09-16,P003,27,0,546.0
2026-09-16,P004,60,0,182.0
2026-09-16,P005,62,0,54.6
2026-09-16,P006,29,0,143.0
2026-09-16,P007,89,1,82.88
2026-09-16,P008,111,0,15.6
2026-09-16,P009,102,0,26.0
2026-09-16,P010,31,0,234.0
2026-09-16,P011,19,0,338.0
2026-09-16,P012,73,0,91.0
2026-09-16,P013,29,0,247.0
2026-09-16,P014,23,0,195.0
2026-09-16,P015,104,0,18.2
2026-09-17,P001,133,0,36.4
2026-09-17,P002,88,0,32.5
2026-09-17,P003,36,0,546.0
2026-09-17,P004,56,0,182.0
2026-09-17,P005,54,0,54.6
2026-09-17,P006,33,0,143.0
2026-09-17,P007,57,0,97.5
2026-09-17,P008,120,0,15.6
2026-09-17,P009,99,0,26.0
2026-09-17,P010,29,0,234.0
2026-09-17,P011,19,0,338.0
2026-09-17,P012,81,0,91.0
2026-09-17,P013,26,0,247.0
2026-09-17,P014,31,0,195.0
2026-09-17,P015,95,0,18.2
2026-09-18,P001,161,0,36.4
2026-09-18,P002,112,0,32.5
2026-09-18,P003,51,0,546.0
2026-09-18,P004,59,0,182.0
2026-09-18,P005,89,0,54.6
2026-09-18,P006,35,0,143.0
2026-09-18,P007,60,0,97.5
2026-09-18,P008,128,0,15.6
2026-09-18,P009,105,0,26.0
2026-09-18,P010,39,0,234.0
2026-09-18,P011,25,0,338.0
2026-09-18,P012,102,0,91.0
2026-09-18,P013,31,0,247.0
2026-09-18,P014,22,0,195.0
2026-09-18,P015,104,0,18.2
2026-09-19,P001,175,0,36.4
2026-09-19,P002,138,0,32.5
2026-09-19,P003,51,0,546.0
2026-09-19,P004,80,0,182.0
2026-09-19,P005,74,0,54.6
2026-09-19,P006,40,0,143.0
2026-09-19,P007,86,0,97.5
2026-09-19,P008,168,0,15.6
2026-09-19,P009,119,0,26.0
2026-09-19,P010,40,0,234.0
2026-09-19,P011,35,0,338.0
2026-09-19,P012,98,0,91.0
2026-09-19,P013,27,0,247.0
2026-09-19,P014,25,0,195.0
2026-09-19,P015,128,0,18.2
2026-09-20,P001,161,0,36.4
2026-09-20,P002,119,0,32.5
2026-09-20,P003,47,0,546.0
2026-09-20,P004,53,0,182.0
2026-09-20,P005,72,0,54.6
2026-09-20,P006,39,0,143.0
2026-09-20,P007,75,0,97.5
2026-09-20,P008,225,0,15.6
2026-09-20,P009,129,0,26.0
2026-09-20,P010,34,0,234.0
2026-09-20,P011,25,0,338.0
2026-09-20,P012,98,0,91.0
2026-09-20,P013,27,0,247.0
2026-09-20,P014,30,0,195.0
2026-09-20,P015,106,0,18.2
2026-09-21,P001,104,0,36.4
2026-09-21,P002,78,0,32.5
2026-09-21,P003,49,0,546.0
2026-09-21,P004,52,0,182.0
2026-09-21,P005,55,0,54.6
2026-09-21,P006,26,0,143.0
2026-09-21,P007,63,0,97.5
2026-09-21,P008,215,0,15.6
2026-09-21,P009,84,0,26.0
2026-09-21,P010,26,0,234.0
2026-09-21,P011,15,0,338.0
2026-09-21,P012,84,0,91.0
2026-09-21,P013,24,0,247.0
2026-09-21,P014,24,0,195.0
2026-09-21,P015,79,0,18.2
2026-09-22,P001,119,0,36.4
2026-09-22,P002,74,0,32.5
2026-09-22,P003,49,0,546.0
2026-09-22,P004,53,0,182.0
2026-09-22,P005,58,0,54.6
2026-09-22,P006,29,0,143.0
2026-09-22,P007,46,0,97.5
2026-09-22,P008,99,0,15.6
2026-09-22,P009,85,0,26.0
2026-09-22,P010,30,0,234.0
2026-09-22,P011,19,0,338.0
2026-09-22,P012,84,0,91.0
2026-09-22,P013,24,0,247.0
2026-09-22,P014,26,0,195.0
2026-09-22,P015,86,0,18.2
2026-09-23,P001,125,0,36.4
2026-09-23,P002,108,0,32.5
2026-09-23,P003,44,0,546.0
2026-09-23,P004,81,1,154.7
2026-09-23,P005,61,0,54.6
2026-09-23,P006,32,0,143.0
2026-09-23,P007,41,0,97.5
2026-09-23,P008,124,0,15.6
2026-09-23,P009,97,0,26.0
2026-09-23,P010,34,0,234.0
2026-09-23,P011,12,0,338.0
2026-09-23,P012,58,0,91.0
2026-09-23,P013,26,0,247.0
2026-09-23,P014,21,0,195.0
2026-09-23,P015,77,0,18.2
2026-09-24,P001,117,0,36.4
2026-09-24,P002,96,0,32.5
2026-09-24,P003,41,0,546.0
2026-09-24,P004,84,1,154.7
2026-09-24,P005,51,0,54.6
2026-09-24,P006,52,0,143.0
2026-09-24,P007,51,0,97.5
2026-09-24,P008,122,0,15.6
2026-09-24,P009,111,0,26.0
2026-09-24,P010,32,0,234.0
2026-09-24,P011,22,0,338.0
2026-09-24,P012,73,0,91.0
2026-09-24,P013,23,0,247.0
2026-09-24,P014,11,0,195.0
2026-09-24,P015,77,0,18.2
2026-09-25,P001,212,1,30.94
2026-09-25,P002,91,0,32.5
2026-09-25,P003,35,0,546.0
2026-09-25,P004,75,1,154.7
2026-09-25,P005,67,0,54.6
2026-09-25,P006,44,0,143.0
2026-09-25,P007,65,0,97.5
2026-09-25,P008,140,0,15.6
2026-09-25,P009,138,0,26.0
2026-09-25,P010,41,0,234.0
2026-09-25,P011,28,0,338.0
2026-09-25,P012,92,0,91.0
2026-09-25,P013,31,0,247.0
2026-09-25,P014,24,0,195.0
2026-09-25,P015,89,0,18.2
2026-09-26,P001,217,1,30.94
2026-09-26,P002,119,0,32.5
2026-09-26,P003,51,0,546.0
2026-09-26,P004,94,1,154.7
2026-09-26,P005,84,0,54.6
2026-09-26,P006,39,0,143.0
2026-09-26,P007,68,0,97.5
2026-09-26,P008,148,0,15.6
2026-09-26,P009,131,0,26.0
2026-09-26,P010,37,0,234.0
2026-09-26,P011,34,0,338.0
2026-09-26,P012,96,0,91.0
2026-09-26,P013,32,0,247.0
2026-09-26,P014,31,0,195.0
2026-09-26,P015,107,0,18.2
2026-09-27,P001,208,1,30.94
2026-09-27,P002,107,0,32.5
2026-09-27,P003,50,0,546.0
2026-09-27,P004,116,1,154.7
2026-09-27,P005,58,0,54.6
2026-09-27,P006,32,0,143.0
2026-09-27,P007,86,0,97.5
2026-09-27,P008,137,0,15.6
2026-09-27,P009,135,0,26.0
2026-09-27,P010,45,0,234.0
2026-09-27,P011,27,0,338.0
2026-09-27,P012,236,1,77.35
2026-09-27,P013,30,0,247.0
2026-09-27,P014,25,0,195.0
2026-09-27,P015,102,0,18.2
2026-09-28,P001,147,1,30.94
2026-09-28,P002,66,0,32.5
2026-09-28,P003,31,0,546.0
2026-09-28,P004,57,0,182.0
2026-09-28,P005,56,0,54.6
2026-09-28,P006,28,0,143.0
2026-09-28,P007,51,0,97.5
2026-09-28,P008,96,0,15.6
2026-09-28,P009,95,0,26.0
2026-09-28,P010,19,0,234.0
2026-09-28,P011,17,0,338.0
2026-09-28,P012,188,1,77.35
2026-09-28,P013,31,0,247.0
2026-09-28,P014,26,0,195.0
2026-09-28,P015,85,0,18.2
2026-09-29,P001,185,1,30.94
2026-09-29,P002,103,0,32.5
2026-09-29,P003,43,0,546.0
2026-09-29,P004,52,0,182.0
2026-09-29,P005,64,0,54.6
2026-09-29,P006,45,0,143.0
2026-09-29,P007,48,0,97.5
2026-09-29,P008,107,0,15.6
2026-09-29,P009,98,0,26.0
2026-09-29,P010,28,0,234.0
2026-09-29,P011,25,0,338.0
2026-09-29,P012,107,1,77.35
2026-09-29,P013,24,0,247.0
2026-09-29,P014,37,0,195.0
2026-09-29,P015,86,0,18.2
2026-09-30,P001,133,0,36.4
2026-09-30,P002,97,0,32.5
2026-09-30,P003,38,0,546.0
2026-09-30,P004,61,0,182.0
2026-09-30,P005,60,0,54.6
2026-09-30,P006,30,0,143.0
2026-09-30,P007,49,0,97.5
2026-09-30,P008,111,0,15.6
2026-09-30,P009,91,0,26.0
2026-09-30,P010,26,0,234.0
2026-09-30,P011,16,0,338.0
2026-09-30,P012,114,1,77.35
2026-09-30,P013,30,0,247.0
2026-09-30,P014,17,0,195.0
2026-09-30,P015,61,0,18.2
2026-10-01,P001,120,0,36.4
2026-10-01,P002,90,0,32.5
2026-10-01,P003,64,0,546.0
2026-10-01,P004,58,0,182.0
2026-10-01,P005,59,0,54.6
2026-10-01,P006,37,0,143.0
2026-10-01,P007,68,0,97.5
2026-10-01,P008,107,0,15.6
2026-10-01,P009,125,0,26.0
2026-10-01,P010,41,0,234.0
2026-10-01,P011,21,0,338.0
2026-10-01,P012,120,1,77.35
2026-10-01,P013,22,0,247.0
2026-10-01,P014,21,0,195.0
2026-10-01,P015,87,0,18.2
2026-10-02,P001,141,0,36.4
2026-10-02,P002,116,0,32.5
2026-10-02,P003,94,0,546.0
2026-10-02,P004,74,0,182.0
2026-10-02,P005,69,0,54.6
2026-10-02,P006,37,0,143.0
2026-10-02,P007,65,0,97.5
2026-10-02,P008,132,0,15.6
2026-10-02,P009,107,0,26.0
2026-10-02,P010,39,0,234.0
2026-10-02,P011,14,0,338.0
2026-10-02,P012,104,0,91.0
2026-10-02,P013,36,0,247.0
2026-10-02,P014,24,0,195.0
2026-10-02,P015,90,0,18.2
2026-10-03,P001,173,0,36.4
2026-10-03,P002,124,0,32.5
2026-10-03,P003,64,0,546.0
2026-10-03,P004,83,0,182.0
2026-10-03,P005,74,0,54.6
2026-10-03,P006,38,0,143.0
2026-10-03,P007,61,0,97.5
2026-10-03,P008,161,0,15.6
2026-10-03,P009,120,0,26.0
2026-10-03,P010,43,0,234.0
2026-10-03,P011,30,0,338.0
2026-10-03,P012,111,0,91.0
2026-10-03,P013,38,0,247.0
2026-10-03,P014,33,0,195.0
2026-10-03,P015,124,0,18.2
2026-10-04,P001,162,0,36.4
2026-10-04,P002,124,0,32.5
2026-10-04,P003,44,0,546.0
2026-10-04,P004,75,0,182.0
2026-10-04,P005,79,0,54.6
2026-10-04,P006,48,0,143.0
2026-10-04,P007,68,0,97.5
2026-10-04,P008,150,0,15.6
2026-10-04,P009,116,0,26.0
2026-10-04,P010,33,0,234.0
2026-10-04,P011,16,0,338.0
2026-10-04,P012,112,0,91.0
2026-10-04,P013,38,0,247.0
2026-10-04,P014,32,0,195.0
2026-10-04,P015,130,0,18.2
2026-10-05,P001,120,0,36.4
2026-10-05,P002,94,0,32.5
2026-10-05,P003,34,0,546.0
2026-10-05,P004,52,0,182.0
2026-10-05,P005,55,0,54.6
2026-10-05,P006,34,0,143.0
2026-10-05,P007,39,0,97.5
2026-10-05,P008,108,0,15.6
2026-10-05,P009,103,0,26.0
2026-10-05,P010,33,0,234.0
2026-10-05,P011,22,0,338.0
2026-10-05,P012,85,0,91.0
2026-10-05,P013,15,0,247.0
2026-10-05,P014,26,0,195.0
2026-10-05,P015,97,0,18.2
2026-10-06,P001,116,0,36.4
2026-10-06,P002,89,0,32.5
2026-10-06,P003,40,0,546.0
2026-10-06,P004,50,0,182.0
2026-10-06,P005,47,0,54.6
2026-10-06,P006,34,0,143.0
2026-10-06,P007,45,0,97.5
2026-10-06,P008,93,0,15.6
2026-10-06,P009,92,0,26.0
2026-10-06,P010,23,0,234.0
2026-10-06,P011,25,0,338.0
2026-10-06,P012,80,0,91.0
2026-10-06,P013,25,0,247.0
2026-10-06,P014,33,0,195.0
2026-10-06,P015,82,0,18.2
